record_id,parcel_id_raw,parcel_id_clean,parcel_id_type,flag_category,flag_reason,current_holder,prior_party,location,area,commission_recommendation,source_volume,source_page,flag_source_csv,notes,key_scope,parcel_display,needs_manual_review
annex_45_school_0001,Nairobi,,unknown,school_land_grabbed,Public school land grabbed: Nairobi,Gospel Revival Centre,,Nairobi Province,1.00,Revoke,1,647,annex_45_ministry_of_education_science_technology.csv,,none,School land: Nairobi — held by Gospel Revival Centre,1
annex_45_school_0002,Nairobi,,unknown,school_land_grabbed,Public school land grabbed: Nairobi,K.Cc Shanty Village,,Nairobi Province,4.00,Revoke,1,647,annex_45_ministry_of_education_science_technology.csv,,none,School land: Nairobi — held by K.Cc Shanty Village,1
annex_45_school_0003,Nairobi,,unknown,school_land_grabbed,Public school land grabbed: Nairobi,Kenya Power &Luighting Retiree Project,,Nairobi Province,2.00,Revoke,1,647,annex_45_ministry_of_education_science_technology.csv,,none,School land: Nairobi — held by Kenya Power &Luighting Retiree Project,1
annex_45_school_0004,Muslim Girls' Pry,,unknown,school_land_grabbed,Public school land grabbed: Muslim Girls' Pry,Joseph Muigai,,Nairobi Province,,Revoke,1,647,annex_45_ministry_of_education_science_technology.csv,,none,School land: Muslim Girls' Pry — held by Joseph Muigai,0
annex_45_school_0005,Nairobi,,unknown,school_land_grabbed,Public school land grabbed: Nairobi,International Bible Students Association,,Nairobi Province,7.83,Revoke,1,647,annex_45_ministry_of_education_science_technology.csv,,none,School land: Nairobi — held by International Bible Students Association,1
annex_45_school_0006,Kiambu,,unknown,school_land_grabbed,Public school land grabbed: Kiambu,Jeniffer Ng'endo W A Weru,,Central Province,3.0,Revoke,1,647,annex_45_ministry_of_education_science_technology.csv,,none,School land: Kiambu — held by Jeniffer Ng'endo W A Weru,1
annex_45_school_0007,Kiambu,,unknown,school_land_grabbed,Public school land grabbed: Kiambu,Krishna Dev Handa,,Central Province,4.00,Revoke,1,647,annex_45_ministry_of_education_science_technology.csv,,none,School land: Kiambu — held by Krishna Dev Handa,1
annex_45_school_0008,Kirinyaga,,unknown,school_land_grabbed,Public school land grabbed: Kirinyaga,Fabiano Kunguru,,Central Province,1.00,Revoke,1,648,annex_45_ministry_of_education_science_technology.csv,,none,School land: Kirinyaga — held by Fabiano Kunguru,1
annex_45_school_0009,Kirinyaga,,unknown,school_land_grabbed,Public school land grabbed: Kirinyaga,Mbutiti Kabiru,,Central Province,,Revoke,1,648,annex_45_ministry_of_education_science_technology.csv,,none,School land: Kirinyaga — held by Mbutiti Kabiru,1
annex_45_school_0010,Kirinyaga,,unknown,school_land_grabbed,Public school land grabbed: Kirinyaga,NIB,,Central Province,16.00,Revoke,1,648,annex_45_ministry_of_education_science_technology.csv,,none,School land: Kirinyaga — held by NIB,1
annex_45_school_0011,Kirinyaga,,unknown,school_land_grabbed,Public school land grabbed: Kirinyaga,Ndorome Pry,,Central Province,18.00,Revoke,1,648,annex_45_ministry_of_education_science_technology.csv,,none,School land: Kirinyaga — held by Ndorome Pry,1
annex_45_school_0012,Kirinyaga,,unknown,school_land_grabbed,Public school land grabbed: Kirinyaga,Individual Muriithi Njenge,,Central Province,13.00,Revoke,1,648,annex_45_ministry_of_education_science_technology.csv,,none,School land: Kirinyaga — held by Individual Muriithi Njenge,1
annex_45_school_0013,Kirinyaga,,unknown,school_land_grabbed,Public school land grabbed: Kirinyaga,Getuya Pry,,Central Province,,Revoke,1,648,annex_45_ministry_of_education_science_technology.csv,,none,School land: Kirinyaga — held by Getuya Pry,1
annex_45_school_0014,Maragua,,unknown,school_land_grabbed,Public school land grabbed: Maragua,Aipca,,Central Province,12.00,Revoke,1,648,annex_45_ministry_of_education_science_technology.csv,,none,School land: Maragua — held by Aipca,1
annex_45_school_0015,Maragua,,unknown,school_land_grabbed,Public school land grabbed: Maragua,Aipca Kariko Church,,Central Province,,Revoke,1,648,annex_45_ministry_of_education_science_technology.csv,,none,School land: Maragua — held by Aipca Kariko Church,1
annex_45_school_0016,Maragua,,unknown,school_land_grabbed,Public school land grabbed: Maragua,John Kinuthia,,Central Province,5.00,Revoke,1,648,annex_45_ministry_of_education_science_technology.csv,,none,School land: Maragua — held by John Kinuthia,1
annex_45_school_0017,Maragua,,unknown,school_land_grabbed,Public school land grabbed: Maragua,Gikigie Pry,,Central Province,,Revoke,1,648,annex_45_ministry_of_education_science_technology.csv,,none,School land: Maragua — held by Gikigie Pry,1
annex_45_school_0018,Maragua,,unknown,school_land_grabbed,Public school land grabbed: Maragua,Kigumo Pry,,Central Province,,Revoke,1,648,annex_45_ministry_of_education_science_technology.csv,,none,School land: Maragua — held by Kigumo Pry,1
annex_45_school_0019,Maragua,,unknown,school_land_grabbed,Public school land grabbed: Maragua,Kariuki Njunguna,,Central Province,7.00,Revoke,1,649,annex_45_ministry_of_education_science_technology.csv,,none,School land: Maragua — held by Kariuki Njunguna,1
annex_45_school_0020,Maragua,,unknown,school_land_grabbed,Public school land grabbed: Maragua,Gichuhi Macharia,,Central Province,7.00,Revoke,1,649,annex_45_ministry_of_education_science_technology.csv,,none,School land: Maragua — held by Gichuhi Macharia,1
annex_45_school_0021,Nyandarua,,unknown,school_land_grabbed,Public school land grabbed: Nyandarua,Joseph Gakuu & Johana Karanja,,Central Province,4.00,Revoke,1,649,annex_45_ministry_of_education_science_technology.csv,,none,School land: Nyandarua — held by Joseph Gakuu & Johana Karanja,1
annex_45_school_0022,Nyandarua,,unknown,school_land_grabbed,Public school land grabbed: Nyandarua,Julius Kariuki Mwaniki,,Central Province,16.00,Revoke,1,649,annex_45_ministry_of_education_science_technology.csv,,none,School land: Nyandarua — held by Julius Kariuki Mwaniki,1
annex_45_school_0023,Nyandarua,,unknown,school_land_grabbed,Public school land grabbed: Nyandarua,J.W. Rukungu,,Central Province,,Revoke,1,649,annex_45_ministry_of_education_science_technology.csv,,none,School land: Nyandarua — held by J.W. Rukungu,1
annex_45_school_0024,Nyandarua,,unknown,school_land_grabbed,Public school land grabbed: Nyandarua,Chege Macharia Plot No. 174,,Central Province,,Revoke,1,649,annex_45_ministry_of_education_science_technology.csv,,none,School land: Nyandarua — held by Chege Macharia Plot No. 174,1
annex_45_school_0025,Nyandarua,,unknown,school_land_grabbed,Public school land grabbed: Nyandarua,Neighbours,,Central Province,,Revoke,1,649,annex_45_ministry_of_education_science_technology.csv,,none,School land: Nyandarua — held by Neighbours,1
annex_45_school_0026,Nyandarua,,unknown,school_land_grabbed,Public school land grabbed: Nyandarua,Peter Mwangi Wamburi,,Central Province,11.00,Revoke,1,649,annex_45_ministry_of_education_science_technology.csv,,none,School land: Nyandarua — held by Peter Mwangi Wamburi,1
annex_45_school_0027,Nyandarua,,unknown,school_land_grabbed,Public school land grabbed: Nyandarua,Former Councillor,,Central Province,3.00,Revoke,1,649,annex_45_ministry_of_education_science_technology.csv,,none,School land: Nyandarua — held by Former Councillor,1
annex_45_school_0028,Nyandarua,,unknown,school_land_grabbed,Public school land grabbed: Nyandarua,John Macharia Mw Angi,,Central Province,11.00,Revoke,1,649,annex_45_ministry_of_education_science_technology.csv,,none,School land: Nyandarua — held by John Macharia Mw Angi,1
annex_45_school_0029,Nyandarua,,unknown,school_land_grabbed,Public school land grabbed: Nyandarua,Francis Muthee Kiige,,Central Province,1.00,Revoke,1,650,annex_45_ministry_of_education_science_technology.csv,,none,School land: Nyandarua — held by Francis Muthee Kiige,1
annex_45_school_0030,Nyandarua,,unknown,school_land_grabbed,Public school land grabbed: Nyandarua,Neighbours,,Central Province,,Revoke,1,650,annex_45_ministry_of_education_science_technology.csv,,none,School land: Nyandarua — held by Neighbours,1
annex_45_school_0031,Nyandarua,,unknown,school_land_grabbed,Public school land grabbed: Nyandarua,Church Commission for Kenya,,Central Province,5.00,Revoke,1,650,annex_45_ministry_of_education_science_technology.csv,,none,School land: Nyandarua — held by Church Commission for Kenya,1
annex_45_school_0032,Nyandarua,,unknown,school_land_grabbed,Public school land grabbed: Nyandarua,Ol Kalou Central Farmers Co-Or Society,,Central Province,2.00,Revoke,1,650,annex_45_ministry_of_education_science_technology.csv,,none,School land: Nyandarua — held by Ol Kalou Central Farmers Co-Or Society,1
annex_45_school_0033,Nyandarua,,unknown,school_land_grabbed,Public school land grabbed: Nyandarua,Wambui Kihuro,,Central Province,3.00,Revoke,1,650,annex_45_ministry_of_education_science_technology.csv,,none,School land: Nyandarua — held by Wambui Kihuro,1
annex_45_school_0034,Nyandarua,,unknown,school_land_grabbed,Public school land grabbed: Nyandarua,Matura Group & Mwichingi Muniu,,Central Province,3.00,Revoke,1,650,annex_45_ministry_of_education_science_technology.csv,,none,School land: Nyandarua — held by Matura Group & Mwichingi Muniu,1
annex_45_school_0035,Nyandarua,,unknown,school_land_grabbed,Public school land grabbed: Nyandarua,Amani Pry,,Central Province,,Revoke,1,650,annex_45_ministry_of_education_science_technology.csv,,none,School land: Nyandarua — held by Amani Pry,1
annex_45_school_0036,Nyandarua,,unknown,school_land_grabbed,Public school land grabbed: Nyandarua,"Donors Kimani,Thegethi,Wanyiri",,Central Province,3.00,Revoke,1,650,annex_45_ministry_of_education_science_technology.csv,,none,"School land: Nyandarua — held by Donors Kimani,Thegethi,Wanyiri",1
annex_45_school_0037,Nyandarua,,unknown,school_land_grabbed,Public school land grabbed: Nyandarua,Joram Gaikia Thumbi,,Central Province,4.00,Revoke,1,650,annex_45_ministry_of_education_science_technology.csv,,none,School land: Nyandarua — held by Joram Gaikia Thumbi,1
annex_45_school_0038,Nyandarua,,unknown,school_land_grabbed,Public school land grabbed: Nyandarua,Joseph Gakuu & Johana Karanja,,Central Province,4.00,Revoke,1,651,annex_45_ministry_of_education_science_technology.csv,,none,School land: Nyandarua — held by Joseph Gakuu & Johana Karanja,1
annex_45_school_0039,Nyandarua,,unknown,school_land_grabbed,Public school land grabbed: Nyandarua,Julius Kariuki Mw Aniki,,Central Province,16.00,Revoke,1,651,annex_45_ministry_of_education_science_technology.csv,,none,School land: Nyandarua — held by Julius Kariuki Mw Aniki,1
annex_45_school_0040,Nyandarua,,unknown,school_land_grabbed,Public school land grabbed: Nyandarua,J.W Rukungu,,Central Province,3.00,Revoke,1,651,annex_45_ministry_of_education_science_technology.csv,,none,School land: Nyandarua — held by J.W Rukungu,1
annex_45_school_0041,Nyandarua,,unknown,school_land_grabbed,Public school land grabbed: Nyandarua,"Chege Macharia Plot No, 174",,Central Province,1.00,Revoke,1,651,annex_45_ministry_of_education_science_technology.csv,,none,"School land: Nyandarua — held by Chege Macharia Plot No, 174",1
annex_45_school_0042,Nyandarua,,unknown,school_land_grabbed,Public school land grabbed: Nyandarua,Neighbours,,Central Province,,Revoke,1,651,annex_45_ministry_of_education_science_technology.csv,,none,School land: Nyandarua — held by Neighbours,1
annex_45_school_0043,Nyandarua,,unknown,school_land_grabbed,Public school land grabbed: Nyandarua,Peter Mwangi Wamburi,,Central Province,,Revoke,1,651,annex_45_ministry_of_education_science_technology.csv,,none,School land: Nyandarua — held by Peter Mwangi Wamburi,1
annex_45_school_0044,Nyandarua,,unknown,school_land_grabbed,Public school land grabbed: Nyandarua,Former Councillor,,Central Province,3.00,Revoke,1,651,annex_45_ministry_of_education_science_technology.csv,,none,School land: Nyandarua — held by Former Councillor,1
annex_45_school_0045,Nyandarua,,unknown,school_land_grabbed,Public school land grabbed: Nyandarua,John Macharia Mwangi,,Central Province,11.00,Revoke,1,651,annex_45_ministry_of_education_science_technology.csv,,none,School land: Nyandarua — held by John Macharia Mwangi,1
annex_45_school_0046,Nyandarua,,unknown,school_land_grabbed,Public school land grabbed: Nyandarua,Francis Muthee Kiige,,Central Province,1.00,Revoke,1,651,annex_45_ministry_of_education_science_technology.csv,,none,School land: Nyandarua — held by Francis Muthee Kiige,1
annex_45_school_0047,Nyandarua,,unknown,school_land_grabbed,Public school land grabbed: Nyandarua,Neighbours,,Central Province,,Revoke,1,651,annex_45_ministry_of_education_science_technology.csv,,none,School land: Nyandarua — held by Neighbours,1
annex_45_school_0048,Nyandarua,,unknown,school_land_grabbed,Public school land grabbed: Nyandarua,Church Commission For Kenya A,,Central Province,5.0,Revoke,1,652,annex_45_ministry_of_education_science_technology.csv,,none,School land: Nyandarua — held by Church Commission For Kenya A,1
annex_45_school_0049,Nyandarua,,unknown,school_land_grabbed,Public school land grabbed: Nyandarua,Ol Kalou Central Farmers Co-Op Society,,Central Province,2.00,Revoke,1,652,annex_45_ministry_of_education_science_technology.csv,,none,School land: Nyandarua — held by Ol Kalou Central Farmers Co-Op Society,1
annex_45_school_0050,Nyandarua,,unknown,school_land_grabbed,Public school land grabbed: Nyandarua,Wambui Kihuro,,Central Province,3.00,Revoke,1,652,annex_45_ministry_of_education_science_technology.csv,,none,School land: Nyandarua — held by Wambui Kihuro,1
annex_45_school_0051,Nyandarua,,unknown,school_land_grabbed,Public school land grabbed: Nyandarua,Matura Group & Mwichingi Muniu,,Central Province,3.00,Revoke,1,652,annex_45_ministry_of_education_science_technology.csv,,none,School land: Nyandarua — held by Matura Group & Mwichingi Muniu,1
annex_45_school_0052,Nyandarua,,unknown,school_land_grabbed,Public school land grabbed: Nyandarua,Plot 84 South Kinangop,,Central Province,,Revoke,1,652,annex_45_ministry_of_education_science_technology.csv,,none,School land: Nyandarua — held by Plot 84 South Kinangop,1
annex_45_school_0053,Nyandarua,,unknown,school_land_grabbed,Public school land grabbed: Nyandarua,Joran Gaikia Thumbi,,Central Province,4.00,Revoke,1,652,annex_45_ministry_of_education_science_technology.csv,,none,School land: Nyandarua — held by Joran Gaikia Thumbi,1
annex_45_school_0054,Nyeri,,unknown,school_land_grabbed,Public school land grabbed: Nyeri,Waraza Cooperative Society,,Central Province,3.00,Revoke,1,652,annex_45_ministry_of_education_science_technology.csv,,none,School land: Nyeri — held by Waraza Cooperative Society,1
annex_45_school_0055,Nyeri,,unknown,school_land_grabbed,Public school land grabbed: Nyeri,John Kigira and Gichuli Kibiragei,,Central Province,,Revoke,1,652,annex_45_ministry_of_education_science_technology.csv,,none,School land: Nyeri — held by John Kigira and Gichuli Kibiragei,1
annex_45_school_0056,Nyeri,,unknown,school_land_grabbed,Public school land grabbed: Nyeri,Bisho Gatimu Centre,,Central Province,1.00,Revoke,1,652,annex_45_ministry_of_education_science_technology.csv,,none,School land: Nyeri — held by Bisho Gatimu Centre,1
annex_45_school_0057,Nyeri,,unknown,school_land_grabbed,Public school land grabbed: Nyeri,J.Githinji/Kaburu Gathombo,,Central Province,,Revoke,1,653,annex_45_ministry_of_education_science_technology.csv,,none,School land: Nyeri — held by J.Githinji/Kaburu Gathombo,1
annex_45_school_0058,Nyeri,,unknown,school_land_grabbed,Public school land grabbed: Nyeri,Alp.Ca,,Central Province,1.00,Revoke,1,653,annex_45_ministry_of_education_science_technology.csv,,none,School land: Nyeri — held by Alp.Ca,1
annex_45_school_0059,Nyeri,,unknown,school_land_grabbed,Public school land grabbed: Nyeri,Mwanamwini & Juma Hamad,,Central Province,,Revoke,1,653,annex_45_ministry_of_education_science_technology.csv,,none,School land: Nyeri — held by Mwanamwini & Juma Hamad,1
annex_45_school_0060,School Neighbours,,unknown,school_land_grabbed,Public school land grabbed: School Neighbours,School Neighbours,,Central Province,,Revoke,1,653,annex_45_ministry_of_education_science_technology.csv,,none,School land: School Neighbours — held by School Neighbours,0
annex_45_school_0061,Thika,,unknown,school_land_grabbed,Public school land grabbed: Thika,Fahmi All Swedan,,Central Province,2.00,Revoke,1,653,annex_45_ministry_of_education_science_technology.csv,,none,School land: Thika — held by Fahmi All Swedan,1
annex_45_school_0062,Thika,,unknown,school_land_grabbed,Public school land grabbed: Thika,Betty Kern & Pemba Channel,,Central Province,4.00,Revoke,1,653,annex_45_ministry_of_education_science_technology.csv,,none,School land: Thika — held by Betty Kern & Pemba Channel,1
annex_45_school_0063,Kilifi,,unknown,school_land_grabbed,Public school land grabbed: Kilifi,Crustacea Processors Ltd,,Coast Province,12.00,Revoke,1,653,annex_45_ministry_of_education_science_technology.csv,,none,School land: Kilifi — held by Crustacea Processors Ltd,1
annex_45_school_0064,Kwale,,unknown,school_land_grabbed,Public school land grabbed: Kwale,Krystalline Salt Works ltd,,Coast Province,1.00,Revoke,1,653,annex_45_ministry_of_education_science_technology.csv,,none,School land: Kwale — held by Krystalline Salt Works ltd,1
annex_45_school_0065,Lamu,,unknown,school_land_grabbed,Public school land grabbed: Lamu,Mulwa Anuari,,Coast Province,,Revoke,1,653,annex_45_ministry_of_education_science_technology.csv,,none,School land: Lamu — held by Mulwa Anuari,1
annex_45_school_0066,Malindi,,unknown,school_land_grabbed,Public school land grabbed: Malindi,Chakama Branch,,Coast Province,,Revoke,1,654,annex_45_ministry_of_education_science_technology.csv,,none,School land: Malindi — held by Chakama Branch,1
annex_45_school_0067,Malindi,,unknown,school_land_grabbed,Public school land grabbed: Malindi,Kadhunoni Pry,,Coast Province,,Revoke,1,654,annex_45_ministry_of_education_science_technology.csv,,none,School land: Malindi — held by Kadhunoni Pry,1
annex_45_school_0068,Malindi,,unknown,school_land_grabbed,Public school land grabbed: Malindi,Shree Swaminara yan,,Coast Province,10.00,Revoke,1,654,annex_45_ministry_of_education_science_technology.csv,,none,School land: Malindi — held by Shree Swaminara yan,1
annex_45_school_0069,Malindi,,unknown,school_land_grabbed,Public school land grabbed: Malindi,Turf Developers Ltd,,Coast Province,5.00,Revoke,1,654,annex_45_ministry_of_education_science_technology.csv,,none,School land: Malindi — held by Turf Developers Ltd,1
annex_45_school_0070,Malindi,,unknown,school_land_grabbed,Public school land grabbed: Malindi,Total K Ltd/Zubedi/Others,,Coast Province,,Revoke,1,654,annex_45_ministry_of_education_science_technology.csv,,none,School land: Malindi — held by Total K Ltd/Zubedi/Others,1
annex_45_school_0071,Malindi,,unknown,school_land_grabbed,Public school land grabbed: Malindi,Krystalline salt works ltd,,Coast Province,10.00,Revoke,1,654,annex_45_ministry_of_education_science_technology.csv,,none,School land: Malindi — held by Krystalline salt works ltd,1
annex_45_school_0072,Malindi,,unknown,school_land_grabbed,Public school land grabbed: Malindi,Mulwa Anuari,,Coast Province,5.00,Revoke,1,654,annex_45_ministry_of_education_science_technology.csv,,none,School land: Malindi — held by Mulwa Anuari,1
annex_45_school_0073,Malindi,,unknown,school_land_grabbed,Public school land grabbed: Malindi,Chakama Branch,,Coast Province,,Revoke,1,654,annex_45_ministry_of_education_science_technology.csv,,none,School land: Malindi — held by Chakama Branch,1
annex_45_school_0074,Mombasa,,unknown,school_land_grabbed,Public school land grabbed: Mombasa,Mosque,,Coast Province,8.00,Revoke,1,654,annex_45_ministry_of_education_science_technology.csv,,none,School land: Mombasa — held by Mosque,1
annex_45_school_0075,Mombasa,,unknown,school_land_grabbed,Public school land grabbed: Mombasa,Full Gospel Churches Of Kenya,,Coast Province,,Revoke,1,654,annex_45_ministry_of_education_science_technology.csv,,none,School land: Mombasa — held by Full Gospel Churches Of Kenya,1
annex_45_school_0076,Mombasa,,unknown,school_land_grabbed,Public school land grabbed: Mombasa,Joseph Mashombo,,Coast Province,3.00,Revoke,1,655,annex_45_ministry_of_education_science_technology.csv,,none,School land: Mombasa — held by Joseph Mashombo,1
annex_45_school_0077,Mombasa,,unknown,school_land_grabbed,Public school land grabbed: Mombasa,Amritlal K.Shah,,Coast Province,5.00,Revoke,1,655,annex_45_ministry_of_education_science_technology.csv,,none,School land: Mombasa — held by Amritlal K.Shah,1
annex_45_school_0078,Mombasa,,unknown,school_land_grabbed,Public school land grabbed: Mombasa,Elizabeth And Antony Ikamba,,Coast Province,,Revoke,1,655,annex_45_ministry_of_education_science_technology.csv,,none,School land: Mombasa — held by Elizabeth And Antony Ikamba,1
annex_45_school_0079,Mdundonyi Prl Sch,,unknown,school_land_grabbed,Public school land grabbed: Mdundonyi Prl Sch,Mdundonyi Prl Sch,,Coast Province,1.00,Revoke,1,655,annex_45_ministry_of_education_science_technology.csv,,none,School land: Mdundonyi Prl Sch — held by Mdundonyi Prl Sch,0
annex_45_school_0080,Embu,,unknown,school_land_grabbed,Public school land grabbed: Embu,"Misheck Njiru,Nothern Zone,Plot",,Eastern Province,1.00,Revoke,1,655,annex_45_ministry_of_education_science_technology.csv,,none,"School land: Embu — held by Misheck Njiru,Nothern Zone,Plot",1
annex_45_school_0081,Dr.Kimanl(School Neighbour),,unknown,school_land_grabbed,Public school land grabbed: Dr.Kimanl(School Neighbour),Dr.Kimanl(School Neighbour),,Eastern Province,,Revoke,1,655,annex_45_ministry_of_education_science_technology.csv,,none,School land: Dr.Kimanl(School Neighbour) — held by Dr.Kimanl(School Neighbour),0
annex_45_school_0082,Embu,,unknown,school_land_grabbed,Public school land grabbed: Embu,Jash Gakuru,,Eastern Province,1.00,Revoke,1,655,annex_45_ministry_of_education_science_technology.csv,,none,School land: Embu — held by Jash Gakuru,1
annex_45_school_0083,Embu,,unknown,school_land_grabbed,Public school land grabbed: Embu,"Nos Of Those Plots,T199 Ebson",,Eastern Province,,Revoke,1,655,annex_45_ministry_of_education_science_technology.csv,,none,"School land: Embu — held by Nos Of Those Plots,T199 Ebson",1
annex_45_school_0084,Kitui,,unknown,school_land_grabbed,Public school land grabbed: Kitui,Nzomo Niwatha,,Eastern Province,7.00,Revoke,1,655,annex_45_ministry_of_education_science_technology.csv,,none,School land: Kitui — held by Nzomo Niwatha,1
annex_45_school_0085,Kitui,,unknown,school_land_grabbed,Public school land grabbed: Kitui,Felix Kithokoo Kivovu,,Eastern Province,1.00,Revoke,1,656,annex_45_ministry_of_education_science_technology.csv,,none,School land: Kitui — held by Felix Kithokoo Kivovu,1
annex_45_school_0086,Machakos,,unknown,school_land_grabbed,Public school land grabbed: Machakos,Mutua Wasunl,,Eastern Province,,Revoke,1,656,annex_45_ministry_of_education_science_technology.csv,,none,School land: Machakos — held by Mutua Wasunl,1
annex_45_school_0087,Machakos,,unknown,school_land_grabbed,Public school land grabbed: Machakos,Aic Church,,Eastern Province,1,Revoke,1,656,annex_45_ministry_of_education_science_technology.csv,,none,School land: Machakos — held by Aic Church,1
annex_45_school_0088,Machakos,,unknown,school_land_grabbed,Public school land grabbed: Machakos,James Munyao,,Eastern Province,,Revoke,1,656,annex_45_ministry_of_education_science_technology.csv,,none,School land: Machakos — held by James Munyao,1
annex_45_school_0089,Mbeere,,unknown,school_land_grabbed,Public school land grabbed: Mbeere,Stephen Karing'o,,Eastern Province,4.00,Revoke,1,656,annex_45_ministry_of_education_science_technology.csv,,none,School land: Mbeere — held by Stephen Karing'o,1
annex_45_school_0090,Mbeere,,unknown,school_land_grabbed,Public school land grabbed: Mbeere,Embu County Council,,Eastern Province,17.00,Revoke,1,656,annex_45_ministry_of_education_science_technology.csv,,none,School land: Mbeere — held by Embu County Council,1
annex_45_school_0091,Mbeere,,unknown,school_land_grabbed,Public school land grabbed: Mbeere,"Agnes Wegando Muthike,Richard Mugo",,Eastern Province,4.00,Revoke,1,656,annex_45_ministry_of_education_science_technology.csv,,none,"School land: Mbeere — held by Agnes Wegando Muthike,Richard Mugo",1
annex_45_school_0092,Meru Central,,unknown,school_land_grabbed,Public school land grabbed: Meru Central,Nahaman M'mwarania,,Eastern Province,1.00,Revoke,1,656,annex_45_ministry_of_education_science_technology.csv,,none,School land: Meru Central — held by Nahaman M'mwarania,1
annex_45_school_0093,Meru Central,,unknown,school_land_grabbed,Public school land grabbed: Meru Central,"Gerald Kirimi,Julius Kinoti",,Eastern Province,1.00,Revoke,1,656,annex_45_ministry_of_education_science_technology.csv,,none,"School land: Meru Central — held by Gerald Kirimi,Julius Kinoti",1
annex_45_school_0094,Meru Central,,unknown,school_land_grabbed,Public school land grabbed: Meru Central,Joshua Kinyua Kirimania,,Eastern Province,5.00,Revoke,1,656,annex_45_ministry_of_education_science_technology.csv,,none,School land: Meru Central — held by Joshua Kinyua Kirimania,1
annex_45_school_0095,Meru Central,,unknown,school_land_grabbed,Public school land grabbed: Meru Central,Francis Mwongera,,Eastern Province,3.00,Revoke,1,656,annex_45_ministry_of_education_science_technology.csv,,none,School land: Meru Central — held by Francis Mwongera,1
annex_45_school_0096,Meru Central,,unknown,school_land_grabbed,Public school land grabbed: Meru Central,Karanl Njue,,Eastern Province,6.00,Revoke,1,657,annex_45_ministry_of_education_science_technology.csv,,none,School land: Meru Central — held by Karanl Njue,1
annex_45_school_0097,Meru Central,,unknown,school_land_grabbed,Public school land grabbed: Meru Central,Alp C Church,,Eastern Province,2.00,Revoke,1,657,annex_45_ministry_of_education_science_technology.csv,,none,School land: Meru Central — held by Alp C Church,1
annex_45_school_0098,Meru Central,,unknown,school_land_grabbed,Public school land grabbed: Meru Central,"Meru County Council, M'limungi",,Eastern Province,18.00,Revoke,1,657,annex_45_ministry_of_education_science_technology.csv,,none,"School land: Meru Central — held by Meru County Council, M'limungi",1
annex_45_school_0099,Tharaka,,unknown,school_land_grabbed,Public school land grabbed: Tharaka,"Sons Of Mutori Mwenda, And Meeni Kairiba",,Eastern Province,20.00,Revoke,1,657,annex_45_ministry_of_education_science_technology.csv,,none,"School land: Tharaka — held by Sons Of Mutori Mwenda, And Meeni Kairiba",1
annex_45_school_0100,Homa Bay,,unknown,school_land_grabbed,Public school land grabbed: Homa Bay,Grace Akiny Mary,,Nyanza Province,5.00,Revoke,1,657,annex_45_ministry_of_education_science_technology.csv,,none,School land: Homa Bay — held by Grace Akiny Mary,1
annex_45_school_0101,St Francis Technical Institute,,unknown,school_land_grabbed,Public school land grabbed: St Francis Technical Institute,St Francis Technical Institute,,Nyanza Province,0.00,Revoke,1,657,annex_45_ministry_of_education_science_technology.csv,,none,School land: St Francis Technical Institute — held by St Francis Technical Institute,0
annex_45_school_0102,Homa Bay,,unknown,school_land_grabbed,Public school land grabbed: Homa Bay,F.G.Ck. Church,,Nyanza Province,5.00,Revoke,1,657,annex_45_ministry_of_education_science_technology.csv,,none,School land: Homa Bay — held by F.G.Ck. Church,1
annex_45_school_0103,Kisii,,unknown,school_land_grabbed,Public school land grabbed: Kisii,"David Orina Ndemo No. 1027,Julius",,Nyanza Province,3.00,Revoke,1,657,annex_45_ministry_of_education_science_technology.csv,,none,"School land: Kisii — held by David Orina Ndemo No. 1027,Julius",1
annex_45_school_0104,Kisii,,unknown,school_land_grabbed,Public school land grabbed: Kisii,Onyancha Demo No.1051,,Nyanza Province,15.00,Revoke,1,657,annex_45_ministry_of_education_science_technology.csv,,none,School land: Kisii — held by Onyancha Demo No.1051,1
annex_45_school_0105,Kisii,,unknown,school_land_grabbed,Public school land grabbed: Kisii,"P Askiria Obonyo Obare, Abel",,Nyanza Province,1.00,Revoke,1,658,annex_45_ministry_of_education_science_technology.csv,,none,"School land: Kisii — held by P Askiria Obonyo Obare, Abel",1
annex_45_school_0106,Kisii,,unknown,school_land_grabbed,Public school land grabbed: Kisii,"Nyakundi,Gisemba Abuga,Mokobi Areri",,Nyanza Province,,Revoke,1,658,annex_45_ministry_of_education_science_technology.csv,,none,"School land: Kisii — held by Nyakundi,Gisemba Abuga,Mokobi Areri",1
annex_45_school_0107,Kisii,,unknown,school_land_grabbed,Public school land grabbed: Kisii,Bogeni Nyadege,,Nyanza Province,1.00,Revoke,1,658,annex_45_ministry_of_education_science_technology.csv,,none,School land: Kisii — held by Bogeni Nyadege,1
annex_45_school_0108,Kisii,,unknown,school_land_grabbed,Public school land grabbed: Kisii,Paul Ratemo,,Nyanza Province,1.00,Revoke,1,658,annex_45_ministry_of_education_science_technology.csv,,none,School land: Kisii — held by Paul Ratemo,1
annex_45_school_0109,Kisii,,unknown,school_land_grabbed,Public school land grabbed: Kisii,Nyaachi Ontiri,,Nyanza Province,2.00,Revoke,1,658,annex_45_ministry_of_education_science_technology.csv,,none,School land: Kisii — held by Nyaachi Ontiri,1
annex_45_school_0110,Kisumu,,unknown,school_land_grabbed,Public school land grabbed: Kisumu,Marwinder/Parvinder Sigh Brar,,Nyanza Province,2.00,Revoke,1,658,annex_45_ministry_of_education_science_technology.csv,,none,School land: Kisumu — held by Marwinder/Parvinder Sigh Brar,1
annex_45_school_0111,Kisumu Municipality,,unknown,school_land_grabbed,Public school land grabbed: Kisumu Municipality,Homa Group Ltd,,Nyanza Province,16.00,Revoke,1,658,annex_45_ministry_of_education_science_technology.csv,,none,School land: Kisumu Municipality — held by Homa Group Ltd,1
annex_45_school_0112,Nyamira,,unknown,school_land_grabbed,Public school land grabbed: Nyamira,"Omboto,N Omboto,O Bosongo,M Bosongo",,Nyanza Province,,Revoke,1,658,annex_45_ministry_of_education_science_technology.csv,,none,"School land: Nyamira — held by Omboto,N Omboto,O Bosongo,M Bosongo",1
annex_45_school_0113,Nyamira,,unknown,school_land_grabbed,Public school land grabbed: Nyamira,Pius Obara,,Nyanza Province,2.00,Revoke,1,658,annex_45_ministry_of_education_science_technology.csv,,none,School land: Nyamira — held by Pius Obara,1
annex_45_school_0114,Nyando,,unknown,school_land_grabbed,Public school land grabbed: Nyando,Monica Akinyi,,Nyanza Province,5.00,Revoke,1,659,annex_45_ministry_of_education_science_technology.csv,,none,School land: Nyando — held by Monica Akinyi,1
annex_45_school_0115,Nyando,,unknown,school_land_grabbed,Public school land grabbed: Nyando,Mr Arodi,,Nyanza Province,8.00,Revoke,1,659,annex_45_ministry_of_education_science_technology.csv,,none,School land: Nyando — held by Mr Arodi,1
annex_45_school_0116,Nyando,,unknown,school_land_grabbed,Public school land grabbed: Nyando,"Edward Otieno Oketch,Albert",,Nyanza Province,2.00,Revoke,1,659,annex_45_ministry_of_education_science_technology.csv,,none,"School land: Nyando — held by Edward Otieno Oketch,Albert",1
annex_45_school_0117,Siaya,,unknown,school_land_grabbed,Public school land grabbed: Siaya,Okello Sijenyi,,Nyanza Province,2.00,Revoke,1,659,annex_45_ministry_of_education_science_technology.csv,,none,School land: Siaya — held by Okello Sijenyi,1
annex_45_school_0118,Siaya,,unknown,school_land_grabbed,Public school land grabbed: Siaya,Amon Rading Omollo,,Nyanza Province,1.00,Revoke,1,659,annex_45_ministry_of_education_science_technology.csv,,none,School land: Siaya — held by Amon Rading Omollo,1
annex_45_school_0119,Bureti,,unknown,school_land_grabbed,Public school land grabbed: Bureti,Joseph Kirui,,Rift Valley Province,2.00,Revoke,1,659,annex_45_ministry_of_education_science_technology.csv,,none,School land: Bureti — held by Joseph Kirui,1
annex_45_school_0120,Bureti,,unknown,school_land_grabbed,Public school land grabbed: Bureti,Mr Julius Ngeno,,Rift Valley Province,2.00,Revoke,1,659,annex_45_ministry_of_education_science_technology.csv,,none,School land: Bureti — held by Mr Julius Ngeno,1
annex_45_school_0121,Bureti,,unknown,school_land_grabbed,Public school land grabbed: Bureti,AIC Church Catholic and A Kauria,,Rift Valley Province,1.00,Revoke,1,659,annex_45_ministry_of_education_science_technology.csv,,none,School land: Bureti — held by AIC Church Catholic and A Kauria,1
annex_45_school_0122,Bureti,,unknown,school_land_grabbed,Public school land grabbed: Bureti,Kericho Mwalimu Enterprises,,Rift Valley Province,2.00,Revoke,1,659,annex_45_ministry_of_education_science_technology.csv,,none,School land: Bureti — held by Kericho Mwalimu Enterprises,1
annex_45_school_0123,Eldoret Municipality,,unknown,school_land_grabbed,Public school land grabbed: Eldoret Municipality,Rodah Biwott,,Rift Valley Province,4.00,Revoke,1,659,annex_45_ministry_of_education_science_technology.csv,,none,School land: Eldoret Municipality — held by Rodah Biwott,1
annex_45_school_0124,Kajiado,,unknown,school_land_grabbed,Public school land grabbed: Kajiado,Masai Rural Training Centre,,Rift Valley Province,8.00,Revoke,1,660,annex_45_ministry_of_education_science_technology.csv,,none,School land: Kajiado — held by Masai Rural Training Centre,1
annex_45_school_0125,Kajiado,,unknown,school_land_grabbed,Public school land grabbed: Kajiado,Daniel Muimo,,Rift Valley Province,18.00,Revoke,1,660,annex_45_ministry_of_education_science_technology.csv,,none,School land: Kajiado — held by Daniel Muimo,1
annex_45_school_0126,Kajiado,,unknown,school_land_grabbed,Public school land grabbed: Kajiado,Santo Godia,,Rift Valley Province,3.00,Revoke,1,660,annex_45_ministry_of_education_science_technology.csv,,none,School land: Kajiado — held by Santo Godia,1
annex_45_school_0127,Kajiado,,unknown,school_land_grabbed,Public school land grabbed: Kajiado,Telcom & Individuals,,Rift Valley Province,8.00,Revoke,1,660,annex_45_ministry_of_education_science_technology.csv,,none,School land: Kajiado — held by Telcom & Individuals,1
annex_45_school_0128,Kajiado,,unknown,school_land_grabbed,Public school land grabbed: Kajiado,PCEA Foundation Company Ltd,,Rift Valley Province,9.00,Revoke,1,660,annex_45_ministry_of_education_science_technology.csv,,none,School land: Kajiado — held by PCEA Foundation Company Ltd,1
annex_45_school_0129,Keiyo,,unknown,school_land_grabbed,Public school land grabbed: Keiyo,"Karp Kurgat,C Mutwol,K Morogo,J Kibor",,Rift Valley Province,6.00,Revoke,1,660,annex_45_ministry_of_education_science_technology.csv,,none,"School land: Keiyo — held by Karp Kurgat,C Mutwol,K Morogo,J Kibor",1
annex_45_school_0130,Keiyo,,unknown,school_land_grabbed,Public school land grabbed: Keiyo,"David Kipleting Chemei,Chepkiyeng",,Rift Valley Province,10.00,Revoke,1,660,annex_45_ministry_of_education_science_technology.csv,,none,"School land: Keiyo — held by David Kipleting Chemei,Chepkiyeng",1
annex_45_school_0131,Keiyo,,unknown,school_land_grabbed,Public school land grabbed: Keiyo,Mr Stanley Kiplagat Chebia Tor,,Rift Valley Province,71.00,Revoke,1,660,annex_45_ministry_of_education_science_technology.csv,,none,School land: Keiyo — held by Mr Stanley Kiplagat Chebia Tor,1
annex_45_school_0132,Keiyo,,unknown,school_land_grabbed,Public school land grabbed: Keiyo,"K Kibiwot,C Kimagelo,B Cherutich,M",,Rift Valley Province,8.00,Revoke,1,661,annex_45_ministry_of_education_science_technology.csv,,none,"School land: Keiyo — held by K Kibiwot,C Kimagelo,B Cherutich,M",1
annex_45_school_0133,Keiyo,,unknown,school_land_grabbed,Public school land grabbed: Keiyo,"K Kirono,B Bundotich,K Kimaiyo,C Limo,T",,Rift Valley Province,6.00,Revoke,1,661,annex_45_ministry_of_education_science_technology.csv,,none,"School land: Keiyo — held by K Kirono,B Bundotich,K Kimaiyo,C Limo,T",1
annex_45_school_0134,Keivo,,unknown,school_land_grabbed,Public school land grabbed: Keivo,"B.Kiptum,C.Sungula,J.Kibat,Tiviaiyo",,Rift Valley Province,,Revoke,1,661,annex_45_ministry_of_education_science_technology.csv,,none,"School land: Keivo — held by B.Kiptum,C.Sungula,J.Kibat,Tiviaiyo",1
annex_45_school_0135,Kitale Municipality,,unknown,school_land_grabbed,Public school land grabbed: Kitale Municipality,"Wambua Ngigi,J Njoroge",,Rift Valley Province,3.00,Revoke,1,661,annex_45_ministry_of_education_science_technology.csv,,none,"School land: Kitale Municipality — held by Wambua Ngigi,J Njoroge",1
annex_45_school_0136,Samaritan School 2 Acres,,unknown,school_land_grabbed,Public school land grabbed: Samaritan School 2 Acres,Samaritan School 2 Acres,,Rift Valley Province,3.00,Revoke,1,661,annex_45_ministry_of_education_science_technology.csv,,none,School land: Samaritan School 2 Acres — held by Samaritan School 2 Acres,0
annex_45_school_0137,Kitale Municipality,,unknown,school_land_grabbed,Public school land grabbed: Kitale Municipality,George T. Muindi Koskei And Others,,Rift Valley Province,15.00,Revoke,1,661,annex_45_ministry_of_education_science_technology.csv,,none,School land: Kitale Municipality — held by George T. Muindi Koskei And Others,1
annex_45_school_0138,Koibatek,,unknown,school_land_grabbed,Public school land grabbed: Koibatek,Paul Kipruto Kimaiywo,,Rift Valley Province,6.00,Revoke,1,661,annex_45_ministry_of_education_science_technology.csv,,none,School land: Koibatek — held by Paul Kipruto Kimaiywo,1
annex_45_school_0139,Koibatek,,unknown,school_land_grabbed,Public school land grabbed: Koibatek,Caled Kibingor,,Rift Valley Province,20.00,Revoke,1,661,annex_45_ministry_of_education_science_technology.csv,,none,School land: Koibatek — held by Caled Kibingor,1
annex_45_school_0140,Koibatek,,unknown,school_land_grabbed,Public school land grabbed: Koibatek,Kiprono Kiborus,,Rift Valley Province,2.00,Revoke,1,661,annex_45_ministry_of_education_science_technology.csv,,none,School land: Koibatek — held by Kiprono Kiborus,1
annex_45_school_0141,Laikipia,,unknown,school_land_grabbed,Public school land grabbed: Laikipia,Simbas Lodge Hotel Proprietor,,Rift Valley Province,2.00,Revoke,1,662,annex_45_ministry_of_education_science_technology.csv,,none,School land: Laikipia — held by Simbas Lodge Hotel Proprietor,1
annex_45_school_0142,Laikipia,,unknown,school_land_grabbed,Public school land grabbed: Laikipia,"Eunice W Karingithi,Robert Wahome",,Rift Valley Province,8.00,Revoke,1,662,annex_45_ministry_of_education_science_technology.csv,,none,"School land: Laikipia — held by Eunice W Karingithi,Robert Wahome",1
annex_45_school_0143,Laikipia,,unknown,school_land_grabbed,Public school land grabbed: Laikipia,Karandi Businessmen,,Rift Valley Province,4.00,Revoke,1,662,annex_45_ministry_of_education_science_technology.csv,,none,School land: Laikipia — held by Karandi Businessmen,1
annex_45_school_0144,Laikipia,,unknown,school_land_grabbed,Public school land grabbed: Laikipia,Charles Peter Kariuki,,Rift Valley Province,,Revoke,1,662,annex_45_ministry_of_education_science_technology.csv,,none,School land: Laikipia — held by Charles Peter Kariuki,1
annex_45_school_0145,Laikipia,,unknown,school_land_grabbed,Public school land grabbed: Laikipia,"E.G Warugi,F.M Warutumo",,Rift Valley Province,20.00,Revoke,1,662,annex_45_ministry_of_education_science_technology.csv,,none,"School land: Laikipia — held by E.G Warugi,F.M Warutumo",1
annex_45_school_0146,Laikipia,,unknown,school_land_grabbed,Public school land grabbed: Laikipia,Githinji Marete,,Rift Valley Province,5.00,Revoke,1,662,annex_45_ministry_of_education_science_technology.csv,,none,School land: Laikipia — held by Githinji Marete,1
annex_45_school_0147,Marakwet,,unknown,school_land_grabbed,Public school land grabbed: Marakwet,Kipkurui Kipkuryang,,Rift Valley Province,5.00,Revoke,1,662,annex_45_ministry_of_education_science_technology.csv,,none,School land: Marakwet — held by Kipkurui Kipkuryang,1
annex_45_school_0148,Nakuru Municipality,,unknown,school_land_grabbed,Public school land grabbed: Nakuru Municipality,Pyrethrum Board,,Rift Valley Province,10.00,Revoke,1,662,annex_45_ministry_of_education_science_technology.csv,,none,School land: Nakuru Municipality — held by Pyrethrum Board,1
annex_45_school_0149,Nakuru Municipality,,unknown,school_land_grabbed,Public school land grabbed: Nakuru Municipality,Municipal Council,,Rift Valley Province,3.00,Revoke,1,662,annex_45_ministry_of_education_science_technology.csv,,none,School land: Nakuru Municipality — held by Municipal Council,1
annex_45_school_0150,Nakuru Municipality,,unknown,school_land_grabbed,Public school land grabbed: Nakuru Municipality,John Njeu and Mohammed Hassan,,Rift Valley Province,8.00,Revoke,1,663,annex_45_ministry_of_education_science_technology.csv,,none,School land: Nakuru Municipality — held by John Njeu and Mohammed Hassan,1
annex_45_school_0151,Nakuru Municipality,,unknown,school_land_grabbed,Public school land grabbed: Nakuru Municipality,James Gitau Gathera,,Rift Valley Province,1.00,Revoke,1,663,annex_45_ministry_of_education_science_technology.csv,,none,School land: Nakuru Municipality — held by James Gitau Gathera,1
annex_45_school_0152,Nandi,,unknown,school_land_grabbed,Public school land grabbed: Nandi,Ack Church,,Rift Valley Province,3.00,Revoke,1,663,annex_45_ministry_of_education_science_technology.csv,,none,School land: Nandi — held by Ack Church,1
annex_45_school_0153,Nandi,,unknown,school_land_grabbed,Public school land grabbed: Nandi,Seventh Day Adventist Church(East,,Rift Valley Province,3.00,Revoke,1,663,annex_45_ministry_of_education_science_technology.csv,,none,School land: Nandi — held by Seventh Day Adventist Church(East,1
annex_45_school_0154,Nandi,,unknown,school_land_grabbed,Public school land grabbed: Nandi,Sarora Dlp/Meshack Birgen. Others,,Rift Valley Province,,Revoke,1,663,annex_45_ministry_of_education_science_technology.csv,,none,School land: Nandi — held by Sarora Dlp/Meshack Birgen. Others,1
annex_45_school_0155,Samburu,,unknown,school_land_grabbed,Public school land grabbed: Samburu,Job Lalamp Aa,,Rift Valley Province,10.00,Revoke,1,663,annex_45_ministry_of_education_science_technology.csv,,none,School land: Samburu — held by Job Lalamp Aa,1
annex_45_school_0156,Trans Mara,,unknown,school_land_grabbed,Public school land grabbed: Trans Mara,Olekili And Ole Konchela Musunkui,,Rift Valley Province,1.00,Revoke,1,663,annex_45_ministry_of_education_science_technology.csv,,none,School land: Trans Mara — held by Olekili And Ole Konchela Musunkui,1
annex_45_school_0157,Trans Mara,,unknown,school_land_grabbed,Public school land grabbed: Trans Mara,Community,,Rift Valley Province,20.00,Revoke,1,663,annex_45_ministry_of_education_science_technology.csv,,none,School land: Trans Mara — held by Community,1
annex_45_school_0158,Trans Mara,,unknown,school_land_grabbed,Public school land grabbed: Trans Mara,Individuals,,Rift Valley Province,3.00,Revoke,1,663,annex_45_ministry_of_education_science_technology.csv,,none,School land: Trans Mara — held by Individuals,1
annex_45_school_0159,Trans Mara,,unknown,school_land_grabbed,Public school land grabbed: Trans Mara,"Moses Korinko,Tm County Council,DaVid",,Rift Valley Province,32.00,Revoke,1,664,annex_45_ministry_of_education_science_technology.csv,,none,"School land: Trans Mara — held by Moses Korinko,Tm County Council,DaVid",1
annex_45_school_0160,Bungoma,,unknown,school_land_grabbed,Public school land grabbed: Bungoma,Mkisii Khnya,,Western Province,1.00,Revoke,1,664,annex_45_ministry_of_education_science_technology.csv,,none,School land: Bungoma — held by Mkisii Khnya,1
annex_45_school_0161,Bungoma,,unknown,school_land_grabbed,Public school land grabbed: Bungoma,Titus Khisa,,Western Province,3.00,Revoke,1,664,annex_45_ministry_of_education_science_technology.csv,,none,School land: Bungoma — held by Titus Khisa,1
annex_45_school_0162,Bungoma,,unknown,school_land_grabbed,Public school land grabbed: Bungoma,Emmanuael Kituyi,,Western Province,,Revoke,1,664,annex_45_ministry_of_education_science_technology.csv,,none,School land: Bungoma — held by Emmanuael Kituyi,1
annex_45_school_0163,T Amulega Sec School,,unknown,school_land_grabbed,Public school land grabbed: T Amulega Sec School,T Amulega Sec School,,Western Province,1.00,Revoke,1,664,annex_45_ministry_of_education_science_technology.csv,,none,School land: T Amulega Sec School — held by T Amulega Sec School,0
annex_45_school_0164,Bungoma,,unknown,school_land_grabbed,Public school land grabbed: Bungoma,Mr Richard Nyongesa May,,Western Province,1.00,Revoke,1,664,annex_45_ministry_of_education_science_technology.csv,,none,School land: Bungoma — held by Mr Richard Nyongesa May,1
annex_45_school_0165,Bungoma,,unknown,school_land_grabbed,Public school land grabbed: Bungoma,Rogers Mukhwana,,Western Province,2.00,Revoke,1,664,annex_45_ministry_of_education_science_technology.csv,,none,School land: Bungoma — held by Rogers Mukhwana,1
annex_45_school_0166,Bungoma,,unknown,school_land_grabbed,Public school land grabbed: Bungoma,Frotus Wanjala,,Western Province,,Revoke,1,664,annex_45_ministry_of_education_science_technology.csv,,none,School land: Bungoma — held by Frotus Wanjala,1
annex_45_school_0167,Bungoma,,unknown,school_land_grabbed,Public school land grabbed: Bungoma,Sitweti Kulundu,,Western Province,,Revoke,1,664,annex_45_ministry_of_education_science_technology.csv,,none,School land: Bungoma — held by Sitweti Kulundu,1
annex_45_school_0168,Bungoma,,unknown,school_land_grabbed,Public school land grabbed: Bungoma,"Nelson Simiyu Ngal,Meshack Nandasaba",,Western Province,2.00,Revoke,1,665,annex_45_ministry_of_education_science_technology.csv,,none,"School land: Bungoma — held by Nelson Simiyu Ngal,Meshack Nandasaba",1
annex_45_school_0169,Bungoma,,unknown,school_land_grabbed,Public school land grabbed: Bungoma,Maliki FYM Pry,,Western Province,106.00,Revoke,1,665,annex_45_ministry_of_education_science_technology.csv,,none,School land: Bungoma — held by Maliki FYM Pry,1
annex_45_school_0170,Bungoma,,unknown,school_land_grabbed,Public school land grabbed: Bungoma,Sirengo Nyongesa Sikuche,,Western Province,15.00,Revoke,1,665,annex_45_ministry_of_education_science_technology.csv,,none,School land: Bungoma — held by Sirengo Nyongesa Sikuche,1
annex_45_school_0171,Bungoma,,unknown,school_land_grabbed,Public school land grabbed: Bungoma,Khasabuli Kisiangani(Late),,Western Province,15.00,Revoke,1,665,annex_45_ministry_of_education_science_technology.csv,,none,School land: Bungoma — held by Khasabuli Kisiangani(Late),1
annex_45_school_0172,Bungoma,,unknown,school_land_grabbed,Public school land grabbed: Bungoma,Caxton Simiyu Nyongesa,,Western Province,1.00,Revoke,1,665,annex_45_ministry_of_education_science_technology.csv,,none,School land: Bungoma — held by Caxton Simiyu Nyongesa,1
annex_45_school_0173,Misikhu RC Boys Boarding F,,unknown,school_land_grabbed,Public school land grabbed: Misikhu RC Boys Boarding F,Bungoma County Council,,Western Province,3.00,Revoke,1,665,annex_45_ministry_of_education_science_technology.csv,,none,School land: Misikhu RC Boys Boarding F — held by Bungoma County Council,0
annex_45_school_0174,Butere Mumias,,unknown,school_land_grabbed,Public school land grabbed: Butere Mumias,Daniel M. Tamili,,Western Province,2.00,Revoke,1,665,annex_45_ministry_of_education_science_technology.csv,,none,School land: Butere Mumias — held by Daniel M. Tamili,1
annex_45_school_0175,Butere Mumias,,unknown,school_land_grabbed,Public school land grabbed: Butere Mumias,Wilson Madara,,Western Province,,Revoke,1,665,annex_45_ministry_of_education_science_technology.csv,,none,School land: Butere Mumias — held by Wilson Madara,1
annex_45_school_0176,Butere Mumias,,unknown,school_land_grabbed,Public school land grabbed: Butere Mumias,Ebuyonga Pry,,Western Province,,Revoke,1,665,annex_45_ministry_of_education_science_technology.csv,,none,School land: Butere Mumias — held by Ebuyonga Pry,1
annex_45_school_0177,Butere Mumias,,unknown,school_land_grabbed,Public school land grabbed: Butere Mumias,John Sakwa Yamboko,,Western Province,2.00,Revoke,1,665,annex_45_ministry_of_education_science_technology.csv,,none,School land: Butere Mumias — held by John Sakwa Yamboko,1
annex_45_school_0178,Butere Mumias,,unknown,school_land_grabbed,Public school land grabbed: Butere Mumias,St Paul's Musanda Luo Ack Church,,Western Province,2.00,Revoke,1,666,annex_45_ministry_of_education_science_technology.csv,,none,School land: Butere Mumias — held by St Paul's Musanda Luo Ack Church,1
annex_45_school_0179,Butere Mumias,,unknown,school_land_grabbed,Public school land grabbed: Butere Mumias,Neighbours,,Western Province,,Revoke,1,666,annex_45_ministry_of_education_science_technology.csv,,none,School land: Butere Mumias — held by Neighbours,1
annex_45_school_0180,Lugari,,unknown,school_land_grabbed,Public school land grabbed: Lugari,BAPTISM CHURCH,,Western Province,1.00,Revoke,1,666,annex_45_ministry_of_education_science_technology.csv,,none,School land: Lugari — held by BAPTISM CHURCH,1
annex_45_school_0181,Lugari,,unknown,school_land_grabbed,Public school land grabbed: Lugari,ALFAYO MUSUNGU,,Western Province,1.00,Revoke,1,666,annex_45_ministry_of_education_science_technology.csv,,none,School land: Lugari — held by ALFAYO MUSUNGU,1
annex_45_school_0182,Teso,,unknown,school_land_grabbed,Public school land grabbed: Teso,Jared M. Osapiri,,Western Province,2.00,Revoke,1,666,annex_45_ministry_of_education_science_technology.csv,,none,School land: Teso — held by Jared M. Osapiri,1
annex_45_school_0183,Thika Municipal,,unknown,school_land_grabbed,Public school land grabbed: Thika Municipal,Nil Return,,Central Province,,Investigate,1,680,annex_45_nil_return_secondary_schools.csv,,none,School land: Thika Municipal — held by Nil Return,1
annex_45_school_0184,Kwale,,unknown,school_land_grabbed,Public school land grabbed: Kwale,Nil Return,,Coast Province,,Investigate,1,680,annex_45_nil_return_secondary_schools.csv,,none,School land: Kwale — held by Nil Return,1
annex_45_school_0185,Lamu,,unknown,school_land_grabbed,Public school land grabbed: Lamu,Nil Return,,Coast Province,,Investigate,1,680,annex_45_nil_return_secondary_schools.csv,,none,School land: Lamu — held by Nil Return,1
annex_45_school_0186,Taita Taveta,,unknown,school_land_grabbed,Public school land grabbed: Taita Taveta,Nil Return,,Coast Province,,Investigate,1,680,annex_45_nil_return_secondary_schools.csv,,none,School land: Taita Taveta — held by Nil Return,1
annex_45_school_0187,Embu,,unknown,school_land_grabbed,Public school land grabbed: Embu,Nil Return,,Eastern Province,,Investigate,1,680,annex_45_nil_return_secondary_schools.csv,,none,School land: Embu — held by Nil Return,1
annex_45_school_0188,Isiolo,,unknown,school_land_grabbed,Public school land grabbed: Isiolo,Nil Return,,Coast Province,,Investigate,1,680,annex_45_nil_return_secondary_schools.csv,,none,School land: Isiolo — held by Nil Return,1
annex_45_school_0189,Kitui,,unknown,school_land_grabbed,Public school land grabbed: Kitui,Nil Return,,Coast Province,,Investigate,1,680,annex_45_nil_return_secondary_schools.csv,,none,School land: Kitui — held by Nil Return,1
annex_45_school_0190,Machakos,,unknown,school_land_grabbed,Public school land grabbed: Machakos,Nil Return,,Coast Province,,Investigate,1,680,annex_45_nil_return_secondary_schools.csv,,none,School land: Machakos — held by Nil Return,1
annex_45_school_0191,Marsabit,,unknown,school_land_grabbed,Public school land grabbed: Marsabit,Nil Return,,Coast Province,,Investigate,1,680,annex_45_nil_return_secondary_schools.csv,,none,School land: Marsabit — held by Nil Return,1
annex_45_school_0192,Mbeere,,unknown,school_land_grabbed,Public school land grabbed: Mbeere,Nil Return,,Coast Province,,Investigate,1,680,annex_45_nil_return_secondary_schools.csv,,none,School land: Mbeere — held by Nil Return,1
annex_45_school_0193,Meru Central,,unknown,school_land_grabbed,Public school land grabbed: Meru Central,Nil Return,,Coast Province,,Investigate,1,680,annex_45_nil_return_secondary_schools.csv,,none,School land: Meru Central — held by Nil Return,1
annex_45_school_0194,Meru North,,unknown,school_land_grabbed,Public school land grabbed: Meru North,Nil Return,,Coast Province,,Investigate,1,680,annex_45_nil_return_secondary_schools.csv,,none,School land: Meru North — held by Nil Return,1
annex_45_school_0195,Meru South,,unknown,school_land_grabbed,Public school land grabbed: Meru South,Nil Return,,Coast Province,,Investigate,1,680,annex_45_nil_return_secondary_schools.csv,,none,School land: Meru South — held by Nil Return,1
annex_45_school_0196,Moyale,,unknown,school_land_grabbed,Public school land grabbed: Moyale,Nil Return,,Coast Province,,Investigate,1,680,annex_45_nil_return_secondary_schools.csv,,none,School land: Moyale — held by Nil Return,1
annex_45_school_0197,Mwingi,,unknown,school_land_grabbed,Public school land grabbed: Mwingi,Nil Return,,Coast Province,,Investigate,1,680,annex_45_nil_return_secondary_schools.csv,,none,School land: Mwingi — held by Nil Return,1
annex_45_school_0198,Tharaka,,unknown,school_land_grabbed,Public school land grabbed: Tharaka,Nil Return,,Coast Province,,Investigate,1,680,annex_45_nil_return_secondary_schools.csv,,none,School land: Tharaka — held by Nil Return,1
annex_45_school_0199,Garissa,,unknown,school_land_grabbed,Public school land grabbed: Garissa,Nil Return,,North Eastern Province,,Investigate,1,680,annex_45_nil_return_secondary_schools.csv,,none,School land: Garissa — held by Nil Return,1
annex_45_school_0200,Ijara,,unknown,school_land_grabbed,Public school land grabbed: Ijara,Nil Return,,North Eastern Province,,Investigate,1,680,annex_45_nil_return_secondary_schools.csv,,none,School land: Ijara — held by Nil Return,1
annex_45_school_0201,Mandera,,unknown,school_land_grabbed,Public school land grabbed: Mandera,Nil Return,,North Eastern Province,,Investigate,1,680,annex_45_nil_return_secondary_schools.csv,,none,School land: Mandera — held by Nil Return,1
annex_45_school_0202,Wajir,,unknown,school_land_grabbed,Public school land grabbed: Wajir,Nil Return,,North Eastern Province,,Investigate,1,681,annex_45_nil_return_secondary_schools.csv,,none,School land: Wajir — held by Nil Return,1
annex_45_school_0203,Bondo,,unknown,school_land_grabbed,Public school land grabbed: Bondo,Nil Return,,Nyanza Province,,Investigate,1,681,annex_45_nil_return_secondary_schools.csv,,none,School land: Bondo — held by Nil Return,1
annex_45_school_0204,Gucha,,unknown,school_land_grabbed,Public school land grabbed: Gucha,Nil Return,,Nyanza Province,,Investigate,1,681,annex_45_nil_return_secondary_schools.csv,,none,School land: Gucha — held by Nil Return,1
annex_45_school_0205,Homa Bay,,unknown,school_land_grabbed,Public school land grabbed: Homa Bay,Nil Return,,Nyanza Province,,Investigate,1,681,annex_45_nil_return_secondary_schools.csv,,none,School land: Homa Bay — held by Nil Return,1
annex_45_school_0206,Kisii,,unknown,school_land_grabbed,Public school land grabbed: Kisii,Nil Return,,Nyanza Province,,Investigate,1,681,annex_45_nil_return_secondary_schools.csv,,none,School land: Kisii — held by Nil Return,1
annex_45_school_0207,Kisumu,,unknown,school_land_grabbed,Public school land grabbed: Kisumu,Nil Return,,Nyanza Province,,Investigate,1,681,annex_45_nil_return_secondary_schools.csv,,none,School land: Kisumu — held by Nil Return,1
annex_45_school_0208,Kisumu Municipality,,unknown,school_land_grabbed,Public school land grabbed: Kisumu Municipality,Nil Return,,Nyanza Province,,Investigate,1,681,annex_45_nil_return_secondary_schools.csv,,none,School land: Kisumu Municipality — held by Nil Return,1
annex_45_school_0209,Kuria,,unknown,school_land_grabbed,Public school land grabbed: Kuria,Nil Return,,Nyanza Province,,Investigate,1,681,annex_45_nil_return_secondary_schools.csv,,none,School land: Kuria — held by Nil Return,1
annex_45_school_0210,Migori,,unknown,school_land_grabbed,Public school land grabbed: Migori,Nil Return,,Nyanza Province,,Investigate,1,681,annex_45_nil_return_secondary_schools.csv,,none,School land: Migori — held by Nil Return,1
annex_45_school_0211,Nyamira,,unknown,school_land_grabbed,Public school land grabbed: Nyamira,Nil Return,,Nyanza Province,,Investigate,1,681,annex_45_nil_return_secondary_schools.csv,,none,School land: Nyamira — held by Nil Return,1
annex_45_school_0212,Nyando,,unknown,school_land_grabbed,Public school land grabbed: Nyando,Nil Return,,Nyanza Province,,Investigate,1,681,annex_45_nil_return_secondary_schools.csv,,none,School land: Nyando — held by Nil Return,1
annex_45_school_0213,Rachuonyo,,unknown,school_land_grabbed,Public school land grabbed: Rachuonyo,Nil Return,,Nyanza Province,,Investigate,1,681,annex_45_nil_return_secondary_schools.csv,,none,School land: Rachuonyo — held by Nil Return,1
annex_45_school_0214,Siaya,,unknown,school_land_grabbed,Public school land grabbed: Siaya,Nil Return,,Nyanza Province,,Investigate,1,681,annex_45_nil_return_secondary_schools.csv,,none,School land: Siaya — held by Nil Return,1
annex_45_school_0215,Suba,,unknown,school_land_grabbed,Public school land grabbed: Suba,Nil Return,,Nyanza Province,,Investigate,1,681,annex_45_nil_return_secondary_schools.csv,,none,School land: Suba — held by Nil Return,1
annex_45_school_0216,Baringo,,unknown,school_land_grabbed,Public school land grabbed: Baringo,Nil Return,,Rift Valley Province,,Investigate,1,681,annex_45_nil_return_secondary_schools.csv,,none,School land: Baringo — held by Nil Return,1
annex_45_school_0217,Bureti,,unknown,school_land_grabbed,Public school land grabbed: Bureti,Nil Return,,Rift Valley Province,,Investigate,1,681,annex_45_nil_return_secondary_schools.csv,,none,School land: Bureti — held by Nil Return,1
annex_45_school_0218,Eldoret Municipality,,unknown,school_land_grabbed,Public school land grabbed: Eldoret Municipality,Nil Return,,Rift Valley Province,,Investigate,1,681,annex_45_nil_return_secondary_schools.csv,,none,School land: Eldoret Municipality — held by Nil Return,1
annex_45_school_0219,Kajiado,,unknown,school_land_grabbed,Public school land grabbed: Kajiado,Nil Return,,Rift Valley Province,,Investigate,1,681,annex_45_nil_return_secondary_schools.csv,,none,School land: Kajiado — held by Nil Return,1
annex_45_school_0220,Keiyo,,unknown,school_land_grabbed,Public school land grabbed: Keiyo,Nil Return,,Rift Valley Province,,Investigate,1,681,annex_45_nil_return_secondary_schools.csv,,none,School land: Keiyo — held by Nil Return,1
annex_45_school_0221,Kericho,,unknown,school_land_grabbed,Public school land grabbed: Kericho,Nil Return,,Rift Valley Province,,Investigate,1,682,annex_45_nil_return_secondary_schools.csv,,none,School land: Kericho — held by Nil Return,1
annex_45_school_0222,Kitale Municipality,,unknown,school_land_grabbed,Public school land grabbed: Kitale Municipality,Nil Return,,Rift Valley Province,,Investigate,1,682,annex_45_nil_return_secondary_schools.csv,,none,School land: Kitale Municipality — held by Nil Return,1
annex_45_school_0223,Koibatek,,unknown,school_land_grabbed,Public school land grabbed: Koibatek,Nil Return,,Rift Valley Province,,Investigate,1,682,annex_45_nil_return_secondary_schools.csv,,none,School land: Koibatek — held by Nil Return,1
annex_45_school_0224,Laikipia,,unknown,school_land_grabbed,Public school land grabbed: Laikipia,Nil Return,,Rift Valley Province,,Investigate,1,682,annex_45_nil_return_secondary_schools.csv,,none,School land: Laikipia — held by Nil Return,1
annex_45_school_0225,Nakuru Municipality,,unknown,school_land_grabbed,Public school land grabbed: Nakuru Municipality,Nil Return,,Rift Valley Province,,Investigate,1,682,annex_45_nil_return_secondary_schools.csv,,none,School land: Nakuru Municipality — held by Nil Return,1
annex_45_school_0226,Nandi,,unknown,school_land_grabbed,Public school land grabbed: Nandi,Nil Return,,Rift Valley Province,,Investigate,1,682,annex_45_nil_return_secondary_schools.csv,,none,School land: Nandi — held by Nil Return,1
annex_45_school_0227,Narok,,unknown,school_land_grabbed,Public school land grabbed: Narok,Nil Return,,Rift Valley Province,,Investigate,1,682,annex_45_nil_return_secondary_schools.csv,,none,School land: Narok — held by Nil Return,1
annex_45_school_0228,Samburu,,unknown,school_land_grabbed,Public school land grabbed: Samburu,Nil Return,,Rift Valley Province,,Investigate,1,682,annex_45_nil_return_secondary_schools.csv,,none,School land: Samburu — held by Nil Return,1
annex_45_school_0229,Trans Mara,,unknown,school_land_grabbed,Public school land grabbed: Trans Mara,Nil Return,,Rift Valley Province,,Investigate,1,682,annex_45_nil_return_secondary_schools.csv,,none,School land: Trans Mara — held by Nil Return,1
annex_45_school_0230,Turkana,,unknown,school_land_grabbed,Public school land grabbed: Turkana,Nil Return,,Rift Valley Province,,Investigate,1,682,annex_45_nil_return_secondary_schools.csv,,none,School land: Turkana — held by Nil Return,1
annex_45_school_0231,West Pokot,,unknown,school_land_grabbed,Public school land grabbed: West Pokot,Nil Return,,Rift Valley Province,,Investigate,1,682,annex_45_nil_return_secondary_schools.csv,,none,School land: West Pokot — held by Nil Return,1
annex_45_school_0232,Butere Mumias,,unknown,school_land_grabbed,Public school land grabbed: Butere Mumias,Nil Return,,Rift Valley Province,,Investigate,1,682,annex_45_nil_return_secondary_schools.csv,,none,School land: Butere Mumias — held by Nil Return,1
annex_45_school_0233,Lugari,,unknown,school_land_grabbed,Public school land grabbed: Lugari,Nil Return,,Rift Valley Province,,Investigate,1,682,annex_45_nil_return_secondary_schools.csv,,none,School land: Lugari — held by Nil Return,1
annex_45_school_0234,Teso,,unknown,school_land_grabbed,Public school land grabbed: Teso,Nil Return,,Rift Valley Province,,Investigate,1,682,annex_45_nil_return_secondary_schools.csv,,none,School land: Teso — held by Nil Return,1
annex_45_school_0235,Garissa,,unknown,school_land_grabbed,Public school land grabbed: Garissa,Nil Return,,North Eastern Province,,Investigate,1,677,annex_45_nil_returns_primary_schools.csv,,none,School land: Garissa — held by Nil Return,1
annex_45_school_0236,Ijara,,unknown,school_land_grabbed,Public school land grabbed: Ijara,Nil Return,,North Eastern Province,,Investigate,1,677,annex_45_nil_returns_primary_schools.csv,,none,School land: Ijara — held by Nil Return,1
annex_45_school_0237,Mandera,,unknown,school_land_grabbed,Public school land grabbed: Mandera,Nil Return,,North Eastern Province,,Investigate,1,677,annex_45_nil_returns_primary_schools.csv,,none,School land: Mandera — held by Nil Return,1
annex_45_school_0238,Wajir,,unknown,school_land_grabbed,Public school land grabbed: Wajir,Nil Return,,North Eastern Province,,Investigate,1,677,annex_45_nil_returns_primary_schools.csv,,none,School land: Wajir — held by Nil Return,1
annex_45_school_0239,Bondo,,unknown,school_land_grabbed,Public school land grabbed: Bondo,Nil Return,,Nyanza Province,,Investigate,1,677,annex_45_nil_returns_primary_schools.csv,,none,School land: Bondo — held by Nil Return,1
annex_45_school_0240,Gucha,,unknown,school_land_grabbed,Public school land grabbed: Gucha,Nil Return,,Nyanza Province,,Investigate,1,677,annex_45_nil_returns_primary_schools.csv,,none,School land: Gucha — held by Nil Return,1
annex_45_school_0241,Kuria,,unknown,school_land_grabbed,Public school land grabbed: Kuria,Nil Return,,Nyanza Province,,Investigate,1,677,annex_45_nil_returns_primary_schools.csv,,none,School land: Kuria — held by Nil Return,1
annex_45_school_0242,Migori,,unknown,school_land_grabbed,Public school land grabbed: Migori,Nil Return,,Nyanza Province,,Investigate,1,677,annex_45_nil_returns_primary_schools.csv,,none,School land: Migori — held by Nil Return,1
annex_45_school_0243,Rachuonyo,,unknown,school_land_grabbed,Public school land grabbed: Rachuonyo,Nil Return,,Nyanza Province,,Investigate,1,677,annex_45_nil_returns_primary_schools.csv,,none,School land: Rachuonyo — held by Nil Return,1
annex_45_school_0244,Suba,,unknown,school_land_grabbed,Public school land grabbed: Suba,Nil Return,,Nyanza Province,,Investigate,1,677,annex_45_nil_returns_primary_schools.csv,,none,School land: Suba — held by Nil Return,1
annex_45_school_0245,Maragua,,unknown,school_land_grabbed,Public school land grabbed: Maragua,Nil Return,,Central Province,,Investigate,1,677,annex_45_nil_returns_primary_schools.csv,,none,School land: Maragua — held by Nil Return,1
annex_45_school_0246,Muranga,,unknown,school_land_grabbed,Public school land grabbed: Muranga,Nil Return,,Central Province,,Investigate,1,677,annex_45_nil_returns_primary_schools.csv,,none,School land: Muranga — held by Nil Return,1
annex_45_school_0247,Isiolo,,unknown,school_land_grabbed,Public school land grabbed: Isiolo,Nil Return,,Eastern Province,,Investigate,1,678,annex_45_nil_returns_primary_schools.csv,,none,School land: Isiolo — held by Nil Return,1
annex_45_school_0248,Baringo,,unknown,school_land_grabbed,Public school land grabbed: Baringo,Nil Return,,Rift Valley Province,,Investigate,1,678,annex_45_nil_returns_primary_schools.csv,,none,School land: Baringo — held by Nil Return,1
annex_45_school_0249,Bomet,,unknown,school_land_grabbed,Public school land grabbed: Bomet,Nil Return,,Rift Valley Province,,Investigate,1,678,annex_45_nil_returns_primary_schools.csv,,none,School land: Bomet — held by Nil Return,1
annex_45_school_0250,Kericho,,unknown,school_land_grabbed,Public school land grabbed: Kericho,Nil Return,,Rift Valley Province,,Investigate,1,678,annex_45_nil_returns_primary_schools.csv,,none,School land: Kericho — held by Nil Return,1
annex_45_school_0251,Nakuru,,unknown,school_land_grabbed,Public school land grabbed: Nakuru,Nil Return,,Rift Valley Province,,Investigate,1,678,annex_45_nil_returns_primary_schools.csv,,none,School land: Nakuru — held by Nil Return,1
annex_45_school_0252,Narok,,unknown,school_land_grabbed,Public school land grabbed: Narok,Nil Return,,Rift Valley Province,,Investigate,1,678,annex_45_nil_returns_primary_schools.csv,,none,School land: Narok — held by Nil Return,1
annex_45_school_0253,Trans Nzoia,,unknown,school_land_grabbed,Public school land grabbed: Trans Nzoia,Nil Return,,Rift Valley Province,,Investigate,1,678,annex_45_nil_returns_primary_schools.csv,,none,School land: Trans Nzoia — held by Nil Return,1
annex_45_school_0254,Turkana,,unknown,school_land_grabbed,Public school land grabbed: Turkana,Nil Return,,Rift Valley Province,,Investigate,1,678,annex_45_nil_returns_primary_schools.csv,,none,School land: Turkana — held by Nil Return,1
annex_45_school_0255,Uasin Gishu,,unknown,school_land_grabbed,Public school land grabbed: Uasin Gishu,Nil Return,,Rift Valley Province,,Investigate,1,678,annex_45_nil_returns_primary_schools.csv,,none,School land: Uasin Gishu — held by Nil Return,1
annex_45_school_0256,West Pokot,,unknown,school_land_grabbed,Public school land grabbed: West Pokot,Nil Return,,Rift Valley Province,,Investigate,1,678,annex_45_nil_returns_primary_schools.csv,,none,School land: West Pokot — held by Nil Return,1
annex_45_school_0257,Mt Elgon,,unknown,school_land_grabbed,Public school land grabbed: Mt Elgon,Nil Return,,Western Province,,Investigate,1,678,annex_45_nil_returns_primary_schools.csv,,none,School land: Mt Elgon — held by Nil Return,1
annex_45_school_0258,Vihiga,,unknown,school_land_grabbed,Public school land grabbed: Vihiga,Nil Return,,Western Province,,Investigate,1,678,annex_45_nil_returns_primary_schools.csv,,none,School land: Vihiga — held by Nil Return,1
annex_45_school_0259,Rwacumari Sch.,,unknown,school_land_grabbed,Public school land grabbed: Rwacumari Sch.,Rwacumari Sch.,,Central Province,22.27,Investigate,1,670,annex_45_primary_school_grabbed_with_inadequate_details.csv,,none,School land: Rwacumari Sch. — held by Rwacumari Sch.,0
annex_45_school_0260,Manjiri Pry Sch,,unknown,school_land_grabbed,Public school land grabbed: Manjiri Pry Sch,Manjiri Pry Sch,,Central Province,,Investigate,1,670,annex_45_primary_school_grabbed_with_inadequate_details.csv,,none,School land: Manjiri Pry Sch — held by Manjiri Pry Sch,0
annex_45_school_0261,Muranga,,unknown,school_land_grabbed,Public school land grabbed: Muranga,Kiyu Pry,,Central Province,,Investigate,1,670,annex_45_primary_school_grabbed_with_inadequate_details.csv,,none,School land: Muranga — held by Kiyu Pry,1
annex_45_school_0262,Muranga,,unknown,school_land_grabbed,Public school land grabbed: Muranga,Mwara Pry,,Central Province,,Investigate,1,670,annex_45_primary_school_grabbed_with_inadequate_details.csv,,none,School land: Muranga — held by Mwara Pry,1
annex_45_school_0263,Swani Pry Sch,,unknown,school_land_grabbed,Public school land grabbed: Swani Pry Sch,Swani Pry Sch,,Central Province,,Investigate,1,670,annex_45_primary_school_grabbed_with_inadequate_details.csv,,none,School land: Swani Pry Sch — held by Swani Pry Sch,0
annex_45_school_0264,Thika,,unknown,school_land_grabbed,Public school land grabbed: Thika,Mutundu Pry. Ruai,,Central Province,,Investigate,1,670,annex_45_primary_school_grabbed_with_inadequate_details.csv,,none,School land: Thika — held by Mutundu Pry. Ruai,1
annex_45_school_0265,Maragua,,unknown,school_land_grabbed,Public school land grabbed: Maragua,Government,,Central Province,5.00,Investigate,1,670,annex_45_primary_school_grabbed_with_inadequate_details.csv,,none,School land: Maragua — held by Government,1
annex_45_school_0266,Nyandarua,,unknown,school_land_grabbed,Public school land grabbed: Nyandarua,Nyonjoro Pry,,Central Province,4.00,Investigate,1,671,annex_45_primary_school_grabbed_with_inadequate_details.csv,,none,School land: Nyandarua — held by Nyonjoro Pry,1
annex_45_school_0267,Nyandarua,,unknown,school_land_grabbed,Public school land grabbed: Nyandarua,Thuita Pry,,Central Province,,Investigate,1,671,annex_45_primary_school_grabbed_with_inadequate_details.csv,,none,School land: Nyandarua — held by Thuita Pry,1
annex_45_school_0268,Nyandarua,,unknown,school_land_grabbed,Public school land grabbed: Nyandarua,Nyomoro Pry,,Central Province,4.00,Investigate,1,671,annex_45_primary_school_grabbed_with_inadequate_details.csv,,none,School land: Nyandarua — held by Nyomoro Pry,1
annex_45_school_0269,Nyandarua,,unknown,school_land_grabbed,Public school land grabbed: Nyandarua,Thuita Pry,,Central Province,,Investigate,1,671,annex_45_primary_school_grabbed_with_inadequate_details.csv,,none,School land: Nyandarua — held by Thuita Pry,1
annex_45_school_0270,Nyandarua,,unknown,school_land_grabbed,Public school land grabbed: Nyandarua,Nyaituga Pry,,Central Province,,Investigate,1,671,annex_45_primary_school_grabbed_with_inadequate_details.csv,,none,School land: Nyandarua — held by Nyaituga Pry,1
annex_45_school_0271,Kilifi,,unknown,school_land_grabbed,Public school land grabbed: Kilifi,Maereni Pry,,Coast Province,,Investigate,1,671,annex_45_primary_school_grabbed_with_inadequate_details.csv,,none,School land: Kilifi — held by Maereni Pry,1
annex_45_school_0272,Kilifi,,unknown,school_land_grabbed,Public school land grabbed: Kilifi,Mariakani Pry,,Coast Province,,Investigate,1,671,annex_45_primary_school_grabbed_with_inadequate_details.csv,,none,School land: Kilifi — held by Mariakani Pry,1
annex_45_school_0273,Taita Taveta,,unknown,school_land_grabbed,Public school land grabbed: Taita Taveta,Mwambota Pry,,Coast Province,3.00,Investigate,1,671,annex_45_primary_school_grabbed_with_inadequate_details.csv,,none,School land: Taita Taveta — held by Mwambota Pry,1
annex_45_school_0274,Taita Taveta,,unknown,school_land_grabbed,Public school land grabbed: Taita Taveta,Mwamunga Pry,,Coast Province,2.00,Investigate,1,671,annex_45_primary_school_grabbed_with_inadequate_details.csv,,none,School land: Taita Taveta — held by Mwamunga Pry,1
annex_45_school_0275,Taita Taveta,,unknown,school_land_grabbed,Public school land grabbed: Taita Taveta,Iyale Pry,,Coast Province,,Investigate,1,671,annex_45_primary_school_grabbed_with_inadequate_details.csv,,none,School land: Taita Taveta — held by Iyale Pry,1
annex_45_school_0276,Taita Taveta,,unknown,school_land_grabbed,Public school land grabbed: Taita Taveta,Ngulu Pry,,Coast Province,1.00,Investigate,1,671,annex_45_primary_school_grabbed_with_inadequate_details.csv,,none,School land: Taita Taveta — held by Ngulu Pry,1
annex_45_school_0277,Tana River,,unknown,school_land_grabbed,Public school land grabbed: Tana River,Gubani Pry,,Coast Province,,Investigate,1,672,annex_45_primary_school_grabbed_with_inadequate_details.csv,,none,School land: Tana River — held by Gubani Pry,1
annex_45_school_0278,Kajiwe Pri. Sch,,unknown,school_land_grabbed,Public school land grabbed: Kajiwe Pri. Sch,Kajiwe Pri. Sch,,Coast Province,,Investigate,1,672,annex_45_primary_school_grabbed_with_inadequate_details.csv,,none,School land: Kajiwe Pri. Sch — held by Kajiwe Pri. Sch,0
annex_45_school_0279,Malindi,,unknown,school_land_grabbed,Public school land grabbed: Malindi,Fundisa Pry,,Coast Province,,Investigate,1,672,annex_45_primary_school_grabbed_with_inadequate_details.csv,,none,School land: Malindi — held by Fundisa Pry,1
annex_45_school_0280,Malindi,,unknown,school_land_grabbed,Public school land grabbed: Malindi,Kadhunoni Pry,,Coast Province,,Investigate,1,672,annex_45_primary_school_grabbed_with_inadequate_details.csv,,none,School land: Malindi — held by Kadhunoni Pry,1
annex_45_school_0281,Kirimunga Pri. Sch,,unknown,school_land_grabbed,Public school land grabbed: Kirimunga Pri. Sch,Kirimunga Pri. Sch,,Eastern Province,,Investigate,1,672,annex_45_primary_school_grabbed_with_inadequate_details.csv,,none,School land: Kirimunga Pri. Sch — held by Kirimunga Pri. Sch,0
annex_45_school_0282,Mugambone Pri. Sch.,,unknown,school_land_grabbed,Public school land grabbed: Mugambone Pri. Sch.,Mugambone Pri. Sch.,,Eastern Province,,Investigate,1,672,annex_45_primary_school_grabbed_with_inadequate_details.csv,,none,School land: Mugambone Pri. Sch. — held by Mugambone Pri. Sch.,0
annex_45_school_0283,Rwangwa Pri. Sch.,,unknown,school_land_grabbed,Public school land grabbed: Rwangwa Pri. Sch.,Rwangwa Pri. Sch.,,Eastern Province,,Investigate,1,672,annex_45_primary_school_grabbed_with_inadequate_details.csv,,none,School land: Rwangwa Pri. Sch. — held by Rwangwa Pri. Sch.,0
annex_45_school_0284,Lewa Downs Pri. Sch,,unknown,school_land_grabbed,Public school land grabbed: Lewa Downs Pri. Sch,Lewa Downs Pri. Sch,,Eastern Province,,Investigate,1,672,annex_45_primary_school_grabbed_with_inadequate_details.csv,,none,School land: Lewa Downs Pri. Sch — held by Lewa Downs Pri. Sch,0
annex_45_school_0285,Madaraka Pri. Sch.,,unknown,school_land_grabbed,Public school land grabbed: Madaraka Pri. Sch.,Madaraka Pri. Sch.,,Eastern Province,,Investigate,1,672,annex_45_primary_school_grabbed_with_inadequate_details.csv,,none,School land: Madaraka Pri. Sch. — held by Madaraka Pri. Sch.,0
annex_45_school_0286,Ngusishi Pri. Sch.,,unknown,school_land_grabbed,Public school land grabbed: Ngusishi Pri. Sch.,Ngusishi Pri. Sch.,,Eastern Province,,Investigate,1,672,annex_45_primary_school_grabbed_with_inadequate_details.csv,,none,School land: Ngusishi Pri. Sch. — held by Ngusishi Pri. Sch.,0
annex_45_school_0287,Mburugiti Pri. Sch.,,unknown,school_land_grabbed,Public school land grabbed: Mburugiti Pri. Sch.,Mburugiti Pri. Sch.,,Eastern Province,,Investigate,1,672,annex_45_primary_school_grabbed_with_inadequate_details.csv,,none,School land: Mburugiti Pri. Sch. — held by Mburugiti Pri. Sch.,0
annex_45_school_0288,Katheri Pri. Sch.,,unknown,school_land_grabbed,Public school land grabbed: Katheri Pri. Sch.,Katheri Pri. Sch.,,Eastern Province,,Investigate,1,673,annex_45_primary_school_grabbed_with_inadequate_details.csv,,none,School land: Katheri Pri. Sch. — held by Katheri Pri. Sch.,0
annex_45_school_0289,Kijijine Pri. Sch.,,unknown,school_land_grabbed,Public school land grabbed: Kijijine Pri. Sch.,Kijijine Pri. Sch.,,Eastern Province,0.40,Investigate,1,673,annex_45_primary_school_grabbed_with_inadequate_details.csv,,none,School land: Kijijine Pri. Sch. — held by Kijijine Pri. Sch.,0
annex_45_school_0290,Muri Pri. Sch.,,unknown,school_land_grabbed,Public school land grabbed: Muri Pri. Sch.,Muri Pri. Sch.,,Eastern Province,0.18,Investigate,1,673,annex_45_primary_school_grabbed_with_inadequate_details.csv,,none,School land: Muri Pri. Sch. — held by Muri Pri. Sch.,0
annex_45_school_0291,Kaguma Pri. Sch.,,unknown,school_land_grabbed,Public school land grabbed: Kaguma Pri. Sch.,Kaguma Pri. Sch.,,Eastern Province,,Investigate,1,673,annex_45_primary_school_grabbed_with_inadequate_details.csv,,none,School land: Kaguma Pri. Sch. — held by Kaguma Pri. Sch.,0
annex_45_school_0292,Nthamiri Pri. Sch.,,unknown,school_land_grabbed,Public school land grabbed: Nthamiri Pri. Sch.,Nthamiri Pri. Sch.,,Eastern Province,,Investigate,1,673,annex_45_primary_school_grabbed_with_inadequate_details.csv,,none,School land: Nthamiri Pri. Sch. — held by Nthamiri Pri. Sch.,0
annex_45_school_0293,Giaki Pri. Sch.,,unknown,school_land_grabbed,Public school land grabbed: Giaki Pri. Sch.,Giaki Pri. Sch.,,Eastern Province,,Investigate,1,673,annex_45_primary_school_grabbed_with_inadequate_details.csv,,none,School land: Giaki Pri. Sch. — held by Giaki Pri. Sch.,0
annex_45_school_0294,Ciothirai Pri. Sch.,,unknown,school_land_grabbed,Public school land grabbed: Ciothirai Pri. Sch.,Ciothirai Pri. Sch.,,Eastern Province,0.18,Investigate,1,673,annex_45_primary_school_grabbed_with_inadequate_details.csv,,none,School land: Ciothirai Pri. Sch. — held by Ciothirai Pri. Sch.,0
annex_45_school_0295,Kirimaitune Pri. Sch.,,unknown,school_land_grabbed,Public school land grabbed: Kirimaitune Pri. Sch.,Kirimaitune Pri. Sch.,,Eastern Province,2.43,Investigate,1,673,annex_45_primary_school_grabbed_with_inadequate_details.csv,,none,School land: Kirimaitune Pri. Sch. — held by Kirimaitune Pri. Sch.,0
annex_45_school_0296,Kambereu Boarding Pri. Sch.,,unknown,school_land_grabbed,Public school land grabbed: Kambereu Boarding Pri. Sch.,Kambereu Boarding Pri. Sch.,,Eastern Province,,Investigate,1,673,annex_45_primary_school_grabbed_with_inadequate_details.csv,,none,School land: Kambereu Boarding Pri. Sch. — held by Kambereu Boarding Pri. Sch.,0
annex_45_school_0297,Gathaine Pri. Sch.,,unknown,school_land_grabbed,Public school land grabbed: Gathaine Pri. Sch.,Gathaine Pri. Sch.,,Eastern Province,1.62,Investigate,1,673,annex_45_primary_school_grabbed_with_inadequate_details.csv,,none,School land: Gathaine Pri. Sch. — held by Gathaine Pri. Sch.,0
annex_45_school_0298,Mamuru Pri. Sch.,,unknown,school_land_grabbed,Public school land grabbed: Mamuru Pri. Sch.,Mamuru Pri. Sch.,,Eastern Province,4.86,Investigate,1,673,annex_45_primary_school_grabbed_with_inadequate_details.csv,,none,School land: Mamuru Pri. Sch. — held by Mamuru Pri. Sch.,0
annex_45_school_0299,Gaceero Pri. Sch.,,unknown,school_land_grabbed,Public school land grabbed: Gaceero Pri. Sch.,Gaceero Pri. Sch.,,Eastern Province,0.81,Investigate,1,674,annex_45_primary_school_grabbed_with_inadequate_details.csv,,none,School land: Gaceero Pri. Sch. — held by Gaceero Pri. Sch.,0
annex_45_school_0300,Gankondi Pri. Sch.,,unknown,school_land_grabbed,Public school land grabbed: Gankondi Pri. Sch.,Gankondi Pri. Sch.,,Eastern Province,4.86,Investigate,1,674,annex_45_primary_school_grabbed_with_inadequate_details.csv,,none,School land: Gankondi Pri. Sch. — held by Gankondi Pri. Sch.,0
annex_45_school_0301,Kigairne Pri. Sch.,,unknown,school_land_grabbed,Public school land grabbed: Kigairne Pri. Sch.,Kigairne Pri. Sch.,,Eastern Province,0.40,Investigate,1,674,annex_45_primary_school_grabbed_with_inadequate_details.csv,,none,School land: Kigairne Pri. Sch. — held by Kigairne Pri. Sch.,0
annex_45_school_0302,Kiithe Pri. Sch.,,unknown,school_land_grabbed,Public school land grabbed: Kiithe Pri. Sch.,Kiithe Pri. Sch.,,Eastern Province,1.62,Investigate,1,674,annex_45_primary_school_grabbed_with_inadequate_details.csv,,none,School land: Kiithe Pri. Sch. — held by Kiithe Pri. Sch.,0
annex_45_school_0303,Nkumari Pri. Sch.,,unknown,school_land_grabbed,Public school land grabbed: Nkumari Pri. Sch.,Nkumari Pri. Sch.,,Eastern Province,0.40,Investigate,1,674,annex_45_primary_school_grabbed_with_inadequate_details.csv,,none,School land: Nkumari Pri. Sch. — held by Nkumari Pri. Sch.,0
annex_45_school_0304,Giantune Pri. Sch.,,unknown,school_land_grabbed,Public school land grabbed: Giantune Pri. Sch.,Giantune Pri. Sch.,,Eastern Province,,Investigate,1,674,annex_45_primary_school_grabbed_with_inadequate_details.csv,,none,School land: Giantune Pri. Sch. — held by Giantune Pri. Sch.,0
annex_45_school_0305,Mutuuwa Pri. Sch.,,unknown,school_land_grabbed,Public school land grabbed: Mutuuwa Pri. Sch.,Mutuuwa Pri. Sch.,,Eastern Province,10.45,Investigate,1,674,annex_45_primary_school_grabbed_with_inadequate_details.csv,,none,School land: Mutuuwa Pri. Sch. — held by Mutuuwa Pri. Sch.,0
annex_45_school_0306,Kaura Nkugiga Pri. Sch.,,unknown,school_land_grabbed,Public school land grabbed: Kaura Nkugiga Pri. Sch.,Kaura Nkugiga Pri. Sch.,,Eastern Province,1.01,Investigate,1,674,annex_45_primary_school_grabbed_with_inadequate_details.csv,,none,School land: Kaura Nkugiga Pri. Sch. — held by Kaura Nkugiga Pri. Sch.,0
annex_45_school_0307,Kironya Pri. Sch.,,unknown,school_land_grabbed,Public school land grabbed: Kironya Pri. Sch.,Kironya Pri. Sch.,,Eastern Province,2.43,Investigate,1,674,annex_45_primary_school_grabbed_with_inadequate_details.csv,,none,School land: Kironya Pri. Sch. — held by Kironya Pri. Sch.,0
annex_45_school_0308,Matuura Pri. Sch.,,unknown,school_land_grabbed,Public school land grabbed: Matuura Pri. Sch.,Matuura Pri. Sch.,,Eastern Province,1.26,Investigate,1,674,annex_45_primary_school_grabbed_with_inadequate_details.csv,,none,School land: Matuura Pri. Sch. — held by Matuura Pri. Sch.,0
annex_45_school_0309,Mugura Pri. Sch.,,unknown,school_land_grabbed,Public school land grabbed: Mugura Pri. Sch.,Mugura Pri. Sch.,,Eastern Province,9.48,Investigate,1,674,annex_45_primary_school_grabbed_with_inadequate_details.csv,,none,School land: Mugura Pri. Sch. — held by Mugura Pri. Sch.,0
annex_45_school_0310,Maraa Pri. Sch.,,unknown,school_land_grabbed,Public school land grabbed: Maraa Pri. Sch.,Maraa Pri. Sch.,,Eastern Province,,Investigate,1,674,annex_45_primary_school_grabbed_with_inadequate_details.csv,,none,School land: Maraa Pri. Sch. — held by Maraa Pri. Sch.,0
annex_45_school_0311,Kitui,,unknown,school_land_grabbed,Public school land grabbed: Kitui,Muthulini Pry,,Eastern Province,,Investigate,1,675,annex_45_primary_school_grabbed_with_inadequate_details.csv,,none,School land: Kitui — held by Muthulini Pry,1
annex_45_school_0312,Machakos,,unknown,school_land_grabbed,Public school land grabbed: Machakos,Kakinduni Pry,,Eastern Province,1.00,Investigate,1,675,annex_45_primary_school_grabbed_with_inadequate_details.csv,,none,School land: Machakos — held by Kakinduni Pry,1
annex_45_school_0313,Machakos,,unknown,school_land_grabbed,Public school land grabbed: Machakos,Kamuya Pry,,Eastern Province,,Investigate,1,675,annex_45_primary_school_grabbed_with_inadequate_details.csv,,none,School land: Machakos — held by Kamuya Pry,1
annex_45_school_0314,Machakos,,unknown,school_land_grabbed,Public school land grabbed: Machakos,Kaloleni Pry,,Eastern Province,8.00,Investigate,1,675,annex_45_primary_school_grabbed_with_inadequate_details.csv,,none,School land: Machakos — held by Kaloleni Pry,1
annex_45_school_0315,Mbeere,,unknown,school_land_grabbed,Public school land grabbed: Mbeere,Makutano Pry,,Eastern Province,1.00,Investigate,1,675,annex_45_primary_school_grabbed_with_inadequate_details.csv,,none,School land: Mbeere — held by Makutano Pry,1
annex_45_school_0316,Mbeere,,unknown,school_land_grabbed,Public school land grabbed: Mbeere,Mathai Pry,,Eastern Province,,Investigate,1,675,annex_45_primary_school_grabbed_with_inadequate_details.csv,,none,School land: Mbeere — held by Mathai Pry,1
annex_45_school_0317,Meru Central,,unknown,school_land_grabbed,Public school land grabbed: Meru Central,Muguru Pry,,Eastern Province,8.00,Investigate,1,675,annex_45_primary_school_grabbed_with_inadequate_details.csv,,none,School land: Meru Central — held by Muguru Pry,1
annex_45_school_0318,Meru Central,,unknown,school_land_grabbed,Public school land grabbed: Meru Central,Thumbereria Pry,,Eastern Province,,Investigate,1,675,annex_45_primary_school_grabbed_with_inadequate_details.csv,,none,School land: Meru Central — held by Thumbereria Pry,1
annex_45_school_0319,Mwingi,,unknown,school_land_grabbed,Public school land grabbed: Mwingi,Mwambui Pry,,Eastern Province,,Investigate,1,675,annex_45_primary_school_grabbed_with_inadequate_details.csv,,none,School land: Mwingi — held by Mwambui Pry,1
annex_45_school_0320,Nyamira,,unknown,school_land_grabbed,Public school land grabbed: Nyamira,Nyamotenenio DEB Pry,,Nyanza Province,11.00,Investigate,1,675,annex_45_primary_school_grabbed_with_inadequate_details.csv,,none,School land: Nyamira — held by Nyamotenenio DEB Pry,1
annex_45_school_0321,Nyando,,unknown,school_land_grabbed,Public school land grabbed: Nyando,Raneol11be Pry,,Nyanza Province,1.00,Investigate,1,675,annex_45_primary_school_grabbed_with_inadequate_details.csv,,none,School land: Nyando — held by Raneol11be Pry,1
annex_45_school_0322,Nyando,,unknown,school_land_grabbed,Public school land grabbed: Nyando,Achingure Pry,,Nyanza Province,,Investigate,1,676,annex_45_primary_school_grabbed_with_inadequate_details.csv,,none,School land: Nyando — held by Achingure Pry,1
annex_45_school_0323,Nyando,,unknown,school_land_grabbed,Public school land grabbed: Nyando,Kasawo Pry,,Nyanza Province,,Investigate,1,676,annex_45_primary_school_grabbed_with_inadequate_details.csv,,none,School land: Nyando — held by Kasawo Pry,1
annex_45_school_0324,Kajiado,,unknown,school_land_grabbed,Public school land grabbed: Kajiado,Lorgusua Pry,,Rift Valley Province,,Investigate,1,676,annex_45_primary_school_grabbed_with_inadequate_details.csv,,none,School land: Kajiado — held by Lorgusua Pry,1
annex_45_school_0325,Laikipia,,unknown,school_land_grabbed,Public school land grabbed: Laikipia,ST.Moses Pry,,Rift Valley Province,2.00,Investigate,1,676,annex_45_primary_school_grabbed_with_inadequate_details.csv,,none,School land: Laikipia — held by ST.Moses Pry,1
annex_45_school_0326,Laikipia,,unknown,school_land_grabbed,Public school land grabbed: Laikipia,Ruai Pry,,Rift Valley Province,,Investigate,1,676,annex_45_primary_school_grabbed_with_inadequate_details.csv,,none,School land: Laikipia — held by Ruai Pry,1
annex_45_school_0327,Laikipia,,unknown,school_land_grabbed,Public school land grabbed: Laikipia,Mirango Pry,,Rift Valley Province,,Investigate,1,676,annex_45_primary_school_grabbed_with_inadequate_details.csv,,none,School land: Laikipia — held by Mirango Pry,1
annex_45_school_0328,Laikipia,,unknown,school_land_grabbed,Public school land grabbed: Laikipia,MachU112:UrU Pry,,Rift Valley Province,5.00,Investigate,1,676,annex_45_primary_school_grabbed_with_inadequate_details.csv,,none,School land: Laikipia — held by MachU112:UrU Pry,1
annex_45_school_0329,Marakwet,,unknown,school_land_grabbed,Public school land grabbed: Marakwet,Kiplabai Pry,,Rift Valley Province,10.00,Investigate,1,676,annex_45_primary_school_grabbed_with_inadequate_details.csv,,none,School land: Marakwet — held by Kiplabai Pry,1
annex_45_school_0330,Nakuru Municipality,,unknown,school_land_grabbed,Public school land grabbed: Nakuru Municipality,Rhino Pry,,Rift Valley Province,,Investigate,1,676,annex_45_primary_school_grabbed_with_inadequate_details.csv,,none,School land: Nakuru Municipality — held by Rhino Pry,1
annex_45_school_0331,Trans Mara,,unknown,school_land_grabbed,Public school land grabbed: Trans Mara,Chesoen Pry,,Rift Valley Province,2.00,Investigate,1,676,annex_45_primary_school_grabbed_with_inadequate_details.csv,,none,School land: Trans Mara — held by Chesoen Pry,1
annex_45_school_0332,Trans Mara,,unknown,school_land_grabbed,Public school land grabbed: Trans Mara,Tagitech Pry,,Rift Valley Province,10.00,Investigate,1,676,annex_45_primary_school_grabbed_with_inadequate_details.csv,,none,School land: Trans Mara — held by Tagitech Pry,1
annex_45_school_0333,Bungoma,,unknown,school_land_grabbed,Public school land grabbed: Bungoma,Siaka DEB Pry,,Western Province,,Investigate,1,677,annex_45_primary_school_grabbed_with_inadequate_details.csv,,none,School land: Bungoma — held by Siaka DEB Pry,1
annex_45_school_0334,Butere Mumias,,unknown,school_land_grabbed,Public school land grabbed: Butere Mumias,Ichinga Muslim Pry,,Western Province,2.00,Investigate,1,677,annex_45_primary_school_grabbed_with_inadequate_details.csv,,none,School land: Butere Mumias — held by Ichinga Muslim Pry,1
annex_45_school_0335,Kakamega,,unknown,school_land_grabbed,Public school land grabbed: Kakamega,Nil Return,,Western Province,,Investigate,1,677,annex_45_primary_school_grabbed_with_inadequate_details.csv,,none,School land: Kakamega — held by Nil Return,1
annex_45_school_0336,Teso,,unknown,school_land_grabbed,Public school land grabbed: Teso,Amukura 'G' Pry,,Western Province,,Investigate,1,677,annex_45_primary_school_grabbed_with_inadequate_details.csv,,none,School land: Teso — held by Amukura 'G' Pry,1
annex_45_school_0337,Kiambu,,unknown,school_land_grabbed,Public school land grabbed: Kiambu,KINALE SEC,,Central Province,3.0,Revoke,1,666,annex_45_public_secondary_grabbed.csv,,none,School land: Kiambu — held by KINALE SEC,1
annex_45_school_0338,KERUGOYA GIRLS SEC,,unknown,school_land_grabbed,Public school land grabbed: KERUGOYA GIRLS SEC,KERUGOYA GIRLS SEC,,Central Province,4.00,Revoke,1,666,annex_45_public_secondary_grabbed.csv,,none,School land: KERUGOYA GIRLS SEC — held by KERUGOYA GIRLS SEC,0
annex_45_school_0339,Kirinyaga,,unknown,school_land_grabbed,Public school land grabbed: Kirinyaga,KUTUS SEC,,Central Province,13.00,Revoke,1,666,annex_45_public_secondary_grabbed.csv,,none,School land: Kirinyaga — held by KUTUS SEC,1
annex_45_school_0340,Kirinyaga,,unknown,school_land_grabbed,Public school land grabbed: Kirinyaga,Mbutiti Kabiru,,Central Province,5.00,Revoke,1,667,annex_45_public_secondary_grabbed.csv,,none,School land: Kirinyaga — held by Mbutiti Kabiru,1
annex_45_school_0341,WANGURU GIRLS SEC,,unknown,school_land_grabbed,Public school land grabbed: WANGURU GIRLS SEC,Mary Nyambura Nduru,,Central Province,5.00,Revoke,1,667,annex_45_public_secondary_grabbed.csv,,none,School land: WANGURU GIRLS SEC — held by Mary Nyambura Nduru,0
annex_45_school_0342,Nyandarua,,unknown,school_land_grabbed,Public school land grabbed: Nyandarua,Nyakinyua Women Group,,Central Province,9.00,Revoke,1,667,annex_45_public_secondary_grabbed.csv,,none,School land: Nyandarua — held by Nyakinyua Women Group,1
annex_45_school_0343,Nyandarua,,unknown,school_land_grabbed,Public school land grabbed: Nyandarua,NDIVAI SEC,,Central Province,,Revoke,1,667,annex_45_public_secondary_grabbed.csv,,none,School land: Nyandarua — held by NDIVAI SEC,1
annex_45_school_0344,Nyandarua,,unknown,school_land_grabbed,Public school land grabbed: Nyandarua,Owner of Plot No. 84 S Kinangop,,Central Province,,Revoke,1,667,annex_45_public_secondary_grabbed.csv,,none,School land: Nyandarua — held by Owner of Plot No. 84 S Kinangop,1
annex_45_school_0345,Nyeri,,unknown,school_land_grabbed,Public school land grabbed: Nyeri,Francis Waweru Gaitho,,Central Province,4.00,Revoke,1,667,annex_45_public_secondary_grabbed.csv,,none,School land: Nyeri — held by Francis Waweru Gaitho,1
annex_45_school_0346,Nyeri,,unknown,school_land_grabbed,Public school land grabbed: Nyeri,Individual Sold To A Church,,Central Province,1.00,Revoke,1,667,annex_45_public_secondary_grabbed.csv,,none,School land: Nyeri — held by Individual Sold To A Church,1
annex_45_school_0347,Nyeri,,unknown,school_land_grabbed,Public school land grabbed: Nyeri,Ai.I.Ca Church Illegally Allocated,,Central Province,1.00,Revoke,1,667,annex_45_public_secondary_grabbed.csv,,none,School land: Nyeri — held by Ai.I.Ca Church Illegally Allocated,1
annex_45_school_0348,Kilifi,,unknown,school_land_grabbed,Public school land grabbed: Kilifi,Dispute Between K.L.M,,Coast Province,3.00,Revoke,1,668,annex_45_public_secondary_grabbed.csv,,none,School land: Kilifi — held by Dispute Between K.L.M,1
annex_45_school_0349,Mombasa,,unknown,school_land_grabbed,Public school land grabbed: Mombasa,Shoee Swaminarayan,,Coast Province,2.00,Revoke,1,668,annex_45_public_secondary_grabbed.csv,,none,School land: Mombasa — held by Shoee Swaminarayan,1
annex_45_school_0350,Mombasa,,unknown,school_land_grabbed,Public school land grabbed: Mombasa,Turf Developers Limited,,Coast Province,2.00,Revoke,1,668,annex_45_public_secondary_grabbed.csv,,none,School land: Mombasa — held by Turf Developers Limited,1
annex_45_school_0351,MBARAKI GIRLS SEC,,unknown,school_land_grabbed,Public school land grabbed: MBARAKI GIRLS SEC,Owned By Rashid Sajjad. Hussen Khamis,,Coast Province,,Revoke,1,668,annex_45_public_secondary_grabbed.csv,,none,School land: MBARAKI GIRLS SEC — held by Owned By Rashid Sajjad. Hussen Khamis,0
annex_45_school_0352,Tana River,,unknown,school_land_grabbed,Public school land grabbed: Tana River,Details Of Beneficiaries Unknown,,Coast Province,,Revoke,1,668,annex_45_public_secondary_grabbed.csv,,none,School land: Tana River — held by Details Of Beneficiaries Unknown,1
annex_45_school_0353,Makueni,,unknown,school_land_grabbed,Public school land grabbed: Makueni,Mathew Mutisya,,Eastern Province,6.00,Revoke,1,668,annex_45_public_secondary_grabbed.csv,,none,School land: Makueni — held by Mathew Mutisya,1
annex_45_school_0354,MUSLIM GIRLS SEC,,unknown,school_land_grabbed,Public school land grabbed: MUSLIM GIRLS SEC,Jospeh Muigai Muroki,,Eastern Province,,Revoke,1,668,annex_45_public_secondary_grabbed.csv,,none,School land: MUSLIM GIRLS SEC — held by Jospeh Muigai Muroki,0
annex_45_school_0355,Nairobi,,unknown,school_land_grabbed,Public school land grabbed: Nairobi,Philip Kibet Tonui Of Lengusha Enterprises,,Nairobi Province,1.00,Revoke,1,669,annex_45_public_secondary_grabbed.csv,,none,School land: Nairobi — held by Philip Kibet Tonui Of Lengusha Enterprises,1
annex_45_school_0356,Marakwet,,unknown,school_land_grabbed,Public school land grabbed: Marakwet,Mr Stephen Yator,,Rift Valley Province,25.00,Revoke,1,669,annex_45_public_secondary_grabbed.csv,,none,School land: Marakwet — held by Mr Stephen Yator,1
annex_45_school_0357,Nakuru,,unknown,school_land_grabbed,Public school land grabbed: Nakuru,Kiplenge Chesang,,Rift Valley Province,10.00,Revoke,1,669,annex_45_public_secondary_grabbed.csv,,none,School land: Nakuru — held by Kiplenge Chesang,1
annex_45_school_0358,Trans Nzoia,,unknown,school_land_grabbed,Public school land grabbed: Trans Nzoia,Directors Bwake Farm,,Rift Valley Province,4.00,Revoke,1,669,annex_45_public_secondary_grabbed.csv,,none,School land: Trans Nzoia — held by Directors Bwake Farm,1
annex_45_school_0359,Uasin Gishu,,unknown,school_land_grabbed,Public school land grabbed: Uasin Gishu,Samson K. Cheruiyot,,Rift Valley Province,2.00,Revoke,1,669,annex_45_public_secondary_grabbed.csv,,none,School land: Uasin Gishu — held by Samson K. Cheruiyot,1
annex_45_school_0360,Bungoma,,unknown,school_land_grabbed,Public school land grabbed: Bungoma,Wamukune Chebat(vendor),,Western Province,2.00,Revoke,1,669,annex_45_public_secondary_grabbed.csv,,none,School land: Bungoma — held by Wamukune Chebat(vendor),1
annex_45_school_0361,Nangina Girls Sec,,unknown,school_land_grabbed,Public school land grabbed: Nangina Girls Sec,Francis Herert,,Western Province,2.00,Revoke,1,669,annex_45_public_secondary_grabbed.csv,,none,School land: Nangina Girls Sec — held by Francis Herert,0
annex_45_school_0362,Kakamega,,unknown,school_land_grabbed,Public school land grabbed: Kakamega,Vihaga P.A.G Church,,Western Province,2.00,Revoke,1,669,annex_45_public_secondary_grabbed.csv,,none,School land: Kakamega — held by Vihaga P.A.G Church,1
annex_45_school_0363,Kakamega,,unknown,school_land_grabbed,Public school land grabbed: Kakamega,George Amondo Burundi,,Western Province,0.00,Revoke,1,669,annex_45_public_secondary_grabbed.csv,,none,School land: Kakamega — held by George Amondo Burundi,1
annex_45_school_0364,Mt Elgon,,unknown,school_land_grabbed,Public school land grabbed: Mt Elgon,Jacob Matanda,,Western Province,1.00,Revoke,1,670,annex_45_public_secondary_grabbed.csv,,none,School land: Mt Elgon — held by Jacob Matanda,1
annex_45_school_0365,Vihiga,,unknown,school_land_grabbed,Public school land grabbed: Vihiga,Samuel K. Busienei Registered ASB Nandi Kapsengere 457,,Western Province,4.00,Revoke,1,670,annex_45_public_secondary_grabbed.csv,,none,School land: Vihiga — held by Samuel K. Busienei Registered ASB Nandi Kapsengere 457,1
annex_45_school_0366,Thika High Sch.,,unknown,school_land_grabbed,Public school land grabbed: Thika High Sch.,,,Central Province,,Investigate,1,678,annex_45_secondary_schools_with_inadequate_details.csv,,none,School land: Thika High Sch.,0
annex_45_school_0367,Mombasa Technical Training,,unknown,school_land_grabbed,Public school land grabbed: Mombasa Technical Training,,,Coast Province,,Investigate,1,678,annex_45_secondary_schools_with_inadequate_details.csv,,none,School land: Mombasa Technical Training,1
annex_45_school_0368,Allidina Visram High Sch.,,unknown,school_land_grabbed,Public school land grabbed: Allidina Visram High Sch.,,,Coast Province,,Investigate,1,678,annex_45_secondary_schools_with_inadequate_details.csv,,none,School land: Allidina Visram High Sch.,0
annex_45_school_0369,Ontulili Sec. School,,unknown,school_land_grabbed,Public school land grabbed: Ontulili Sec. School,,,Eastern Province,8.1,Investigate,1,679,annex_45_secondary_schools_with_inadequate_details.csv,,none,School land: Ontulili Sec. School,0
annex_45_school_0370,Keeru Sec School,,unknown,school_land_grabbed,Public school land grabbed: Keeru Sec School,,,Eastern Province,3.24,Investigate,1,679,annex_45_secondary_schools_with_inadequate_details.csv,,none,School land: Keeru Sec School,0
annex_45_school_0371,Nkuene Girls High,,unknown,school_land_grabbed,Public school land grabbed: Nkuene Girls High,,,Eastern Province,,Investigate,1,679,annex_45_secondary_schools_with_inadequate_details.csv,,none,School land: Nkuene Girls High,0
annex_45_school_0372,Nairobi,,unknown,school_land_grabbed,Public school land grabbed: Nairobi,,,Nairobi Province,,Investigate,1,679,annex_45_secondary_schools_with_inadequate_details.csv,,none,School land: Nairobi,1
annex_45_school_0373,Embakasi Girls H,,unknown,school_land_grabbed,Public school land grabbed: Embakasi Girls H,,,Nairobi Province,4.0,Investigate,1,679,annex_45_secondary_schools_with_inadequate_details.csv,,none,School land: Embakasi Girls H,0
annex_45_school_0374,Buru Buru Girls,,unknown,school_land_grabbed,Public school land grabbed: Buru Buru Girls,,,Nairobi Province,2.02,Investigate,1,679,annex_45_secondary_schools_with_inadequate_details.csv,,none,School land: Buru Buru Girls,0
annex_45_school_0375,Bomet,,unknown,school_land_grabbed,Public school land grabbed: Bomet,KANUSIN SEC,,Rift Valley Province,,Investigate,1,679,annex_45_secondary_schools_with_inadequate_details.csv,,none,School land: Bomet — held by KANUSIN SEC,1
annex_45_school_0376,Kalulu Sec. Schoo,,unknown,school_land_grabbed,Public school land grabbed: Kalulu Sec. Schoo,,,Rift Valley Province,,Investigate,1,679,annex_45_secondary_schools_with_inadequate_details.csv,,none,School land: Kalulu Sec. Schoo,0
annex_04_road_reserve_0001,Kenol Petrol Station,,unknown,road_reserve_encroachment,Encroaching on public utility and highway,Kenol Petrol Station,,Uhuru Highway/Haile Selassie Avenue round about,,Survey/Mark and Clear,1,48,annex_04_encroachment_by_petrol_stations.csv,,none,"Kenol Petrol Station, Uhuru Highway/Haile Selassie Avenue round about",0
annex_04_road_reserve_0002,Heshima Filling Station,,unknown,road_reserve_encroachment,Langata Road Reserve,Heshima Filling Station,,Langata Road(Opposite Uchumi Supermarket),,Survey/Mark and Clear,1,48,annex_04_encroachment_by_petrol_stations.csv,,none,"Heshima Filling Station, Langata Road(Opposite Uchumi Supermarket)",0
annex_04_road_reserve_0003,Kobil Petrol Station,,unknown,road_reserve_encroachment,Langata Road Reserve,Kobil Petrol Station,,Langata Road opposite Uchumi Supermarket,,Survey/Mark and Clear,1,48,annex_04_encroachment_by_petrol_stations.csv,,none,"Kobil Petrol Station, Langata Road opposite Uchumi Supermarket",0
annex_04_road_reserve_0004,Kenol Petrol Station,,unknown,road_reserve_encroachment,Built on Kenya Railways Land,Kenol Petrol Station,,Uhuru Highway opposite Cemetery,,Survey/Mark and Clear,1,48,annex_04_encroachment_by_petrol_stations.csv,,none,"Kenol Petrol Station, Uhuru Highway opposite Cemetery",0
annex_04_road_reserve_0005,Caltex Petrol station,,unknown,road_reserve_encroachment,Buily on Road Reserve,Caltex Petrol station,,Aerodrome Road near Madaraka Estate,,Survey/Mark and Clear,1,48,annex_04_encroachment_by_petrol_stations.csv,,none,"Caltex Petrol station, Aerodrome Road near Madaraka Estate",0
annex_04_road_reserve_0006,Kobil Petrol Station,,unknown,road_reserve_encroachment,Built on Road Reserves and Public car Park for Nyayo Stadium,Kobil Petrol Station,,Langata Rd/Aerodrome Rd Convergence,,Survey/Mark and Clear,1,48,annex_04_encroachment_by_petrol_stations.csv,,none,"Kobil Petrol Station, Langata Rd/Aerodrome Rd Convergence",0
annex_04_road_reserve_0007,Kenol Petrol Station,,unknown,road_reserve_encroachment,Air and Diesel pumps on road reserve,Kenol Petrol Station,,Outering Road,,Survey/Mark and Clear,1,48,annex_04_encroachment_by_petrol_stations.csv,,none,"Kenol Petrol Station, Outering Road",0
annex_04_road_reserve_0008,Nakumatt/Kenol Petrol Station,,unknown,road_reserve_encroachment,Encroachmenr on road reserve by 492/2.4920/216/4/2.49922/5/1,Nakumatt/Kenol Petrol Station,,Thika Road opposite entrance to KBL,,Survey/Mark and Clear,1,48,annex_04_encroachment_by_petrol_stations.csv,,none,"Nakumatt/Kenol Petrol Station, Thika Road opposite entrance to KBL",0
annex_04_road_reserve_0009,Mirema Drive Filing Station,,unknown,road_reserve_encroachment,Road encroachment dangerous to motorists/Pedestriansnd and public safety,Mirema Drive Filing Station,,Kamiti Road,,Survey/Mark and Clear,1,48,annex_04_encroachment_by_petrol_stations.csv,,none,"Mirema Drive Filing Station, Kamiti Road",0
annex_04_road_reserve_0010,Unibase Petroleum,,unknown,road_reserve_encroachment,Road encroachment dangerous to motorists/Pedestriansnd and public safety,Unibase Petroleum,,Kamiti Road,,Survey/Mark and Clear,1,48,annex_04_encroachment_by_petrol_stations.csv,,none,"Unibase Petroleum, Kamiti Road",0
annex_04_road_reserve_0011,Kajiado,,unknown,road_reserve_encroachment,Arthi River/Kitengela/Isinya,Kajiado,,Nairobi/Namanga Road,,Surveys Makrks and Clear,1,42,annex_04_road_encroachment.csv,,none,"Kajiado, Nairobi/Namanga Road",0
annex_04_road_reserve_0012,Kjiado,,unknown,road_reserve_encroachment,Kajiado/Bisel/Township/Maili Tisa/Namanga Loitokitok,Kjiado,,Road Maintenance Camp,,Investigate with a view to revoke,1,42,annex_04_road_encroachment.csv,,none,"Kjiado, Road Maintenance Camp",0
annex_04_road_reserve_0013,Kjiado,,unknown,road_reserve_encroachment,Ongata Rongai,Kjiado,,Ongata Rongai/Kiserian Road,,Survey/Mark and clear,1,42,annex_04_road_encroachment.csv,,none,"Kjiado, Ongata Rongai/Kiserian Road",0
annex_04_road_reserve_0014,Kajiado,,unknown,road_reserve_encroachment,Dagoretti Corner/Karen Roundabout/Kerarapon/Ngong Town,Kajiado,,Ngong Road,,Survey/Mark and clear,1,42,annex_04_road_encroachment.csv,,none,"Kajiado, Ngong Road",0
annex_04_road_reserve_0015,Kisumu,,unknown,road_reserve_encroachment,Ofafa Area off Kakamaega Road,Kisumu,,Kibuye Market/Winam Court,,Survey/Mark and clear,1,42,annex_04_road_encroachment.csv,,none,"Kisumu, Kibuye Market/Winam Court",0
annex_04_road_reserve_0016,Kisumu,,unknown,road_reserve_encroachment,Via Gulf Stream Hotel,Kisumu,,Off Awor Otiende Road,,Survey/Mark and clear,1,42,annex_04_road_encroachment.csv,,none,"Kisumu, Off Awor Otiende Road",0
annex_04_road_reserve_0017,Kisumu,,unknown,road_reserve_encroachment,Off Kisumu-Nairobi Road,Kisumu,,Nyamasaria-Kachok-Kondele-Mamboleo By-pass,,Survey/Mark and clear,1,42,annex_04_road_encroachment.csv,,none,"Kisumu, Nyamasaria-Kachok-Kondele-Mamboleo By-pass",0
annex_04_road_reserve_0018,Kisumu,,unknown,road_reserve_encroachment,Off Kisumu-Maseno Road opposite Airport,Kisumu,,Riat Market-Kogony-Mamboleo By-pass,,Survey/Mark and clear,1,42,annex_04_road_encroachment.csv,,none,"Kisumu, Riat Market-Kogony-Mamboleo By-pass",0
annex_04_road_reserve_0019,Kisumu,,unknown,road_reserve_encroachment,Fronting of Block 12/238 and 237,Kisumu,,Lane off Ojijo Oteko Road,,Survey/Mark and clear,1,42,annex_04_road_encroachment.csv,,none,"Kisumu, Lane off Ojijo Oteko Road",0
annex_04_road_reserve_0020,Kisumu,,unknown,road_reserve_encroachment,Airport area opposite cemetery fenced stone wall,Kisumu,,Road Maintenance camp,,Survey/Mark and clear,1,42,annex_04_road_encroachment.csv,,none,"Kisumu, Road Maintenance camp",0
annex_04_road_reserve_0021,Transzoia,,unknown,road_reserve_encroachment,Kwa Muthoni Kipagenge/Maili Saba and Moi's Bridge shopping centres,Transzoia,,Kitale/Eldoret Road,,Survey/Mark and clear,1,42,annex_04_road_encroachment.csv,,none,"Transzoia, Kitale/Eldoret Road",0
annex_04_road_reserve_0022,Transzoia,,unknown,road_reserve_encroachment,Encroachment on road reserve / public utility,Transzoia,,Raia and Kitale Suam Road(Raia Area),,Survey/Mark and clear,1,42,annex_04_road_encroachment.csv,,none,"Transzoia, Raia and Kitale Suam Road(Raia Area)",0
annex_04_road_reserve_0023,Kapenguria,,unknown,road_reserve_encroachment,Chemotet Secondary School,Kapenguria,,Makutano/Kapenguria Road(E341),,Survey/Mark and clear,1,43,annex_04_road_encroachment.csv,,none,"Kapenguria, Makutano/Kapenguria Road(E341)",0
annex_04_road_reserve_0024,Kapenguria,,unknown,road_reserve_encroachment,Makutano/Kapenguria Junction,Kapenguria,,,,Survey/Mark and clear,1,43,annex_04_road_encroachment.csv,,none,Kapenguria,0
annex_04_road_reserve_0025,Uasin Gishu,,unknown,road_reserve_encroachment,Chepkelel Junction,Uasin Gishu,,D328 and C451,,Survey/Mark and clear,1,43,annex_04_road_encroachment.csv,,none,"Uasin Gishu, D328 and C451",0
annex_04_road_reserve_0026,Uasin Gishu,,unknown,road_reserve_encroachment,Near GPO,Uasin Gishu,,Uganda Road,,Survey/Mark and clear,1,43,annex_04_road_encroachment.csv,,none,"Uasin Gishu, Uganda Road",0
annex_04_road_reserve_0027,Uasin Gishu,,unknown,road_reserve_encroachment,Behind GPO,Uasin Gishu,,Access Road to Uganda Road,,Survey/Mark and clear,1,43,annex_04_road_encroachment.csv,,none,"Uasin Gishu, Access Road to Uganda Road",0
annex_04_road_reserve_0028,Uasin Gishu,,unknown,road_reserve_encroachment,Encroachment on road reserve / public utility,Uasin Gishu,,Sossian Road Maintenance and Resealing Camp,,Investigate with a view to revoke,1,43,annex_04_road_encroachment.csv,,none,"Uasin Gishu, Sossian Road Maintenance and Resealing Camp",0
annex_04_road_reserve_0029,Baringo,,unknown,road_reserve_encroachment,ART Building Municipal Market,Baringo,,Kabarnet-Iten Road,,Survey/Mark and clear,1,43,annex_04_road_encroachment.csv,,none,"Baringo, Kabarnet-Iten Road",0
annex_04_road_reserve_0030,Nakuru,,unknown,road_reserve_encroachment,Solai/Nakuru,Nakuru,,Nakuru/Nyahururu(B5),,Survey/Mark and clear,1,43,annex_04_road_encroachment.csv,,none,"Nakuru, Nakuru/Nyahururu(B5)",0
annex_04_road_reserve_0031,Nakuru,,unknown,road_reserve_encroachment,Molo Junction,Nakuru,,Resealing Unit,,Survey/Mark and clear,1,43,annex_04_road_encroachment.csv,,none,"Nakuru, Resealing Unit",0
annex_04_road_reserve_0032,Nakuru,,unknown,road_reserve_encroachment,Next to Total Service Petrol Station,Nakuru,,Naivasha Road(C88),,Survey/Mark and clear,1,43,annex_04_road_encroachment.csv,,none,"Nakuru, Naivasha Road(C88)",0
annex_04_road_reserve_0033,Kisii,,unknown,road_reserve_encroachment,Kisii Town(original alignment shifted),Kisii,,Road By-Pass,,Survey/Mark and clear,1,43,annex_04_road_encroachment.csv,,none,"Kisii, Road By-Pass",0
annex_04_road_reserve_0034,Garissa,,unknown,road_reserve_encroachment,Mwingi Town(Bajabar's House),Garissa,,Garissa/Mwingi road,,Survey/Mark and clear,1,43,annex_04_road_encroachment.csv,,none,"Garissa, Garissa/Mwingi road",0
annex_04_road_reserve_0035,Maragwa,,unknown,road_reserve_encroachment,Maragwa County Council open air Market,Maragwa,,D417/E509,,Investigate with a view to revoke,1,43,annex_04_road_encroachment.csv,,none,"Maragwa, D417/E509",0
annex_04_road_reserve_0036,Maragwa,,unknown,road_reserve_encroachment,About 400m metres from town,Maragwa,,Old Kangari Road,,Investigate with a view to revoke,1,43,annex_04_road_encroachment.csv,,none,"Maragwa, Old Kangari Road",0
annex_04_road_reserve_0037,Maragwa,,unknown,road_reserve_encroachment,Kigumo Market,Maragwa,,Between Kigumo and Kangari Market,,Survey/Mark and clear,1,43,annex_04_road_encroachment.csv,,none,"Maragwa, Between Kigumo and Kangari Market",0
annex_04_road_reserve_0038,Maragwa,,unknown,road_reserve_encroachment,Muslim Girls' Secondary School,Maragwa,,Maragwa Road Maintenance camp,,Survey/Mark and clear,1,43,annex_04_road_encroachment.csv,,none,"Maragwa, Maragwa Road Maintenance camp",0
annex_04_road_reserve_0039,Thika,,unknown,road_reserve_encroachment,Encroachment on road reserve / public utility,Thika,,Kongo Road/Kenyatta Road,,Survey/Mark and clear,1,43,annex_04_road_encroachment.csv,,none,"Thika, Kongo Road/Kenyatta Road",0
annex_04_road_reserve_0040,Thika,,unknown,road_reserve_encroachment,Juja Town and between Juja River and Migai Inn,Thika,,Old National Nairobi Road Reserve,,Survey/Mark and clear,1,43,annex_04_road_encroachment.csv,,none,"Thika, Old National Nairobi Road Reserve",0
annex_04_road_reserve_0041,Thika,,unknown,road_reserve_encroachment,Gatundu,Thika,,Road Maintenance Camp,,Investigate with a view to revoke,1,44,annex_04_road_encroachment.csv,,none,"Thika, Road Maintenance Camp",0
annex_04_road_reserve_0042,Kiambu,,unknown,road_reserve_encroachment,1km loop off Tigoni/Kabuku Road,Kiambu,,E423 Road,,Survey/Mark and clear,1,44,annex_04_road_encroachment.csv,,none,"Kiambu, E423 Road",0
annex_04_road_reserve_0043,Kiambu,,unknown,road_reserve_encroachment,Karuri/Ndenderu Road(C 63)Junction,Kiambu,,Limuru/Ruaka Road(C62),,Survey/Mark and clear,1,44,annex_04_road_encroachment.csv,,none,"Kiambu, Limuru/Ruaka Road(C62)",0
annex_04_road_reserve_0044,Kiambu,,unknown,road_reserve_encroachment,Muthumu Market,Kiambu,,"25m Road ""D"" class off Wangige Kikuyu Road",,Survey/Mark and clear,1,44,annex_04_road_encroachment.csv,,none,"Kiambu, 25m Road ""D"" class off Wangige Kikuyu Road",0
annex_04_road_reserve_0045,Kiambu,,unknown,road_reserve_encroachment,Banana Hill-Thimbigwa,Kiambu,,Road Maintenance Camp,,Investigate with a view to revoke,1,44,annex_04_road_encroachment.csv,,none,"Kiambu, Road Maintenance Camp",0
annex_04_road_reserve_0046,Nyeri,,unknown,road_reserve_encroachment,Naromoru Town,Nyeri,,Road Maintenance Camp,,Investigate with a view to revoke,1,44,annex_04_road_encroachment.csv,,none,"Nyeri, Road Maintenance Camp",0
annex_04_road_reserve_0047,Nyeri,,unknown,road_reserve_encroachment,Petrol station at the Turn-off to Kuniville Estate,Nyeri,,Roads,,Survey/Mark and clear,1,44,annex_04_road_encroachment.csv,,none,"Nyeri, Roads",0
annex_04_road_reserve_0048,Nyeri,,unknown,road_reserve_encroachment,P.T Ndegwa building at Kiganjo/Nyahururu turn-off,Nyeri,,Road Reserve and Bus Park,,Survey/Mark and clear,1,44,annex_04_road_encroachment.csv,,none,"Nyeri, Road Reserve and Bus Park",0
annex_04_road_reserve_0049,Nyeri,,unknown,road_reserve_encroachment,Extension of Central Hotel Ltd encroaching on road,Nyeri,,Road,,Survey/Mark and clear,1,44,annex_04_road_encroachment.csv,,none,"Nyeri, Road",0
annex_04_road_reserve_0050,Laikipia,,unknown,road_reserve_encroachment,Encroachment on road reserve / public utility,Laikipia,,Old Laikipia-Meru Road,,Survey/Mark and clear,1,44,annex_04_road_encroachment.csv,,none,"Laikipia, Old Laikipia-Meru Road",0
annex_04_road_reserve_0051,Laikipia,,unknown,road_reserve_encroachment,5 out of 7 in the District-Former Nanyuki Roads Camp/Lamuria/Rumuruti/5 Miles Camp/Present DWO's office and camp,Laikipia,,Road Maintenance camp,,Investigate with a view to revoke,1,44,annex_04_road_encroachment.csv,,none,"Laikipia, Road Maintenance camp",0
annex_04_road_reserve_0052,Meru Centaral,,unknown,road_reserve_encroachment,Nkubu Market,Meru Centaral,,Embu-Meru(B6),,Survey/Mark and clear,1,44,annex_04_road_encroachment.csv,,none,"Meru Centaral, Embu-Meru(B6)",0
annex_04_road_reserve_0053,Meru Central,,unknown,road_reserve_encroachment,Encroachment on road reserve / public utility,Meru Central,,Gakoromani and Nkubu Road Maintenance Camps,,Investigate with a view to revoke,1,44,annex_04_road_encroachment.csv,,none,"Meru Central, Gakoromani and Nkubu Road Maintenance Camps",0
annex_04_road_reserve_0054,Embu,,unknown,road_reserve_encroachment,Embu Town/Runyenjes Town/Kiaragania/Chuka Town,Embu,,Nairobi-Embu Road(B6),,Survey/Mark and clear,1,45,annex_04_road_encroachment.csv,,none,"Embu, Nairobi-Embu Road(B6)",0
annex_04_road_reserve_0055,Embu,,unknown,road_reserve_encroachment,Runyenjes Township,Embu,,Runyenjes Road Camp,,Investigate with a view to revokation,1,45,annex_04_road_encroachment.csv,,none,"Embu, Runyenjes Road Camp",0
annex_04_road_reserve_0056,Taita Taveta,,unknown,road_reserve_encroachment,Voi Town,Taita Taveta,,C 105,,Survey/Mark and clear,1,45,annex_04_road_encroachment.csv,,none,"Taita Taveta, C 105",0
annex_04_road_reserve_0057,Taita Taveta,,unknown,road_reserve_encroachment,Taveta,Taita Taveta,,A 23,,Survey/Mark and clear,1,45,annex_04_road_encroachment.csv,,none,"Taita Taveta, A 23",0
annex_04_road_reserve_0058,Kwale,,unknown,road_reserve_encroachment,Likoni-Ukunda-Diani Area,Kwale,,Lunga Lunga Road,,Survey/Mark and clear,1,45,annex_04_road_encroachment.csv,,none,"Kwale, Lunga Lunga Road",0
annex_04_road_reserve_0059,Malindi,,unknown,road_reserve_encroachment,Shanzu T.T.C neighborhood/Mtwapa Town/Kilifi Town Junction/Watamu Road Junction,Malindi,,Mombasa-Malindi Road,,Survey/Mark and clear,1,45,annex_04_road_encroachment.csv,,none,"Malindi, Mombasa-Malindi Road",0
annex_04_road_reserve_0060,Malindi,,unknown,road_reserve_encroachment,District Works Office and upto Woburn Residence Club,Malindi,,Lamu Road,,Survey/Mark and clear,1,45,annex_04_road_encroachment.csv,,none,"Malindi, Lamu Road",0
annex_04_road_reserve_0061,Malindi,,unknown,road_reserve_encroachment,Encroachment on road reserve / public utility,Malindi,,Mnarani Road,,Survey/Mark and clear,1,45,annex_04_road_encroachment.csv,,none,"Malindi, Mnarani Road",0
annex_04_road_reserve_0062,Malindi,,unknown,road_reserve_encroachment,Encroachment on road reserve / public utility,Malindi,,Ziwani and Casurina Roads,,Survey/Mark and clear,1,45,annex_04_road_encroachment.csv,,none,"Malindi, Ziwani and Casurina Roads",0
annex_04_road_reserve_0063,Mombasa,,unknown,road_reserve_encroachment,Safari House,Mombasa,,Off Mama Ngina Drive,,Survey/Mark and clear,1,45,annex_04_road_encroachment.csv,,none,"Mombasa, Off Mama Ngina Drive",0
annex_04_road_reserve_0064,Mombasa,,unknown,road_reserve_encroachment,Maji Drilling and Makande Butchery,Mombasa,,Makupa-Makande Raod,,Survey/Mark and clear,1,45,annex_04_road_encroachment.csv,,none,"Mombasa, Makupa-Makande Raod",0
annex_04_road_reserve_0065,Mombasa,,unknown,road_reserve_encroachment,Bella Plaza,Mombasa,,Malindi Road,,Survey/Mark and clear,1,45,annex_04_road_encroachment.csv,,none,"Mombasa, Malindi Road",0
annex_04_road_reserve_0066,Momabsa,,unknown,road_reserve_encroachment,Junction at the bridge,Momabsa,,Malindi/Nyali Road,,Survey/Mark and clear,1,45,annex_04_road_encroachment.csv,,none,"Momabsa, Malindi/Nyali Road",0
annex_04_road_reserve_0067,Mombasa,,unknown,road_reserve_encroachment,Fly-over on Nairobi-Mombasa Railway line/Mlolongo Town/Arthi River to Nirobi/Machakos Road Junction(Kyumbu)Salama,Mombasa,,Nairobi-Mombasa Highway(A104),,Survey/Mark and clear,1,45,annex_04_road_encroachment.csv,,none,"Mombasa, Nairobi-Mombasa Highway(A104)",0
annex_04_road_reserve_0068,Mombasa,,unknown,road_reserve_encroachment,Market and from Makinon Road,Mombasa,,,,,1,46,annex_04_road_encroachment.csv,,none,Mombasa,0
annex_04_road_reserve_0069,Naironi,,unknown,road_reserve_encroachment,Ragati Road/Haile Selassie Avenue Junction,Naironi,,Ragati Road,,Survey/Mark and clear,1,46,annex_04_road_encroachment.csv,,none,"Naironi, Ragati Road",0
annex_04_road_reserve_0070,Nairobi,,unknown,road_reserve_encroachment,Upper Hill behind Car Track offices,Nairobi,,Service Lane,,Survey/Mark and clear,1,46,annex_04_road_encroachment.csv,,none,"Nairobi, Service Lane",0
annex_04_road_reserve_0071,Nairobi,,unknown,road_reserve_encroachment,Nairobi West and Madaraka Estate,Nairobi,,Langata Road,,Survey/Mark and clear,1,46,annex_04_road_encroachment.csv,,none,"Nairobi, Langata Road",0
annex_04_road_reserve_0072,Nairobi,,unknown,road_reserve_encroachment,"North South ""B""",Nairobi,,Mwamberer Road(Lane),,Survey/Mark and clear,1,46,annex_04_road_encroachment.csv,,none,"Nairobi, Mwamberer Road(Lane)",0
annex_04_road_reserve_0073,Nairobi,,unknown,road_reserve_encroachment,Park Road Muslim Clinic,Nairobi,,Kalalu Road,,Survey/Mark and clear,1,46,annex_04_road_encroachment.csv,,none,"Nairobi, Kalalu Road",0
annex_04_road_reserve_0074,Nairobi,,unknown,road_reserve_encroachment,Near National Museum/Kipande Road Service Station,Nairobi,,Kipande Road Ngara,,Survey/Mark and clear,1,46,annex_04_road_encroachment.csv,,none,"Nairobi, Kipande Road Ngara",0
annex_04_road_reserve_0075,Nairobi,,unknown,road_reserve_encroachment,Zimmerman,Nairobi,,Kamiti Road,,Survey/Mark and clear,1,46,annex_04_road_encroachment.csv,,none,"Nairobi, Kamiti Road",0
annex_04_road_reserve_0076,Nairobi,,unknown,road_reserve_encroachment,Encroachment on road reserve / public utility,Nairobi,,Roysambu Roundabout,,Survey/Mark and clear,1,46,annex_04_road_encroachment.csv,,none,"Nairobi, Roysambu Roundabout",0
annex_04_road_reserve_0077,Nyandarua,,unknown,road_reserve_encroachment,Block 6,Nyandarua,,Road Maintenance Depot,,Investigate with a view to revokation,1,46,annex_04_road_encroachment.csv,,none,"Nyandarua, Road Maintenance Depot",0
annex_04_road_reserve_0078,Nyandarua,,unknown,road_reserve_encroachment,Nyahururu Olkalou Raod,Nyandarua,,Rural Access Road Camp(EX HZ),,Investigate with a view to revokation,1,46,annex_04_road_encroachment.csv,,none,"Nyandarua, Rural Access Road Camp(EX HZ)",0
annex_04_road_reserve_0079,Machakos,,unknown,road_reserve_encroachment,Susu Centre,Machakos,,Nairobi/Kitui Road(C 97),,Survey/Mark and clear,1,46,annex_04_road_encroachment.csv,,none,"Machakos, Nairobi/Kitui Road(C 97)",0
annex_04_road_reserve_0080,Mchakos,,unknown,road_reserve_encroachment,Mlolongo Town,Mchakos,,Mombasa Road(A104),,Survey/Mark and clear,1,46,annex_04_road_encroachment.csv,,none,"Mchakos, Mombasa Road(A104)",0
annex_04_road_reserve_0081,Machakos,,unknown,road_reserve_encroachment,Matuu Town:Kithioko Market,Machakos,,Thika-Garissa Road,,Survey/Mark and clear,1,46,annex_04_road_encroachment.csv,,none,"Machakos, Thika-Garissa Road",0
annex_04_road_reserve_0082,Kirinyaga,,unknown,road_reserve_encroachment,Encroachment on road reserve / public utility,Kirinyaga,,Old 40m wide Nairobi-Embu Road,,Survey/Mark and clear,1,46,annex_04_road_encroachment.csv,,none,"Kirinyaga, Old 40m wide Nairobi-Embu Road",0
annex_04_road_reserve_0083,Kirinyaga,,unknown,road_reserve_encroachment,Kutus Kerugoya/Kergoya Baricho Junction,Kirinyaga,,Road Maintenance Camp,,Survey/Mark and clear,1,46,annex_04_road_encroachment.csv,,none,"Kirinyaga, Road Maintenance Camp",0
annex_04_road_reserve_0084,Muranga,,unknown,road_reserve_encroachment,Kahuro Market;Gatuya Market;Githambo Market and Kahatia Market,Muranga,,Muranga-Kiruri Road no.D 440,,Survey/Mark and clear,1,46,annex_04_road_encroachment.csv,,none,"Muranga, Muranga-Kiruri Road no.D 440",0
annex_04_road_reserve_0085,Muranga,,unknown,road_reserve_encroachment,Kiriani Market,Muranga,,Muranga-Kiriani Road No.D428,,Survey/Mark and clear,1,47,annex_04_road_encroachment.csv,,none,"Muranga, Muranga-Kiriani Road No.D428",0
annex_04_road_reserve_0086,Muranga,,unknown,road_reserve_encroachment,Gatuya Market;Kangema/Gakira Market;Kiriani Market,Muranga,,Maragua River-Nyeri District Boundary No.C70,,Survey/Mark and clear,1,47,annex_04_road_encroachment.csv,,none,"Muranga, Maragua River-Nyeri District Boundary No.C70",0
annex_04_road_reserve_0087,Muranga,,unknown,road_reserve_encroachment,Makuyu Market,Muranga,,Muranga-Maragua River Road(C71),,Survey/Mark and clear,1,47,annex_04_road_encroachment.csv,,none,"Muranga, Muranga-Maragua River Road(C71)",0
annex_04_road_reserve_0088,Muranga,,unknown,road_reserve_encroachment,Gakuri Market;Gitweku,Muranga,,Muranga-Karuinu Road(C72),,Survey/Mark and clear,1,47,annex_04_road_encroachment.csv,,none,"Muranga, Muranga-Karuinu Road(C72)",0
annex_04_road_reserve_0089,Muranga,,unknown,road_reserve_encroachment,Kanyenyaini Market,Muranga,,Kangema-Kiruri Road,,Survey/Mark and clear,1,47,annex_04_road_encroachment.csv,,none,"Muranga, Kangema-Kiruri Road",0
annex_04_road_reserve_0090,Muranga,,unknown,road_reserve_encroachment,Encroachment on road reserve / public utility,Muranga,,Works Maintenance Camp for Muranga District Hospital and its access road,,Investigation with a view to revokation,1,47,annex_04_road_encroachment.csv,,none,"Muranga, Works Maintenance Camp for Muranga District Hospital and its access road",0
annex_04_road_reserve_0091,Siaya,,unknown,road_reserve_encroachment,Nyadorera Centre,Siaya,,Sidundo-Nyadorera Road(E1164),,Survey/Mark and clear,1,47,annex_04_road_encroachment.csv,,none,"Siaya, Sidundo-Nyadorera Road(E1164)",0
annex_04_road_reserve_0092,Siaya,,unknown,road_reserve_encroachment,Sega Town/Ugunja Town,Siaya,,Sega-Aboke Road,,Survey/Mark and clear,1,47,annex_04_road_encroachment.csv,,none,"Siaya, Sega-Aboke Road",0
annex_04_road_reserve_0093,Siaya,,unknown,road_reserve_encroachment,Encroachment on road reserve / public utility,Siaya,,Ukwala Road Maintenance Camp,,Investigate withs a view to revokation,1,47,annex_04_road_encroachment.csv,,none,"Siaya, Ukwala Road Maintenance Camp",0
annex_04_road_reserve_0094,Bondo,,unknown,road_reserve_encroachment,Bondo Police Station;Bondo Hotel;Usenge Town,Bondo,,Bondo-Usenge Road,,Survey/Mark and clear,1,47,annex_04_road_encroachment.csv,,none,"Bondo, Bondo-Usenge Road",0
annex_01_company_0001,42 Nd Limited,,unknown,company_allocated_land,Company/entity listed as allocated land in the Ndung'u Report,42 Nd Limited,,,,,1,5,annex_01_companies_alloacted_land.csv,,none,42 Nd Limited,0
annex_01_company_0002,A.I.C. Dev. Trust,,unknown,company_allocated_land,Company/entity listed as allocated land in the Ndung'u Report,A.I.C. Dev. Trust,,,,,1,5,annex_01_companies_alloacted_land.csv,,none,A.I.C. Dev. Trust,0
annex_01_company_0003,A.J Pereira and & Sons Ltd,,unknown,company_allocated_land,Company/entity listed as allocated land in the Ndung'u Report,A.J Pereira and & Sons Ltd,,,,,1,5,annex_01_companies_alloacted_land.csv,,none,A.J Pereira and & Sons Ltd,0
annex_01_company_0004,Abbey Lodge Limited,,unknown,company_allocated_land,Company/entity listed as allocated land in the Ndung'u Report,Abbey Lodge Limited,,,,,1,5,annex_01_companies_alloacted_land.csv,,none,Abbey Lodge Limited,0
annex_01_company_0005,Aboo Ltd,,unknown,company_allocated_land,Company/entity listed as allocated land in the Ndung'u Report,Aboo Ltd,,,,,1,5,annex_01_companies_alloacted_land.csv,,none,Aboo Ltd,0
annex_01_company_0006,Academics Services Limited,,unknown,company_allocated_land,Company/entity listed as allocated land in the Ndung'u Report,Academics Services Limited,,,,,1,5,annex_01_companies_alloacted_land.csv,,none,Academics Services Limited,0
annex_01_company_0007,Adlic Investments,,unknown,company_allocated_land,Company/entity listed as allocated land in the Ndung'u Report,Adlic Investments,,,,,1,5,annex_01_companies_alloacted_land.csv,,none,Adlic Investments,0
annex_01_company_0008,Advest Communications Ltd,,unknown,company_allocated_land,Company/entity listed as allocated land in the Ndung'u Report,Advest Communications Ltd,,,,,1,5,annex_01_companies_alloacted_land.csv,,none,Advest Communications Ltd,0
annex_01_company_0009,Aerial Developers Ltd,,unknown,company_allocated_land,Company/entity listed as allocated land in the Ndung'u Report,Aerial Developers Ltd,,,,,1,5,annex_01_companies_alloacted_land.csv,,none,Aerial Developers Ltd,0
annex_01_company_0010,African Queen Holdings,,unknown,company_allocated_land,Company/entity listed as allocated land in the Ndung'u Report,African Queen Holdings,,,,,1,5,annex_01_companies_alloacted_land.csv,,none,African Queen Holdings,0
annex_01_company_0011,Africo Holdings Ltd,,unknown,company_allocated_land,Company/entity listed as allocated land in the Ndung'u Report,Africo Holdings Ltd,,,,,1,5,annex_01_companies_alloacted_land.csv,,none,Africo Holdings Ltd,0
annex_01_company_0012,Aga Khan Foundation,,unknown,company_allocated_land,Company/entity listed as allocated land in the Ndung'u Report,Aga Khan Foundation,,,,,1,5,annex_01_companies_alloacted_land.csv,,none,Aga Khan Foundation,0
annex_01_company_0013,Agida Square Enterprises,,unknown,company_allocated_land,Company/entity listed as allocated land in the Ndung'u Report,Agida Square Enterprises,,,,,1,5,annex_01_companies_alloacted_land.csv,,none,Agida Square Enterprises,0
annex_01_company_0014,Agm Properties Ltd,,unknown,company_allocated_land,Company/entity listed as allocated land in the Ndung'u Report,Agm Properties Ltd,,,,,1,5,annex_01_companies_alloacted_land.csv,,none,Agm Properties Ltd,0
annex_01_company_0015,Agri Properties,,unknown,company_allocated_land,Company/entity listed as allocated land in the Ndung'u Report,Agri Properties,,,,,1,5,annex_01_companies_alloacted_land.csv,,none,Agri Properties,0
annex_01_company_0016,Agromatic Flower Farm,,unknown,company_allocated_land,Company/entity listed as allocated land in the Ndung'u Report,Agromatic Flower Farm,,,,,1,5,annex_01_companies_alloacted_land.csv,,none,Agromatic Flower Farm,0
annex_01_company_0017,Ajiw A Shamll Ltd,,unknown,company_allocated_land,Company/entity listed as allocated land in the Ndung'u Report,Ajiw A Shamll Ltd,,,,,1,5,annex_01_companies_alloacted_land.csv,,none,Ajiw A Shamll Ltd,0
annex_01_company_0018,Akaba Investments Limited,,unknown,company_allocated_land,Company/entity listed as allocated land in the Ndung'u Report,Akaba Investments Limited,,,,,1,5,annex_01_companies_alloacted_land.csv,,none,Akaba Investments Limited,0
annex_01_company_0019,Akamba Bus Limited,,unknown,company_allocated_land,Company/entity listed as allocated land in the Ndung'u Report,Akamba Bus Limited,,,,,1,5,annex_01_companies_alloacted_land.csv,,none,Akamba Bus Limited,0
annex_01_company_0020,Akash Investiments,,unknown,company_allocated_land,Company/entity listed as allocated land in the Ndung'u Report,Akash Investiments,,,,,1,5,annex_01_companies_alloacted_land.csv,,none,Akash Investiments,0
annex_01_company_0021,Al Hisga Investments (Kenya) Ltd,,unknown,company_allocated_land,Company/entity listed as allocated land in the Ndung'u Report,Al Hisga Investments (Kenya) Ltd,,,,,1,5,annex_01_companies_alloacted_land.csv,,none,Al Hisga Investments (Kenya) Ltd,0
annex_01_company_0022,Alcop Limited,,unknown,company_allocated_land,Company/entity listed as allocated land in the Ndung'u Report,Alcop Limited,,,,,1,5,annex_01_companies_alloacted_land.csv,,none,Alcop Limited,0
annex_01_company_0023,Alduchira Investment Co. Ltd,,unknown,company_allocated_land,Company/entity listed as allocated land in the Ndung'u Report,Alduchira Investment Co. Ltd,,,,,1,5,annex_01_companies_alloacted_land.csv,,none,Alduchira Investment Co. Ltd,0
annex_01_company_0024,Alhonsa Investments (k) Limited,,unknown,company_allocated_land,Company/entity listed as allocated land in the Ndung'u Report,Alhonsa Investments (k) Limited,,,,,1,5,annex_01_companies_alloacted_land.csv,,none,Alhonsa Investments (k) Limited,0
annex_01_company_0025,Al-Jazeera Investments,,unknown,company_allocated_land,Company/entity listed as allocated land in the Ndung'u Report,Al-Jazeera Investments,,,,,1,5,annex_01_companies_alloacted_land.csv,,none,Al-Jazeera Investments,0
annex_01_company_0026,Allavet Ltd,,unknown,company_allocated_land,Company/entity listed as allocated land in the Ndung'u Report,Allavet Ltd,,,,,1,5,annex_01_companies_alloacted_land.csv,,none,Allavet Ltd,0
annex_01_company_0027,Alpha Zeta Investments Ltd,,unknown,company_allocated_land,Company/entity listed as allocated land in the Ndung'u Report,Alpha Zeta Investments Ltd,,,,,1,5,annex_01_companies_alloacted_land.csv,,none,Alpha Zeta Investments Ltd,0
annex_01_company_0028,Amhurst Limited,,unknown,company_allocated_land,Company/entity listed as allocated land in the Ndung'u Report,Amhurst Limited,,,,,1,5,annex_01_companies_alloacted_land.csv,,none,Amhurst Limited,0
annex_01_company_0029,Anasaka Enterprises,,unknown,company_allocated_land,Company/entity listed as allocated land in the Ndung'u Report,Anasaka Enterprises,,,,,1,5,annex_01_companies_alloacted_land.csv,,none,Anasaka Enterprises,0
annex_01_company_0030,Andy Forwarders Services Ltd,,unknown,company_allocated_land,Company/entity listed as allocated land in the Ndung'u Report,Andy Forwarders Services Ltd,,,,,1,5,annex_01_companies_alloacted_land.csv,,none,Andy Forwarders Services Ltd,0
annex_01_company_0031,Anet Limited,,unknown,company_allocated_land,Company/entity listed as allocated land in the Ndung'u Report,Anet Limited,,,,,1,5,annex_01_companies_alloacted_land.csv,,none,Anet Limited,0
annex_01_company_0032,Ankam Holdings,,unknown,company_allocated_land,Company/entity listed as allocated land in the Ndung'u Report,Ankam Holdings,,,,,1,5,annex_01_companies_alloacted_land.csv,,none,Ankam Holdings,0
annex_01_company_0033,Annat Technical Services,,unknown,company_allocated_land,Company/entity listed as allocated land in the Ndung'u Report,Annat Technical Services,,,,,1,6,annex_01_companies_alloacted_land.csv,,none,Annat Technical Services,0
annex_01_company_0034,Anshaken Holdings Ltd,,unknown,company_allocated_land,Company/entity listed as allocated land in the Ndung'u Report,Anshaken Holdings Ltd,,,,,1,6,annex_01_companies_alloacted_land.csv,,none,Anshaken Holdings Ltd,0
annex_01_company_0035,Anti-Pest (K) Ltd,,unknown,company_allocated_land,Company/entity listed as allocated land in the Ndung'u Report,Anti-Pest (K) Ltd,,,,,1,6,annex_01_companies_alloacted_land.csv,,none,Anti-Pest (K) Ltd,0
annex_01_company_0036,Antow Trading Co. Ltd,,unknown,company_allocated_land,Company/entity listed as allocated land in the Ndung'u Report,Antow Trading Co. Ltd,,,,,1,6,annex_01_companies_alloacted_land.csv,,none,Antow Trading Co. Ltd,0
annex_01_company_0037,Anzy Investments Ltd,,unknown,company_allocated_land,Company/entity listed as allocated land in the Ndung'u Report,Anzy Investments Ltd,,,,,1,6,annex_01_companies_alloacted_land.csv,,none,Anzy Investments Ltd,0
annex_01_company_0038,Archer & Wilcock Nominess Limited,,unknown,company_allocated_land,Company/entity listed as allocated land in the Ndung'u Report,Archer & Wilcock Nominess Limited,,,,,1,6,annex_01_companies_alloacted_land.csv,,none,Archer & Wilcock Nominess Limited,0
annex_01_company_0039,Archland Engineering Ltd,,unknown,company_allocated_land,Company/entity listed as allocated land in the Ndung'u Report,Archland Engineering Ltd,,,,,1,6,annex_01_companies_alloacted_land.csv,,none,Archland Engineering Ltd,0
annex_01_company_0040,Archman Holdings,,unknown,company_allocated_land,Company/entity listed as allocated land in the Ndung'u Report,Archman Holdings,,,,,1,6,annex_01_companies_alloacted_land.csv,,none,Archman Holdings,0
annex_01_company_0041,Ariola Investments Ltd,,unknown,company_allocated_land,Company/entity listed as allocated land in the Ndung'u Report,Ariola Investments Ltd,,,,,1,6,annex_01_companies_alloacted_land.csv,,none,Ariola Investments Ltd,0
annex_01_company_0042,Aryan Enterprises,,unknown,company_allocated_land,Company/entity listed as allocated land in the Ndung'u Report,Aryan Enterprises,,,,,1,6,annex_01_companies_alloacted_land.csv,,none,Aryan Enterprises,0
annex_01_company_0043,Aryan Enterpnses Limited,,unknown,company_allocated_land,Company/entity listed as allocated land in the Ndung'u Report,Aryan Enterpnses Limited,,,,,1,6,annex_01_companies_alloacted_land.csv,,none,Aryan Enterpnses Limited,0
annex_01_company_0044,Aspen Developers Co. Ltd,,unknown,company_allocated_land,Company/entity listed as allocated land in the Ndung'u Report,Aspen Developers Co. Ltd,,,,,1,6,annex_01_companies_alloacted_land.csv,,none,Aspen Developers Co. Ltd,0
annex_01_company_0045,Associated Electrical & Hardware Suppliers Ltd,,unknown,company_allocated_land,Company/entity listed as allocated land in the Ndung'u Report,Associated Electrical & Hardware Suppliers Ltd,,,,,1,6,annex_01_companies_alloacted_land.csv,,none,Associated Electrical & Hardware Suppliers Ltd,0
annex_01_company_0046,Automotive Syndicate Ltd,,unknown,company_allocated_land,Company/entity listed as allocated land in the Ndung'u Report,Automotive Syndicate Ltd,,,,,1,6,annex_01_companies_alloacted_land.csv,,none,Automotive Syndicate Ltd,0
annex_01_company_0047,Avalon Consultancy Ltd,,unknown,company_allocated_land,Company/entity listed as allocated land in the Ndung'u Report,Avalon Consultancy Ltd,,,,,1,6,annex_01_companies_alloacted_land.csv,,none,Avalon Consultancy Ltd,0
annex_01_company_0048,Aviton Enterprises Ltd,,unknown,company_allocated_land,Company/entity listed as allocated land in the Ndung'u Report,Aviton Enterprises Ltd,,,,,1,6,annex_01_companies_alloacted_land.csv,,none,Aviton Enterprises Ltd,0
annex_01_company_0049,Awen Investments Limited,,unknown,company_allocated_land,Company/entity listed as allocated land in the Ndung'u Report,Awen Investments Limited,,,,,1,6,annex_01_companies_alloacted_land.csv,,none,Awen Investments Limited,0
annex_01_company_0050,Ayunya Enterprises,,unknown,company_allocated_land,Company/entity listed as allocated land in the Ndung'u Report,Ayunya Enterprises,,,,,1,6,annex_01_companies_alloacted_land.csv,,none,Ayunya Enterprises,0
annex_01_company_0051,Azania Holdings,,unknown,company_allocated_land,Company/entity listed as allocated land in the Ndung'u Report,Azania Holdings,,,,,1,6,annex_01_companies_alloacted_land.csv,,none,Azania Holdings,0
annex_01_company_0052,Azida Square Enterprises,,unknown,company_allocated_land,Company/entity listed as allocated land in the Ndung'u Report,Azida Square Enterprises,,,,,1,6,annex_01_companies_alloacted_land.csv,,none,Azida Square Enterprises,0
annex_01_company_0053,Baja Ber Investments Ltd,,unknown,company_allocated_land,Company/entity listed as allocated land in the Ndung'u Report,Baja Ber Investments Ltd,,,,,1,6,annex_01_companies_alloacted_land.csv,,none,Baja Ber Investments Ltd,0
annex_01_company_0054,Bajaber Ltd,,unknown,company_allocated_land,Company/entity listed as allocated land in the Ndung'u Report,Bajaber Ltd,,,,,1,6,annex_01_companies_alloacted_land.csv,,none,Bajaber Ltd,0
annex_01_company_0055,Bakana (EA) Ltd,,unknown,company_allocated_land,Company/entity listed as allocated land in the Ndung'u Report,Bakana (EA) Ltd,,,,,1,6,annex_01_companies_alloacted_land.csv,,none,Bakana (EA) Ltd,0
annex_01_company_0056,Ballistic Missile Investments Ltd,,unknown,company_allocated_land,Company/entity listed as allocated land in the Ndung'u Report,Ballistic Missile Investments Ltd,,,,,1,6,annex_01_companies_alloacted_land.csv,,none,Ballistic Missile Investments Ltd,0
annex_01_company_0057,Bangra Ltd,,unknown,company_allocated_land,Company/entity listed as allocated land in the Ndung'u Report,Bangra Ltd,,,,,1,6,annex_01_companies_alloacted_land.csv,,none,Bangra Ltd,0
annex_01_company_0058,Bantus Investments Ltd,,unknown,company_allocated_land,Company/entity listed as allocated land in the Ndung'u Report,Bantus Investments Ltd,,,,,1,6,annex_01_companies_alloacted_land.csv,,none,Bantus Investments Ltd,0
annex_01_company_0059,Baptist Convention of Kenya,,unknown,company_allocated_land,Company/entity listed as allocated land in the Ndung'u Report,Baptist Convention of Kenya,,,,,1,6,annex_01_companies_alloacted_land.csv,,none,Baptist Convention of Kenya,0
annex_01_company_0060,Barsirim Investment Limited,,unknown,company_allocated_land,Company/entity listed as allocated land in the Ndung'u Report,Barsirim Investment Limited,,,,,1,6,annex_01_companies_alloacted_land.csv,,none,Barsirim Investment Limited,0
annex_01_company_0061,Basila Enterprises,,unknown,company_allocated_land,Company/entity listed as allocated land in the Ndung'u Report,Basila Enterprises,,,,,1,6,annex_01_companies_alloacted_land.csv,,none,Basila Enterprises,0
annex_01_company_0062,Basta & Sons Ltd,,unknown,company_allocated_land,Company/entity listed as allocated land in the Ndung'u Report,Basta & Sons Ltd,,,,,1,6,annex_01_companies_alloacted_land.csv,,none,Basta & Sons Ltd,0
annex_01_company_0063,Batian Investment Limited,,unknown,company_allocated_land,Company/entity listed as allocated land in the Ndung'u Report,Batian Investment Limited,,,,,1,6,annex_01_companies_alloacted_land.csv,,none,Batian Investment Limited,0
annex_01_company_0064,Bekeson Enter,,unknown,company_allocated_land,Company/entity listed as allocated land in the Ndung'u Report,Bekeson Enter,,,,,1,6,annex_01_companies_alloacted_land.csv,,none,Bekeson Enter,0
annex_01_company_0065,Bellerive Outlets Ltd,,unknown,company_allocated_land,Company/entity listed as allocated land in the Ndung'u Report,Bellerive Outlets Ltd,,,,,1,6,annex_01_companies_alloacted_land.csv,,none,Bellerive Outlets Ltd,0
annex_01_company_0066,Bellerives Ltd,,unknown,company_allocated_land,Company/entity listed as allocated land in the Ndung'u Report,Bellerives Ltd,,,,,1,6,annex_01_companies_alloacted_land.csv,,none,Bellerives Ltd,0
annex_01_company_0067,Bellion Farm Ltd,,unknown,company_allocated_land,Company/entity listed as allocated land in the Ndung'u Report,Bellion Farm Ltd,,,,,1,6,annex_01_companies_alloacted_land.csv,,none,Bellion Farm Ltd,0
annex_01_company_0068,Bellerives Ltd,,unknown,company_allocated_land,Company/entity listed as allocated land in the Ndung'u Report,Bellerives Ltd,,,,,1,7,annex_01_companies_alloacted_land.csv,,none,Bellerives Ltd,0
annex_01_company_0069,Beme Enterprises,,unknown,company_allocated_land,Company/entity listed as allocated land in the Ndung'u Report,Beme Enterprises,,,,,1,7,annex_01_companies_alloacted_land.csv,,none,Beme Enterprises,0
annex_01_company_0070,Bench Enterprises,,unknown,company_allocated_land,Company/entity listed as allocated land in the Ndung'u Report,Bench Enterprises,,,,,1,7,annex_01_companies_alloacted_land.csv,,none,Bench Enterprises,0
annex_01_company_0071,Benton Enterprises,,unknown,company_allocated_land,Company/entity listed as allocated land in the Ndung'u Report,Benton Enterprises,,,,,1,7,annex_01_companies_alloacted_land.csv,,none,Benton Enterprises,0
annex_01_company_0072,Berke Commercial Agencies Ltd.,,unknown,company_allocated_land,Company/entity listed as allocated land in the Ndung'u Report,Berke Commercial Agencies Ltd.,,,,,1,7,annex_01_companies_alloacted_land.csv,,none,Berke Commercial Agencies Ltd.,0
annex_01_company_0073,Biarrtiz Colours Ltd,,unknown,company_allocated_land,Company/entity listed as allocated land in the Ndung'u Report,Biarrtiz Colours Ltd,,,,,1,7,annex_01_companies_alloacted_land.csv,,none,Biarrtiz Colours Ltd,0
annex_01_company_0074,Biarusi Limited,,unknown,company_allocated_land,Company/entity listed as allocated land in the Ndung'u Report,Biarusi Limited,,,,,1,7,annex_01_companies_alloacted_land.csv,,none,Biarusi Limited,0
annex_01_company_0075,Biyoto Investments,,unknown,company_allocated_land,Company/entity listed as allocated land in the Ndung'u Report,Biyoto Investments,,,,,1,7,annex_01_companies_alloacted_land.csv,,none,Biyoto Investments,0
annex_01_company_0076,Blue Shield Insurance Co. Ltd,,unknown,company_allocated_land,Company/entity listed as allocated land in the Ndung'u Report,Blue Shield Insurance Co. Ltd,,,,,1,7,annex_01_companies_alloacted_land.csv,,none,Blue Shield Insurance Co. Ltd,0
annex_01_company_0077,Bobmill Investment Limited,,unknown,company_allocated_land,Company/entity listed as allocated land in the Ndung'u Report,Bobmill Investment Limited,,,,,1,5,annex_01_companies_alloacted_land.csv,,none,Bobmill Investment Limited,0
annex_01_company_0078,Boffar Limited,,unknown,company_allocated_land,Company/entity listed as allocated land in the Ndung'u Report,Boffar Limited,,,,,1,7,annex_01_companies_alloacted_land.csv,,none,Boffar Limited,0
annex_01_company_0079,Boko Boko Inv. Ltd,,unknown,company_allocated_land,Company/entity listed as allocated land in the Ndung'u Report,Boko Boko Inv. Ltd,,,,,1,7,annex_01_companies_alloacted_land.csv,,none,Boko Boko Inv. Ltd,0
annex_01_company_0080,Braya Stone Investment,,unknown,company_allocated_land,Company/entity listed as allocated land in the Ndung'u Report,Braya Stone Investment,,,,,1,7,annex_01_companies_alloacted_land.csv,,none,Braya Stone Investment,0
annex_01_company_0081,Braysone Investment,,unknown,company_allocated_land,Company/entity listed as allocated land in the Ndung'u Report,Braysone Investment,,,,,1,7,annex_01_companies_alloacted_land.csv,,none,Braysone Investment,0
annex_01_company_0082,Bridge Camp Ltd,,unknown,company_allocated_land,Company/entity listed as allocated land in the Ndung'u Report,Bridge Camp Ltd,,,,,1,7,annex_01_companies_alloacted_land.csv,,none,Bridge Camp Ltd,0
annex_01_company_0083,Britania Holdings Ltd.,,unknown,company_allocated_land,Company/entity listed as allocated land in the Ndung'u Report,Britania Holdings Ltd.,,,,,1,7,annex_01_companies_alloacted_land.csv,,none,Britania Holdings Ltd.,0
annex_01_company_0084,Brookebond kenya Ltd,,unknown,company_allocated_land,Company/entity listed as allocated land in the Ndung'u Report,Brookebond kenya Ltd,,,,,1,7,annex_01_companies_alloacted_land.csv,,none,Brookebond kenya Ltd,0
annex_01_company_0085,BulBul Art Ltd,,unknown,company_allocated_land,Company/entity listed as allocated land in the Ndung'u Report,BulBul Art Ltd,,,,,1,7,annex_01_companies_alloacted_land.csv,,none,BulBul Art Ltd,0
annex_01_company_0086,Bull Star Construction Works Ltd.,,unknown,company_allocated_land,Company/entity listed as allocated land in the Ndung'u Report,Bull Star Construction Works Ltd.,,,,,1,7,annex_01_companies_alloacted_land.csv,,none,Bull Star Construction Works Ltd.,0
annex_01_company_0087,Bumwara Enterprises,,unknown,company_allocated_land,Company/entity listed as allocated land in the Ndung'u Report,Bumwara Enterprises,,,,,1,7,annex_01_companies_alloacted_land.csv,,none,Bumwara Enterprises,0
annex_01_company_0088,Cab Investments Limited,,unknown,company_allocated_land,Company/entity listed as allocated land in the Ndung'u Report,Cab Investments Limited,,,,,1,7,annex_01_companies_alloacted_land.csv,,none,Cab Investments Limited,0
annex_01_company_0089,Cafe Havila Ltd,,unknown,company_allocated_land,Company/entity listed as allocated land in the Ndung'u Report,Cafe Havila Ltd,,,,,1,7,annex_01_companies_alloacted_land.csv,,none,Cafe Havila Ltd,0
annex_01_company_0090,Canon Alluminium Fabrications Ltd,,unknown,company_allocated_land,Company/entity listed as allocated land in the Ndung'u Report,Canon Alluminium Fabrications Ltd,,,,,1,7,annex_01_companies_alloacted_land.csv,,none,Canon Alluminium Fabrications Ltd,0
annex_01_company_0091,Cannon Aluminium Fabricators Ltd,,unknown,company_allocated_land,Company/entity listed as allocated land in the Ndung'u Report,Cannon Aluminium Fabricators Ltd,,,,,1,7,annex_01_companies_alloacted_land.csv,,none,Cannon Aluminium Fabricators Ltd,0
annex_01_company_0092,Castedome Properties Ltd,,unknown,company_allocated_land,Company/entity listed as allocated land in the Ndung'u Report,Castedome Properties Ltd,,,,,1,7,annex_01_companies_alloacted_land.csv,,none,Castedome Properties Ltd,0
annex_01_company_0093,Castle Dom Properties Ltd,,unknown,company_allocated_land,Company/entity listed as allocated land in the Ndung'u Report,Castle Dom Properties Ltd,,,,,1,7,annex_01_companies_alloacted_land.csv,,none,Castle Dom Properties Ltd,0
annex_01_company_0094,Catalogue Afrique Ltd,,unknown,company_allocated_land,Company/entity listed as allocated land in the Ndung'u Report,Catalogue Afrique Ltd,,,,,1,7,annex_01_companies_alloacted_land.csv,,none,Catalogue Afrique Ltd,0
annex_01_company_0095,Cedah Rapids Ltd,,unknown,company_allocated_land,Company/entity listed as allocated land in the Ndung'u Report,Cedah Rapids Ltd,,,,,1,7,annex_01_companies_alloacted_land.csv,,none,Cedah Rapids Ltd,0
annex_01_company_0096,Celtic Multisystems Ltd.,,unknown,company_allocated_land,Company/entity listed as allocated land in the Ndung'u Report,Celtic Multisystems Ltd.,,,,,1,7,annex_01_companies_alloacted_land.csv,,none,Celtic Multisystems Ltd.,0
annex_01_company_0097,Cemimic Enterprise,,unknown,company_allocated_land,Company/entity listed as allocated land in the Ndung'u Report,Cemimic Enterprise,,,,,1,7,annex_01_companies_alloacted_land.csv,,none,Cemimic Enterprise,0
annex_01_company_0098,Chal Developers Ltd,,unknown,company_allocated_land,Company/entity listed as allocated land in the Ndung'u Report,Chal Developers Ltd,,,,,1,7,annex_01_companies_alloacted_land.csv,,none,Chal Developers Ltd,0
annex_01_company_0099,Chamwa Enterprises Ltd,,unknown,company_allocated_land,Company/entity listed as allocated land in the Ndung'u Report,Chamwa Enterprises Ltd,,,,,1,7,annex_01_companies_alloacted_land.csv,,none,Chamwa Enterprises Ltd,0
annex_01_company_0100,Chanduti Enterprises,,unknown,company_allocated_land,Company/entity listed as allocated land in the Ndung'u Report,Chanduti Enterprises,,,,,1,7,annex_01_companies_alloacted_land.csv,,none,Chanduti Enterprises,0
annex_01_company_0101,Chapi Furniture Limited,,unknown,company_allocated_land,Company/entity listed as allocated land in the Ndung'u Report,Chapi Furniture Limited,,,,,1,7,annex_01_companies_alloacted_land.csv,,none,Chapi Furniture Limited,0
annex_01_company_0102,Chaumet African Ltd,,unknown,company_allocated_land,Company/entity listed as allocated land in the Ndung'u Report,Chaumet African Ltd,,,,,1,7,annex_01_companies_alloacted_land.csv,,none,Chaumet African Ltd,0
annex_01_company_0103,Checho Investment,,unknown,company_allocated_land,Company/entity listed as allocated land in the Ndung'u Report,Checho Investment,,,,,1,7,annex_01_companies_alloacted_land.csv,,none,Checho Investment,0
annex_01_company_0104,Chelemei Ltd,,unknown,company_allocated_land,Company/entity listed as allocated land in the Ndung'u Report,Chelemei Ltd,,,,,1,8,annex_01_companies_alloacted_land.csv,,none,Chelemei Ltd,0
annex_01_company_0105,Chemchemi Holdings Ltd,,unknown,company_allocated_land,Company/entity listed as allocated land in the Ndung'u Report,Chemchemi Holdings Ltd,,,,,1,8,annex_01_companies_alloacted_land.csv,,none,Chemchemi Holdings Ltd,0
annex_01_company_0106,Chemey Investment Ltd,,unknown,company_allocated_land,Company/entity listed as allocated land in the Ndung'u Report,Chemey Investment Ltd,,,,,1,8,annex_01_companies_alloacted_land.csv,,none,Chemey Investment Ltd,0
annex_01_company_0107,Chempac Limited,,unknown,company_allocated_land,Company/entity listed as allocated land in the Ndung'u Report,Chempac Limited,,,,,1,8,annex_01_companies_alloacted_land.csv,,none,Chempac Limited,0
annex_01_company_0108,Chemusian Company Ltd,,unknown,company_allocated_land,Company/entity listed as allocated land in the Ndung'u Report,Chemusian Company Ltd,,,,,1,8,annex_01_companies_alloacted_land.csv,,none,Chemusian Company Ltd,0
annex_01_company_0109,Chubb Development Ltd,,unknown,company_allocated_land,Company/entity listed as allocated land in the Ndung'u Report,Chubb Development Ltd,,,,,1,8,annex_01_companies_alloacted_land.csv,,none,Chubb Development Ltd,0
annex_01_company_0110,Cinergy Investment,,unknown,company_allocated_land,Company/entity listed as allocated land in the Ndung'u Report,Cinergy Investment,,,,,1,8,annex_01_companies_alloacted_land.csv,,none,Cinergy Investment,0
annex_01_company_0111,Colloms Ltd,,unknown,company_allocated_land,Company/entity listed as allocated land in the Ndung'u Report,Colloms Ltd,,,,,1,8,annex_01_companies_alloacted_land.csv,,none,Colloms Ltd,0
annex_01_company_0112,Colwall Investment Ltd,,unknown,company_allocated_land,Company/entity listed as allocated land in the Ndung'u Report,Colwall Investment Ltd,,,,,1,8,annex_01_companies_alloacted_land.csv,,none,Colwall Investment Ltd,0
annex_01_company_0113,Comen Ltd,,unknown,company_allocated_land,Company/entity listed as allocated land in the Ndung'u Report,Comen Ltd,,,,,1,8,annex_01_companies_alloacted_land.csv,,none,Comen Ltd,0
annex_01_company_0114,Condare Holdings Ltd,,unknown,company_allocated_land,Company/entity listed as allocated land in the Ndung'u Report,Condare Holdings Ltd,,,,,1,8,annex_01_companies_alloacted_land.csv,,none,Condare Holdings Ltd,0
annex_01_company_0115,Coniston Centre Ltd,,unknown,company_allocated_land,Company/entity listed as allocated land in the Ndung'u Report,Coniston Centre Ltd,,,,,1,8,annex_01_companies_alloacted_land.csv,,none,Coniston Centre Ltd,0
annex_01_company_0116,Conservatory Farm,,unknown,company_allocated_land,Company/entity listed as allocated land in the Ndung'u Report,Conservatory Farm,,,,,1,8,annex_01_companies_alloacted_land.csv,,none,Conservatory Farm,0
annex_01_company_0117,Containers Kenya Ltd,,unknown,company_allocated_land,Company/entity listed as allocated land in the Ndung'u Report,Containers Kenya Ltd,,,,,1,8,annex_01_companies_alloacted_land.csv,,none,Containers Kenya Ltd,0
annex_01_company_0118,Contra Sup Enterprises Ltd,,unknown,company_allocated_land,Company/entity listed as allocated land in the Ndung'u Report,Contra Sup Enterprises Ltd,,,,,1,8,annex_01_companies_alloacted_land.csv,,none,Contra Sup Enterprises Ltd,0
annex_01_company_0119,Coonistin Centre Ltd,,unknown,company_allocated_land,Company/entity listed as allocated land in the Ndung'u Report,Coonistin Centre Ltd,,,,,1,8,annex_01_companies_alloacted_land.csv,,none,Coonistin Centre Ltd,0
annex_01_company_0120,Cooper Motors Corporation,,unknown,company_allocated_land,Company/entity listed as allocated land in the Ndung'u Report,Cooper Motors Corporation,,,,,1,8,annex_01_companies_alloacted_land.csv,,none,Cooper Motors Corporation,0
annex_01_company_0121,Coopers & Lybrand Trust Corporation Limited,,unknown,company_allocated_land,Company/entity listed as allocated land in the Ndung'u Report,Coopers & Lybrand Trust Corporation Limited,,,,,1,8,annex_01_companies_alloacted_land.csv,,none,Coopers & Lybrand Trust Corporation Limited,0
annex_01_company_0122,Copos Ltd,,unknown,company_allocated_land,Company/entity listed as allocated land in the Ndung'u Report,Copos Ltd,,,,,1,8,annex_01_companies_alloacted_land.csv,,none,Copos Ltd,0
annex_01_company_0123,Cotswood Company Ltd,,unknown,company_allocated_land,Company/entity listed as allocated land in the Ndung'u Report,Cotswood Company Ltd,,,,,1,8,annex_01_companies_alloacted_land.csv,,none,Cotswood Company Ltd,0
annex_01_company_0124,Cresent Property Development Co. Ltd,,unknown,company_allocated_land,Company/entity listed as allocated land in the Ndung'u Report,Cresent Property Development Co. Ltd,,,,,1,8,annex_01_companies_alloacted_land.csv,,none,Cresent Property Development Co. Ltd,0
annex_01_company_0125,Cross Baw Ltd,,unknown,company_allocated_land,Company/entity listed as allocated land in the Ndung'u Report,Cross Baw Ltd,,,,,1,8,annex_01_companies_alloacted_land.csv,,none,Cross Baw Ltd,0
annex_01_company_0126,Cruise Holdings Ltd,,unknown,company_allocated_land,Company/entity listed as allocated land in the Ndung'u Report,Cruise Holdings Ltd,,,,,1,8,annex_01_companies_alloacted_land.csv,,none,Cruise Holdings Ltd,0
annex_01_company_0127,Crutacea Processors Ltd,,unknown,company_allocated_land,Company/entity listed as allocated land in the Ndung'u Report,Crutacea Processors Ltd,,,,,1,8,annex_01_companies_alloacted_land.csv,,none,Crutacea Processors Ltd,0
annex_01_company_0128,Culfomf Ltd,,unknown,company_allocated_land,Company/entity listed as allocated land in the Ndung'u Report,Culfomf Ltd,,,,,1,8,annex_01_companies_alloacted_land.csv,,none,Culfomf Ltd,0
annex_01_company_0129,D.M. Properties Ltd,,unknown,company_allocated_land,Company/entity listed as allocated land in the Ndung'u Report,D.M. Properties Ltd,,,,,1,8,annex_01_companies_alloacted_land.csv,,none,D.M. Properties Ltd,0
annex_01_company_0130,Dadaab Investments Limited,,unknown,company_allocated_land,Company/entity listed as allocated land in the Ndung'u Report,Dadaab Investments Limited,,,,,1,8,annex_01_companies_alloacted_land.csv,,none,Dadaab Investments Limited,0
annex_01_company_0131,Daima Enterprises Ltd,,unknown,company_allocated_land,Company/entity listed as allocated land in the Ndung'u Report,Daima Enterprises Ltd,,,,,1,8,annex_01_companies_alloacted_land.csv,,none,Daima Enterprises Ltd,0
annex_01_company_0132,Danabell Enterprises Ltd,,unknown,company_allocated_land,Company/entity listed as allocated land in the Ndung'u Report,Danabell Enterprises Ltd,,,,,1,8,annex_01_companies_alloacted_land.csv,,none,Danabell Enterprises Ltd,0
annex_01_company_0133,Dayax Investments Ltd,,unknown,company_allocated_land,Company/entity listed as allocated land in the Ndung'u Report,Dayax Investments Ltd,,,,,1,8,annex_01_companies_alloacted_land.csv,,none,Dayax Investments Ltd,0
annex_01_company_0134,Deep Solith Dev. Pro.ject,,unknown,company_allocated_land,Company/entity listed as allocated land in the Ndung'u Report,Deep Solith Dev. Pro.ject,,,,,1,8,annex_01_companies_alloacted_land.csv,,none,Deep Solith Dev. Pro.ject,0
annex_01_company_0135,Delta Enterprises,,unknown,company_allocated_land,Company/entity listed as allocated land in the Ndung'u Report,Delta Enterprises,,,,,1,8,annex_01_companies_alloacted_land.csv,,none,Delta Enterprises,0
annex_01_company_0136,Desuka Properties,,unknown,company_allocated_land,Company/entity listed as allocated land in the Ndung'u Report,Desuka Properties,,,,,1,8,annex_01_companies_alloacted_land.csv,,none,Desuka Properties,0
annex_01_company_0137,Digest Investments Adika Agencies Limited,,unknown,company_allocated_land,Company/entity listed as allocated land in the Ndung'u Report,Digest Investments Adika Agencies Limited,,,,,1,8,annex_01_companies_alloacted_land.csv,,none,Digest Investments Adika Agencies Limited,0
annex_01_company_0138,Dim Agencies,,unknown,company_allocated_land,Company/entity listed as allocated land in the Ndung'u Report,Dim Agencies,,,,,1,8,annex_01_companies_alloacted_land.csv,,none,Dim Agencies,0
annex_01_company_0139,Dim Properties Ltd,,unknown,company_allocated_land,Company/entity listed as allocated land in the Ndung'u Report,Dim Properties Ltd,,,,,1,9,annex_01_companies_alloacted_land.csv,,none,Dim Properties Ltd,0
annex_01_company_0140,Dimit lnvestments Ltd,,unknown,company_allocated_land,Company/entity listed as allocated land in the Ndung'u Report,Dimit lnvestments Ltd,,,,,1,9,annex_01_companies_alloacted_land.csv,,none,Dimit lnvestments Ltd,0
annex_01_company_0141,Do it Management Consultants Ltd,,unknown,company_allocated_land,Company/entity listed as allocated land in the Ndung'u Report,Do it Management Consultants Ltd,,,,,1,9,annex_01_companies_alloacted_land.csv,,none,Do it Management Consultants Ltd,0
annex_01_company_0142,Dolphin Village Ltd,,unknown,company_allocated_land,Company/entity listed as allocated land in the Ndung'u Report,Dolphin Village Ltd,,,,,1,9,annex_01_companies_alloacted_land.csv,,none,Dolphin Village Ltd,0
annex_01_company_0143,Dorea Roses Investments Ltd.,,unknown,company_allocated_land,Company/entity listed as allocated land in the Ndung'u Report,Dorea Roses Investments Ltd.,,,,,1,9,annex_01_companies_alloacted_land.csv,,none,Dorea Roses Investments Ltd.,0
annex_01_company_0144,DYNO Holdings Ltd,,unknown,company_allocated_land,Company/entity listed as allocated land in the Ndung'u Report,DYNO Holdings Ltd,,,,,1,9,annex_01_companies_alloacted_land.csv,,none,DYNO Holdings Ltd,0
annex_01_company_0145,E.A. Gas Co Ltd,,unknown,company_allocated_land,Company/entity listed as allocated land in the Ndung'u Report,E.A. Gas Co Ltd,,,,,1,9,annex_01_companies_alloacted_land.csv,,none,E.A. Gas Co Ltd,0
annex_01_company_0146,E.A.W Enterprises,,unknown,company_allocated_land,Company/entity listed as allocated land in the Ndung'u Report,E.A.W Enterprises,,,,,1,9,annex_01_companies_alloacted_land.csv,,none,E.A.W Enterprises,0
annex_01_company_0147,Eclat Limited,,unknown,company_allocated_land,Company/entity listed as allocated land in the Ndung'u Report,Eclat Limited,,,,,1,9,annex_01_companies_alloacted_land.csv,,none,Eclat Limited,0
annex_01_company_0148,Eco Marine(K) Ltd,,unknown,company_allocated_land,Company/entity listed as allocated land in the Ndung'u Report,Eco Marine(K) Ltd,,,,,1,9,annex_01_companies_alloacted_land.csv,,none,Eco Marine(K) Ltd,0
annex_01_company_0149,Edel Enterprises Ltd,,unknown,company_allocated_land,Company/entity listed as allocated land in the Ndung'u Report,Edel Enterprises Ltd,,,,,1,9,annex_01_companies_alloacted_land.csv,,none,Edel Enterprises Ltd,0
annex_01_company_0150,Edenberg Investment Ltd,,unknown,company_allocated_land,Company/entity listed as allocated land in the Ndung'u Report,Edenberg Investment Ltd,,,,,1,9,annex_01_companies_alloacted_land.csv,,none,Edenberg Investment Ltd,0
annex_01_company_0151,Edom Invest. Ltd,,unknown,company_allocated_land,Company/entity listed as allocated land in the Ndung'u Report,Edom Invest. Ltd,,,,,1,9,annex_01_companies_alloacted_land.csv,,none,Edom Invest. Ltd,0
annex_01_company_0152,Eldoret Bata Shoes Stores Ltd,,unknown,company_allocated_land,Company/entity listed as allocated land in the Ndung'u Report,Eldoret Bata Shoes Stores Ltd,,,,,1,9,annex_01_companies_alloacted_land.csv,,none,Eldoret Bata Shoes Stores Ltd,0
annex_01_company_0153,Eliant(K)Ltd,,unknown,company_allocated_land,Company/entity listed as allocated land in the Ndung'u Report,Eliant(K)Ltd,,,,,1,9,annex_01_companies_alloacted_land.csv,,none,Eliant(K)Ltd,0
annex_01_company_0154,Emel Investments,,unknown,company_allocated_land,Company/entity listed as allocated land in the Ndung'u Report,Emel Investments,,,,,1,9,annex_01_companies_alloacted_land.csv,,none,Emel Investments,0
annex_01_company_0155,Emeralds Jeweb Ltd,,unknown,company_allocated_land,Company/entity listed as allocated land in the Ndung'u Report,Emeralds Jeweb Ltd,,,,,1,9,annex_01_companies_alloacted_land.csv,,none,Emeralds Jeweb Ltd,0
annex_01_company_0156,Emetei Investment,,unknown,company_allocated_land,Company/entity listed as allocated land in the Ndung'u Report,Emetei Investment,,,,,1,9,annex_01_companies_alloacted_land.csv,,none,Emetei Investment,0
annex_01_company_0157,Emrose Academy Limited,,unknown,company_allocated_land,Company/entity listed as allocated land in the Ndung'u Report,Emrose Academy Limited,,,,,1,9,annex_01_companies_alloacted_land.csv,,none,Emrose Academy Limited,0
annex_01_company_0158,Emtol Properties Ltd,,unknown,company_allocated_land,Company/entity listed as allocated land in the Ndung'u Report,Emtol Properties Ltd,,,,,1,9,annex_01_companies_alloacted_land.csv,,none,Emtol Properties Ltd,0
annex_01_company_0159,Endo Holdings Limited,,unknown,company_allocated_land,Company/entity listed as allocated land in the Ndung'u Report,Endo Holdings Limited,,,,,1,9,annex_01_companies_alloacted_land.csv,,none,Endo Holdings Limited,0
annex_01_company_0160,Endo Ltd,,unknown,company_allocated_land,Company/entity listed as allocated land in the Ndung'u Report,Endo Ltd,,,,,1,9,annex_01_companies_alloacted_land.csv,,none,Endo Ltd,0
annex_01_company_0161,Entrox Products Ltd,,unknown,company_allocated_land,Company/entity listed as allocated land in the Ndung'u Report,Entrox Products Ltd,,,,,1,9,annex_01_companies_alloacted_land.csv,,none,Entrox Products Ltd,0
annex_01_company_0162,Espon Green Developers Ltd,,unknown,company_allocated_land,Company/entity listed as allocated land in the Ndung'u Report,Espon Green Developers Ltd,,,,,1,9,annex_01_companies_alloacted_land.csv,,none,Espon Green Developers Ltd,0
annex_01_company_0163,Erba Ltd,,unknown,company_allocated_land,Company/entity listed as allocated land in the Ndung'u Report,Erba Ltd,,,,,1,9,annex_01_companies_alloacted_land.csv,,none,Erba Ltd,0
annex_01_company_0164,Erba Ltd,,unknown,company_allocated_land,Company/entity listed as allocated land in the Ndung'u Report,Erba Ltd,,,,,1,9,annex_01_companies_alloacted_land.csv,,none,Erba Ltd,0
annex_01_company_0165,Evans Investments,,unknown,company_allocated_land,Company/entity listed as allocated land in the Ndung'u Report,Evans Investments,,,,,1,9,annex_01_companies_alloacted_land.csv,,none,Evans Investments,0
annex_01_company_0166,Evenannon Ltd,,unknown,company_allocated_land,Company/entity listed as allocated land in the Ndung'u Report,Evenannon Ltd,,,,,1,9,annex_01_companies_alloacted_land.csv,,none,Evenannon Ltd,0
annex_01_company_0167,Extele Coms House Parking Bay Kempco Ltd,,unknown,company_allocated_land,Company/entity listed as allocated land in the Ndung'u Report,Extele Coms House Parking Bay Kempco Ltd,,,,,1,9,annex_01_companies_alloacted_land.csv,,none,Extele Coms House Parking Bay Kempco Ltd,0
annex_01_company_0168,Falcon Holdings Ltd.,,unknown,company_allocated_land,Company/entity listed as allocated land in the Ndung'u Report,Falcon Holdings Ltd.,,,,,1,9,annex_01_companies_alloacted_land.csv,,none,Falcon Holdings Ltd.,0
annex_01_company_0169,Falmak Enterprises Ltd,,unknown,company_allocated_land,Company/entity listed as allocated land in the Ndung'u Report,Falmak Enterprises Ltd,,,,,1,9,annex_01_companies_alloacted_land.csv,,none,Falmak Enterprises Ltd,0
annex_01_company_0170,Farm Implements & Motor Spare Ltd,,unknown,company_allocated_land,Company/entity listed as allocated land in the Ndung'u Report,Farm Implements & Motor Spare Ltd,,,,,1,9,annex_01_companies_alloacted_land.csv,,none,Farm Implements & Motor Spare Ltd,0
annex_01_company_0171,Farmers Stage Limited,,unknown,company_allocated_land,Company/entity listed as allocated land in the Ndung'u Report,Farmers Stage Limited,,,,,1,9,annex_01_companies_alloacted_land.csv,,none,Farmers Stage Limited,0
annex_01_company_0172,Fecud Investment Ltd,,unknown,company_allocated_land,Company/entity listed as allocated land in the Ndung'u Report,Fecud Investment Ltd,,,,,1,9,annex_01_companies_alloacted_land.csv,,none,Fecud Investment Ltd,0
annex_01_company_0173,Fidei Holdings Limited,,unknown,company_allocated_land,Company/entity listed as allocated land in the Ndung'u Report,Fidei Holdings Limited,,,,,1,9,annex_01_companies_alloacted_land.csv,,none,Fidei Holdings Limited,0
annex_01_company_0174,Firms Ltd,,unknown,company_allocated_land,Company/entity listed as allocated land in the Ndung'u Report,Firms Ltd,,,,,1,10,annex_01_companies_alloacted_land.csv,,none,Firms Ltd,0
annex_01_company_0175,Finance & Investment Limited,,unknown,company_allocated_land,Company/entity listed as allocated land in the Ndung'u Report,Finance & Investment Limited,,,,,1,10,annex_01_companies_alloacted_land.csv,,none,Finance & Investment Limited,0
annex_01_company_0176,Fined Earth Co. Ltd,,unknown,company_allocated_land,Company/entity listed as allocated land in the Ndung'u Report,Fined Earth Co. Ltd,,,,,1,10,annex_01_companies_alloacted_land.csv,,none,Fined Earth Co. Ltd,0
annex_01_company_0177,Fired Earth Co. Ltd,,unknown,company_allocated_land,Company/entity listed as allocated land in the Ndung'u Report,Fired Earth Co. Ltd,,,,,1,10,annex_01_companies_alloacted_land.csv,,none,Fired Earth Co. Ltd,0
annex_01_company_0178,Florianus Investments Ltd,,unknown,company_allocated_land,Company/entity listed as allocated land in the Ndung'u Report,Florianus Investments Ltd,,,,,1,10,annex_01_companies_alloacted_land.csv,,none,Florianus Investments Ltd,0
annex_01_company_0179,Foam Matress Ltd,,unknown,company_allocated_land,Company/entity listed as allocated land in the Ndung'u Report,Foam Matress Ltd,,,,,1,10,annex_01_companies_alloacted_land.csv,,none,Foam Matress Ltd,0
annex_01_company_0180,Font Properties Ltd,,unknown,company_allocated_land,Company/entity listed as allocated land in the Ndung'u Report,Font Properties Ltd,,,,,1,10,annex_01_companies_alloacted_land.csv,,none,Font Properties Ltd,0
annex_01_company_0181,Fort Enterprises Company,,unknown,company_allocated_land,Company/entity listed as allocated land in the Ndung'u Report,Fort Enterprises Company,,,,,1,10,annex_01_companies_alloacted_land.csv,,none,Fort Enterprises Company,0
annex_01_company_0182,Frab Enterprises Ltd,,unknown,company_allocated_land,Company/entity listed as allocated land in the Ndung'u Report,Frab Enterprises Ltd,,,,,1,10,annex_01_companies_alloacted_land.csv,,none,Frab Enterprises Ltd,0
annex_01_company_0183,Framis Ltd,,unknown,company_allocated_land,Company/entity listed as allocated land in the Ndung'u Report,Framis Ltd,,,,,1,10,annex_01_companies_alloacted_land.csv,,none,Framis Ltd,0
annex_01_company_0184,Franci Limited,,unknown,company_allocated_land,Company/entity listed as allocated land in the Ndung'u Report,Franci Limited,,,,,1,10,annex_01_companies_alloacted_land.csv,,none,Franci Limited,0
annex_01_company_0185,Frank Way Ltd,,unknown,company_allocated_land,Company/entity listed as allocated land in the Ndung'u Report,Frank Way Ltd,,,,,1,10,annex_01_companies_alloacted_land.csv,,none,Frank Way Ltd,0
annex_01_company_0186,Frankclem Enterprises,,unknown,company_allocated_land,Company/entity listed as allocated land in the Ndung'u Report,Frankclem Enterprises,,,,,1,10,annex_01_companies_alloacted_land.csv,,none,Frankclem Enterprises,0
annex_01_company_0187,Frasils (K) Ltd,,unknown,company_allocated_land,Company/entity listed as allocated land in the Ndung'u Report,Frasils (K) Ltd,,,,,1,10,annex_01_companies_alloacted_land.csv,,none,Frasils (K) Ltd,0
annex_01_company_0188,Frernco Investments,,unknown,company_allocated_land,Company/entity listed as allocated land in the Ndung'u Report,Frernco Investments,,,,,1,10,annex_01_companies_alloacted_land.csv,,none,Frernco Investments,0
annex_01_company_0189,Frera Engineering Co. Ltd,,unknown,company_allocated_land,Company/entity listed as allocated land in the Ndung'u Report,Frera Engineering Co. Ltd,,,,,1,10,annex_01_companies_alloacted_land.csv,,none,Frera Engineering Co. Ltd,0
annex_01_company_0190,G.I.S. Land Surveying,,unknown,company_allocated_land,Company/entity listed as allocated land in the Ndung'u Report,G.I.S. Land Surveying,,,,,1,10,annex_01_companies_alloacted_land.csv,,none,G.I.S. Land Surveying,0
annex_01_company_0191,Gada Properties Ltd,,unknown,company_allocated_land,Company/entity listed as allocated land in the Ndung'u Report,Gada Properties Ltd,,,,,1,10,annex_01_companies_alloacted_land.csv,,none,Gada Properties Ltd,0
annex_01_company_0192,Ganil Prcperties Ltd,,unknown,company_allocated_land,Company/entity listed as allocated land in the Ndung'u Report,Ganil Prcperties Ltd,,,,,1,10,annex_01_companies_alloacted_land.csv,,none,Ganil Prcperties Ltd,0
annex_01_company_0193,Garden City Ltd,,unknown,company_allocated_land,Company/entity listed as allocated land in the Ndung'u Report,Garden City Ltd,,,,,1,10,annex_01_companies_alloacted_land.csv,,none,Garden City Ltd,0
annex_01_company_0194,Gate Lock Security Ltd,,unknown,company_allocated_land,Company/entity listed as allocated land in the Ndung'u Report,Gate Lock Security Ltd,,,,,1,10,annex_01_companies_alloacted_land.csv,,none,Gate Lock Security Ltd,0
annex_01_company_0195,Gath Properties Limited,,unknown,company_allocated_land,Company/entity listed as allocated land in the Ndung'u Report,Gath Properties Limited,,,,,1,10,annex_01_companies_alloacted_land.csv,,none,Gath Properties Limited,0
annex_01_company_0196,Gatos Town Ltd,,unknown,company_allocated_land,Company/entity listed as allocated land in the Ndung'u Report,Gatos Town Ltd,,,,,1,10,annex_01_companies_alloacted_land.csv,,none,Gatos Town Ltd,0
annex_01_company_0197,Gee Six Investment Ltd,,unknown,company_allocated_land,Company/entity listed as allocated land in the Ndung'u Report,Gee Six Investment Ltd,,,,,1,10,annex_01_companies_alloacted_land.csv,,none,Gee Six Investment Ltd,0
annex_01_company_0198,Geminia Insurance,,unknown,company_allocated_land,Company/entity listed as allocated land in the Ndung'u Report,Geminia Insurance,,,,,1,10,annex_01_companies_alloacted_land.csv,,none,Geminia Insurance,0
annex_01_company_0199,Geomman Limited,,unknown,company_allocated_land,Company/entity listed as allocated land in the Ndung'u Report,Geomman Limited,,,,,1,10,annex_01_companies_alloacted_land.csv,,none,Geomman Limited,0
annex_01_company_0200,George Philip Investments,,unknown,company_allocated_land,Company/entity listed as allocated land in the Ndung'u Report,George Philip Investments,,,,,1,10,annex_01_companies_alloacted_land.csv,,none,George Philip Investments,0
annex_01_company_0201,Gianni Limited,,unknown,company_allocated_land,Company/entity listed as allocated land in the Ndung'u Report,Gianni Limited,,,,,1,10,annex_01_companies_alloacted_land.csv,,none,Gianni Limited,0
annex_01_company_0202,Gichuru Investments,,unknown,company_allocated_land,Company/entity listed as allocated land in the Ndung'u Report,Gichuru Investments,,,,,1,10,annex_01_companies_alloacted_land.csv,,none,Gichuru Investments,0
annex_01_company_0203,Gipere Enterprises,,unknown,company_allocated_land,Company/entity listed as allocated land in the Ndung'u Report,Gipere Enterprises,,,,,1,10,annex_01_companies_alloacted_land.csv,,none,Gipere Enterprises,0
annex_01_company_0204,Gipere Enterprises,,unknown,company_allocated_land,Company/entity listed as allocated land in the Ndung'u Report,Gipere Enterprises,,,,,1,10,annex_01_companies_alloacted_land.csv,,none,Gipere Enterprises,0
annex_01_company_0205,Gizzle Limited,,unknown,company_allocated_land,Company/entity listed as allocated land in the Ndung'u Report,Gizzle Limited,,,,,1,10,annex_01_companies_alloacted_land.csv,,none,Gizzle Limited,0
annex_01_company_0206,Glory Car Hire Ltd,,unknown,company_allocated_land,Company/entity listed as allocated land in the Ndung'u Report,Glory Car Hire Ltd,,,,,1,10,annex_01_companies_alloacted_land.csv,,none,Glory Car Hire Ltd,0
annex_01_company_0207,Godka Enterprises Limited,,unknown,company_allocated_land,Company/entity listed as allocated land in the Ndung'u Report,Godka Enterprises Limited,,,,,1,10,annex_01_companies_alloacted_land.csv,,none,Godka Enterprises Limited,0
annex_01_company_0208,Golden Crest Properties Ltd.,,unknown,company_allocated_land,Company/entity listed as allocated land in the Ndung'u Report,Golden Crest Properties Ltd.,,,,,1,10,annex_01_companies_alloacted_land.csv,,none,Golden Crest Properties Ltd.,0
annex_01_company_0209,Good Propenies Ltd,,unknown,company_allocated_land,Company/entity listed as allocated land in the Ndung'u Report,Good Propenies Ltd,,,,,1,10,annex_01_companies_alloacted_land.csv,,none,Good Propenies Ltd,0
annex_01_company_0210,Goodwood Properties Ltd,,unknown,company_allocated_land,Company/entity listed as allocated land in the Ndung'u Report,Goodwood Properties Ltd,,,,,1,11,annex_01_companies_alloacted_land.csv,,none,Goodwood Properties Ltd,0
annex_01_company_0211,Gorvas Holdings Ltd,,unknown,company_allocated_land,Company/entity listed as allocated land in the Ndung'u Report,Gorvas Holdings Ltd,,,,,1,11,annex_01_companies_alloacted_land.csv,,none,Gorvas Holdings Ltd,0
annex_01_company_0212,Gotab Sanik Enterprises,,unknown,company_allocated_land,Company/entity listed as allocated land in the Ndung'u Report,Gotab Sanik Enterprises,,,,,1,11,annex_01_companies_alloacted_land.csv,,none,Gotab Sanik Enterprises,0
annex_01_company_0213,Goze Holdings Limited,,unknown,company_allocated_land,Company/entity listed as allocated land in the Ndung'u Report,Goze Holdings Limited,,,,,1,11,annex_01_companies_alloacted_land.csv,,none,Goze Holdings Limited,0
annex_01_company_0214,Gramac Holdings Limited,,unknown,company_allocated_land,Company/entity listed as allocated land in the Ndung'u Report,Gramac Holdings Limited,,,,,1,11,annex_01_companies_alloacted_land.csv,,none,Gramac Holdings Limited,0
annex_01_company_0215,Green Hills Investment Ltd,,unknown,company_allocated_land,Company/entity listed as allocated land in the Ndung'u Report,Green Hills Investment Ltd,,,,,1,11,annex_01_companies_alloacted_land.csv,,none,Green Hills Investment Ltd,0
annex_01_company_0216,Guardian International Limited,,unknown,company_allocated_land,Company/entity listed as allocated land in the Ndung'u Report,Guardian International Limited,,,,,1,11,annex_01_companies_alloacted_land.csv,,none,Guardian International Limited,0
annex_01_company_0217,Guiness E A Ltd,,unknown,company_allocated_land,Company/entity listed as allocated land in the Ndung'u Report,Guiness E A Ltd,,,,,1,11,annex_01_companies_alloacted_land.csv,,none,Guiness E A Ltd,0
annex_01_company_0218,Hak Properties Limited,,unknown,company_allocated_land,Company/entity listed as allocated land in the Ndung'u Report,Hak Properties Limited,,,,,1,11,annex_01_companies_alloacted_land.csv,,none,Hak Properties Limited,0
annex_01_company_0219,Hammer Heads Ltd,,unknown,company_allocated_land,Company/entity listed as allocated land in the Ndung'u Report,Hammer Heads Ltd,,,,,1,11,annex_01_companies_alloacted_land.csv,,none,Hammer Heads Ltd,0
annex_01_company_0220,Hancarken Investments,,unknown,company_allocated_land,Company/entity listed as allocated land in the Ndung'u Report,Hancarken Investments,,,,,1,11,annex_01_companies_alloacted_land.csv,,none,Hancarken Investments,0
annex_01_company_0221,Hassanali Holdings Ltd,,unknown,company_allocated_land,Company/entity listed as allocated land in the Ndung'u Report,Hassanali Holdings Ltd,,,,,1,11,annex_01_companies_alloacted_land.csv,,none,Hassanali Holdings Ltd,0
annex_01_company_0222,Havawa Properties Ltd,,unknown,company_allocated_land,Company/entity listed as allocated land in the Ndung'u Report,Havawa Properties Ltd,,,,,1,11,annex_01_companies_alloacted_land.csv,,none,Havawa Properties Ltd,0
annex_01_company_0223,Heka Investmnets,,unknown,company_allocated_land,Company/entity listed as allocated land in the Ndung'u Report,Heka Investmnets,,,,,1,11,annex_01_companies_alloacted_land.csv,,none,Heka Investmnets,0
annex_01_company_0224,Hekimwe Investment Ltd,,unknown,company_allocated_land,Company/entity listed as allocated land in the Ndung'u Report,Hekimwe Investment Ltd,,,,,1,11,annex_01_companies_alloacted_land.csv,,none,Hekimwe Investment Ltd,0
annex_01_company_0225,Helix Trading Ltd,,unknown,company_allocated_land,Company/entity listed as allocated land in the Ndung'u Report,Helix Trading Ltd,,,,,1,11,annex_01_companies_alloacted_land.csv,,none,Helix Trading Ltd,0
annex_01_company_0226,Hema Investments Ltd,,unknown,company_allocated_land,Company/entity listed as allocated land in the Ndung'u Report,Hema Investments Ltd,,,,,1,11,annex_01_companies_alloacted_land.csv,,none,Hema Investments Ltd,0
annex_01_company_0227,Hemingway Holding Limited,,unknown,company_allocated_land,Company/entity listed as allocated land in the Ndung'u Report,Hemingway Holding Limited,,,,,1,11,annex_01_companies_alloacted_land.csv,,none,Hemingway Holding Limited,0
annex_01_company_0228,Heron Trading Co. Ltd,,unknown,company_allocated_land,Company/entity listed as allocated land in the Ndung'u Report,Heron Trading Co. Ltd,,,,,1,11,annex_01_companies_alloacted_land.csv,,none,Heron Trading Co. Ltd,0
annex_01_company_0229,Hesam Investments,,unknown,company_allocated_land,Company/entity listed as allocated land in the Ndung'u Report,Hesam Investments,,,,,1,11,annex_01_companies_alloacted_land.csv,,none,Hesam Investments,0
annex_01_company_0230,Hexsam Investment,,unknown,company_allocated_land,Company/entity listed as allocated land in the Ndung'u Report,Hexsam Investment,,,,,1,11,annex_01_companies_alloacted_land.csv,,none,Hexsam Investment,0
annex_01_company_0231,Hjedac Investments Limited,,unknown,company_allocated_land,Company/entity listed as allocated land in the Ndung'u Report,Hjedac Investments Limited,,,,,1,11,annex_01_companies_alloacted_land.csv,,none,Hjedac Investments Limited,0
annex_01_company_0232,Hogo Holdings Limited,,unknown,company_allocated_land,Company/entity listed as allocated land in the Ndung'u Report,Hogo Holdings Limited,,,,,1,11,annex_01_companies_alloacted_land.csv,,none,Hogo Holdings Limited,0
annex_01_company_0233,Homegrown (K) Ltd,,unknown,company_allocated_land,Company/entity listed as allocated land in the Ndung'u Report,Homegrown (K) Ltd,,,,,1,11,annex_01_companies_alloacted_land.csv,,none,Homegrown (K) Ltd,0
annex_01_company_0234,Honey Sweet Confectioneries,,unknown,company_allocated_land,Company/entity listed as allocated land in the Ndung'u Report,Honey Sweet Confectioneries,,,,,1,11,annex_01_companies_alloacted_land.csv,,none,Honey Sweet Confectioneries,0
annex_01_company_0235,Hope Nursing Home Ltd,,unknown,company_allocated_land,Company/entity listed as allocated land in the Ndung'u Report,Hope Nursing Home Ltd,,,,,1,11,annex_01_companies_alloacted_land.csv,,none,Hope Nursing Home Ltd,0
annex_01_company_0236,Ilula Investment,,unknown,company_allocated_land,Company/entity listed as allocated land in the Ndung'u Report,Ilula Investment,,,,,1,11,annex_01_companies_alloacted_land.csv,,none,Ilula Investment,0
annex_01_company_0237,Inland Agencies Ltd.,,unknown,company_allocated_land,Company/entity listed as allocated land in the Ndung'u Report,Inland Agencies Ltd.,,,,,1,11,annex_01_companies_alloacted_land.csv,,none,Inland Agencies Ltd.,0
annex_01_company_0238,Inno Pacific Developers Ltd,,unknown,company_allocated_land,Company/entity listed as allocated land in the Ndung'u Report,Inno Pacific Developers Ltd,,,,,1,11,annex_01_companies_alloacted_land.csv,,none,Inno Pacific Developers Ltd,0
annex_01_company_0239,Intaspan Ltd,,unknown,company_allocated_land,Company/entity listed as allocated land in the Ndung'u Report,Intaspan Ltd,,,,,1,11,annex_01_companies_alloacted_land.csv,,none,Intaspan Ltd,0
annex_01_company_0240,Intercell Holdings Ltd,,unknown,company_allocated_land,Company/entity listed as allocated land in the Ndung'u Report,Intercell Holdings Ltd,,,,,1,11,annex_01_companies_alloacted_land.csv,,none,Intercell Holdings Ltd,0
annex_01_company_0241,Intercom Insurance Ltd,,unknown,company_allocated_land,Company/entity listed as allocated land in the Ndung'u Report,Intercom Insurance Ltd,,,,,1,11,annex_01_companies_alloacted_land.csv,,none,Intercom Insurance Ltd,0
annex_01_company_0242,Interfarms Enterprises Ltd,,unknown,company_allocated_land,Company/entity listed as allocated land in the Ndung'u Report,Interfarms Enterprises Ltd,,,,,1,11,annex_01_companies_alloacted_land.csv,,none,Interfarms Enterprises Ltd,0
annex_01_company_0243,International (K) Ltd,,unknown,company_allocated_land,Company/entity listed as allocated land in the Ndung'u Report,International (K) Ltd,,,,,1,11,annex_01_companies_alloacted_land.csv,,none,International (K) Ltd,0
annex_01_company_0244,Interplannet Clearing & Forwarding,,unknown,company_allocated_land,Company/entity listed as allocated land in the Ndung'u Report,Interplannet Clearing & Forwarding,,,,,1,11,annex_01_companies_alloacted_land.csv,,none,Interplannet Clearing & Forwarding,0
annex_01_company_0245,Intona Ranch Limited,,unknown,company_allocated_land,Company/entity listed as allocated land in the Ndung'u Report,Intona Ranch Limited,,,,,1,11,annex_01_companies_alloacted_land.csv,,none,Intona Ranch Limited,0
annex_01_company_0246,Investcope Holdings Limited,,unknown,company_allocated_land,Company/entity listed as allocated land in the Ndung'u Report,Investcope Holdings Limited,,,,,1,12,annex_01_companies_alloacted_land.csv,,none,Investcope Holdings Limited,0
annex_01_company_0247,Isanda Farm,,unknown,company_allocated_land,Company/entity listed as allocated land in the Ndung'u Report,Isanda Farm,,,,,1,12,annex_01_companies_alloacted_land.csv,,none,Isanda Farm,0
annex_01_company_0248,Isotec Ltd,,unknown,company_allocated_land,Company/entity listed as allocated land in the Ndung'u Report,Isotec Ltd,,,,,1,12,annex_01_companies_alloacted_land.csv,,none,Isotec Ltd,0
annex_01_company_0249,Jagla Enterprises,,unknown,company_allocated_land,Company/entity listed as allocated land in the Ndung'u Report,Jagla Enterprises,,,,,1,12,annex_01_companies_alloacted_land.csv,,none,Jagla Enterprises,0
annex_01_company_0250,Japhet Mugambi (K) Ltd,,unknown,company_allocated_land,Company/entity listed as allocated land in the Ndung'u Report,Japhet Mugambi (K) Ltd,,,,,1,12,annex_01_companies_alloacted_land.csv,,none,Japhet Mugambi (K) Ltd,0
annex_01_company_0251,Japhet Mugambi (K) Ltd,,unknown,company_allocated_land,Company/entity listed as allocated land in the Ndung'u Report,Japhet Mugambi (K) Ltd,,,,,1,12,annex_01_companies_alloacted_land.csv,,none,Japhet Mugambi (K) Ltd,0
annex_01_company_0252,Jariam Holdings,,unknown,company_allocated_land,Company/entity listed as allocated land in the Ndung'u Report,Jariam Holdings,,,,,1,12,annex_01_companies_alloacted_land.csv,,none,Jariam Holdings,0
annex_01_company_0253,Jema Holdings,,unknown,company_allocated_land,Company/entity listed as allocated land in the Ndung'u Report,Jema Holdings,,,,,1,12,annex_01_companies_alloacted_land.csv,,none,Jema Holdings,0
annex_01_company_0254,Jimben Investments Ltd,,unknown,company_allocated_land,Company/entity listed as allocated land in the Ndung'u Report,Jimben Investments Ltd,,,,,1,12,annex_01_companies_alloacted_land.csv,,none,Jimben Investments Ltd,0
annex_01_company_0255,Jimbim lnvestments Ltd,,unknown,company_allocated_land,Company/entity listed as allocated land in the Ndung'u Report,Jimbim lnvestments Ltd,,,,,1,12,annex_01_companies_alloacted_land.csv,,none,Jimbim lnvestments Ltd,0
annex_01_company_0256,Jingle Jungle Ltd,,unknown,company_allocated_land,Company/entity listed as allocated land in the Ndung'u Report,Jingle Jungle Ltd,,,,,1,12,annex_01_companies_alloacted_land.csv,,none,Jingle Jungle Ltd,0
annex_01_company_0257,Joem Services,,unknown,company_allocated_land,Company/entity listed as allocated land in the Ndung'u Report,Joem Services,,,,,1,12,annex_01_companies_alloacted_land.csv,,none,Joem Services,0
annex_01_company_0258,Joesko Enterprises,,unknown,company_allocated_land,Company/entity listed as allocated land in the Ndung'u Report,Joesko Enterprises,,,,,1,12,annex_01_companies_alloacted_land.csv,,none,Joesko Enterprises,0
annex_01_company_0259,Jogolo Enterprises Ltd,,unknown,company_allocated_land,Company/entity listed as allocated land in the Ndung'u Report,Jogolo Enterprises Ltd,,,,,1,12,annex_01_companies_alloacted_land.csv,,none,Jogolo Enterprises Ltd,0
annex_01_company_0260,Jolly Ventures Limited,,unknown,company_allocated_land,Company/entity listed as allocated land in the Ndung'u Report,Jolly Ventures Limited,,,,,1,12,annex_01_companies_alloacted_land.csv,,none,Jolly Ventures Limited,0
annex_01_company_0261,Jomiko Investments,,unknown,company_allocated_land,Company/entity listed as allocated land in the Ndung'u Report,Jomiko Investments,,,,,1,12,annex_01_companies_alloacted_land.csv,,none,Jomiko Investments,0
annex_01_company_0262,Jose Enterprises,,unknown,company_allocated_land,Company/entity listed as allocated land in the Ndung'u Report,Jose Enterprises,,,,,1,12,annex_01_companies_alloacted_land.csv,,none,Jose Enterprises,0
annex_01_company_0263,Josgid Ltd,,unknown,company_allocated_land,Company/entity listed as allocated land in the Ndung'u Report,Josgid Ltd,,,,,1,12,annex_01_companies_alloacted_land.csv,,none,Josgid Ltd,0
annex_01_company_0264,Jubilee Insurance Co.,,unknown,company_allocated_land,Company/entity listed as allocated land in the Ndung'u Report,Jubilee Insurance Co.,,,,,1,12,annex_01_companies_alloacted_land.csv,,none,Jubilee Insurance Co.,0
annex_01_company_0265,Juma Investment,,unknown,company_allocated_land,Company/entity listed as allocated land in the Ndung'u Report,Juma Investment,,,,,1,12,annex_01_companies_alloacted_land.csv,,none,Juma Investment,0
annex_01_company_0266,Jusan Ltd,,unknown,company_allocated_land,Company/entity listed as allocated land in the Ndung'u Report,Jusan Ltd,,,,,1,12,annex_01_companies_alloacted_land.csv,,none,Jusan Ltd,0
annex_01_company_0267,K. K. United Technologies Ltd,,unknown,company_allocated_land,Company/entity listed as allocated land in the Ndung'u Report,K. K. United Technologies Ltd,,,,,1,12,annex_01_companies_alloacted_land.csv,,none,K. K. United Technologies Ltd,0
annex_01_company_0268,Kabasiso Ltd,,unknown,company_allocated_land,Company/entity listed as allocated land in the Ndung'u Report,Kabasiso Ltd,,,,,1,12,annex_01_companies_alloacted_land.csv,,none,Kabasiso Ltd,0
annex_01_company_0269,Kabibi Holdings,,unknown,company_allocated_land,Company/entity listed as allocated land in the Ndung'u Report,Kabibi Holdings,,,,,1,12,annex_01_companies_alloacted_land.csv,,none,Kabibi Holdings,0
annex_01_company_0270,Kabuito Contractors Ltd,,unknown,company_allocated_land,Company/entity listed as allocated land in the Ndung'u Report,Kabuito Contractors Ltd,,,,,1,12,annex_01_companies_alloacted_land.csv,,none,Kabuito Contractors Ltd,0
annex_01_company_0271,Kagumo Holdings Ltd,,unknown,company_allocated_land,Company/entity listed as allocated land in the Ndung'u Report,Kagumo Holdings Ltd,,,,,1,12,annex_01_companies_alloacted_land.csv,,none,Kagumo Holdings Ltd,0
annex_01_company_0272,Kaitui Enterprises Co.Ltd,,unknown,company_allocated_land,Company/entity listed as allocated land in the Ndung'u Report,Kaitui Enterprises Co.Ltd,,,,,1,12,annex_01_companies_alloacted_land.csv,,none,Kaitui Enterprises Co.Ltd,0
annex_01_company_0273,Kama Agencies Ltd,,unknown,company_allocated_land,Company/entity listed as allocated land in the Ndung'u Report,Kama Agencies Ltd,,,,,1,12,annex_01_companies_alloacted_land.csv,,none,Kama Agencies Ltd,0
annex_01_company_0274,Kamau Family Investment Ltd,,unknown,company_allocated_land,Company/entity listed as allocated land in the Ndung'u Report,Kamau Family Investment Ltd,,,,,1,12,annex_01_companies_alloacted_land.csv,,none,Kamau Family Investment Ltd,0
annex_01_company_0275,Kametha Properties Ltd,,unknown,company_allocated_land,Company/entity listed as allocated land in the Ndung'u Report,Kametha Properties Ltd,,,,,1,12,annex_01_companies_alloacted_land.csv,,none,Kametha Properties Ltd,0
annex_01_company_0276,Kamulwe Agencies Ltd,,unknown,company_allocated_land,Company/entity listed as allocated land in the Ndung'u Report,Kamulwe Agencies Ltd,,,,,1,12,annex_01_companies_alloacted_land.csv,,none,Kamulwe Agencies Ltd,0
annex_01_company_0277,Kan Investments,,unknown,company_allocated_land,Company/entity listed as allocated land in the Ndung'u Report,Kan Investments,,,,,1,12,annex_01_companies_alloacted_land.csv,,none,Kan Investments,0
annex_01_company_0278,Kannysam Investments Ltd,,unknown,company_allocated_land,Company/entity listed as allocated land in the Ndung'u Report,Kannysam Investments Ltd,,,,,1,12,annex_01_companies_alloacted_land.csv,,none,Kannysam Investments Ltd,0
annex_01_company_0279,Kao Yen Kenya Limited,,unknown,company_allocated_land,Company/entity listed as allocated land in the Ndung'u Report,Kao Yen Kenya Limited,,,,,1,12,annex_01_companies_alloacted_land.csv,,none,Kao Yen Kenya Limited,0
annex_01_company_0280,Kapsambu Investments,,unknown,company_allocated_land,Company/entity listed as allocated land in the Ndung'u Report,Kapsambu Investments,,,,,1,12,annex_01_companies_alloacted_land.csv,,none,Kapsambu Investments,0
annex_01_company_0281,Kapset Investments Ltd,,unknown,company_allocated_land,Company/entity listed as allocated land in the Ndung'u Report,Kapset Investments Ltd,,,,,1,12,annex_01_companies_alloacted_land.csv,,none,Kapset Investments Ltd,0
annex_01_company_0282,Kapset Ltd,,unknown,company_allocated_land,Company/entity listed as allocated land in the Ndung'u Report,Kapset Ltd,,,,,1,13,annex_01_companies_alloacted_land.csv,,none,Kapset Ltd,0
annex_01_company_0283,Karandi Form Limited,,unknown,company_allocated_land,Company/entity listed as allocated land in the Ndung'u Report,Karandi Form Limited,,,,,1,13,annex_01_companies_alloacted_land.csv,,none,Karandi Form Limited,0
annex_01_company_0284,Karibuni Impex Limited,,unknown,company_allocated_land,Company/entity listed as allocated land in the Ndung'u Report,Karibuni Impex Limited,,,,,1,13,annex_01_companies_alloacted_land.csv,,none,Karibuni Impex Limited,0
annex_01_company_0285,Karis Investment,,unknown,company_allocated_land,Company/entity listed as allocated land in the Ndung'u Report,Karis Investment,,,,,1,13,annex_01_companies_alloacted_land.csv,,none,Karis Investment,0
annex_01_company_0286,Katangi Developers Ltd,,unknown,company_allocated_land,Company/entity listed as allocated land in the Ndung'u Report,Katangi Developers Ltd,,,,,1,13,annex_01_companies_alloacted_land.csv,,none,Katangi Developers Ltd,0
annex_01_company_0287,Katendewa Ltd,,unknown,company_allocated_land,Company/entity listed as allocated land in the Ndung'u Report,Katendewa Ltd,,,,,1,13,annex_01_companies_alloacted_land.csv,,none,Katendewa Ltd,0
annex_01_company_0288,Katikem Enterprises,,unknown,company_allocated_land,Company/entity listed as allocated land in the Ndung'u Report,Katikem Enterprises,,,,,1,13,annex_01_companies_alloacted_land.csv,,none,Katikem Enterprises,0
annex_01_company_0289,Katiken Enterprise,,unknown,company_allocated_land,Company/entity listed as allocated land in the Ndung'u Report,Katiken Enterprise,,,,,1,13,annex_01_companies_alloacted_land.csv,,none,Katiken Enterprise,0
annex_01_company_0290,Kaushik Chotalal Pabari,,unknown,company_allocated_land,Company/entity listed as allocated land in the Ndung'u Report,Kaushik Chotalal Pabari,,,,,1,13,annex_01_companies_alloacted_land.csv,,none,Kaushik Chotalal Pabari,0
annex_01_company_0291,Kayama Holdings Ltd,,unknown,company_allocated_land,Company/entity listed as allocated land in the Ndung'u Report,Kayama Holdings Ltd,,,,,1,13,annex_01_companies_alloacted_land.csv,,none,Kayama Holdings Ltd,0
annex_01_company_0292,Kayson (K) Ltd,,unknown,company_allocated_land,Company/entity listed as allocated land in the Ndung'u Report,Kayson (K) Ltd,,,,,1,13,annex_01_companies_alloacted_land.csv,,none,Kayson (K) Ltd,0
annex_01_company_0293,Kazuri Enterprises Ltd,,unknown,company_allocated_land,Company/entity listed as allocated land in the Ndung'u Report,Kazuri Enterprises Ltd,,,,,1,13,annex_01_companies_alloacted_land.csv,,none,Kazuri Enterprises Ltd,0
annex_01_company_0294,Kebasico Ltd.,,unknown,company_allocated_land,Company/entity listed as allocated land in the Ndung'u Report,Kebasico Ltd.,,,,,1,13,annex_01_companies_alloacted_land.csv,,none,Kebasico Ltd.,0
annex_01_company_0295,Kebirigo General Stores,,unknown,company_allocated_land,Company/entity listed as allocated land in the Ndung'u Report,Kebirigo General Stores,,,,,1,13,annex_01_companies_alloacted_land.csv,,none,Kebirigo General Stores,0
annex_01_company_0296,Kehamoz Holdings Ltd.,,unknown,company_allocated_land,Company/entity listed as allocated land in the Ndung'u Report,Kehamoz Holdings Ltd.,,,,,1,13,annex_01_companies_alloacted_land.csv,,none,Kehamoz Holdings Ltd.,0
annex_01_company_0297,Keimas Investments Limited,,unknown,company_allocated_land,Company/entity listed as allocated land in the Ndung'u Report,Keimas Investments Limited,,,,,1,13,annex_01_companies_alloacted_land.csv,,none,Keimas Investments Limited,0
annex_01_company_0298,Kelmas Investment,,unknown,company_allocated_land,Company/entity listed as allocated land in the Ndung'u Report,Kelmas Investment,,,,,1,13,annex_01_companies_alloacted_land.csv,,none,Kelmas Investment,0
annex_01_company_0299,Ken Tools Ltd.,,unknown,company_allocated_land,Company/entity listed as allocated land in the Ndung'u Report,Ken Tools Ltd.,,,,,1,13,annex_01_companies_alloacted_land.csv,,none,Ken Tools Ltd.,0
annex_01_company_0300,Kenamor Holdings Ltd,,unknown,company_allocated_land,Company/entity listed as allocated land in the Ndung'u Report,Kenamor Holdings Ltd,,,,,1,13,annex_01_companies_alloacted_land.csv,,none,Kenamor Holdings Ltd,0
annex_01_company_0301,Kenmosa Holdings Co. Ltd.,,unknown,company_allocated_land,Company/entity listed as allocated land in the Ndung'u Report,Kenmosa Holdings Co. Ltd.,,,,,1,13,annex_01_companies_alloacted_land.csv,,none,Kenmosa Holdings Co. Ltd.,0
annex_01_company_0302,Kenol Petrol Station,,unknown,company_allocated_land,Company/entity listed as allocated land in the Ndung'u Report,Kenol Petrol Station,,,,,1,13,annex_01_companies_alloacted_land.csv,,none,Kenol Petrol Station,0
annex_01_company_0303,Kenon Enter. Ltd.,,unknown,company_allocated_land,Company/entity listed as allocated land in the Ndung'u Report,Kenon Enter. Ltd.,,,,,1,13,annex_01_companies_alloacted_land.csv,,none,Kenon Enter. Ltd.,0
annex_01_company_0304,Kenya Containers Ltd,,unknown,company_allocated_land,Company/entity listed as allocated land in the Ndung'u Report,Kenya Containers Ltd,,,,,1,13,annex_01_companies_alloacted_land.csv,,none,Kenya Containers Ltd,0
annex_01_company_0305,Kenya Hotels Ltd,,unknown,company_allocated_land,Company/entity listed as allocated land in the Ndung'u Report,Kenya Hotels Ltd,,,,,1,13,annex_01_companies_alloacted_land.csv,,none,Kenya Hotels Ltd,0
annex_01_company_0306,Kenya Re-Insurance Co. Ltd,,unknown,company_allocated_land,Company/entity listed as allocated land in the Ndung'u Report,Kenya Re-Insurance Co. Ltd,,,,,1,13,annex_01_companies_alloacted_land.csv,,none,Kenya Re-Insurance Co. Ltd,0
annex_01_company_0307,Kenya Tyres Ltd,,unknown,company_allocated_land,Company/entity listed as allocated land in the Ndung'u Report,Kenya Tyres Ltd,,,,,1,13,annex_01_companies_alloacted_land.csv,,none,Kenya Tyres Ltd,0
annex_01_company_0308,Kerio Farms Ltd,,unknown,company_allocated_land,Company/entity listed as allocated land in the Ndung'u Report,Kerio Farms Ltd,,,,,1,13,annex_01_companies_alloacted_land.csv,,none,Kerio Farms Ltd,0
annex_01_company_0309,Kiambu Dandora Farmers Company,,unknown,company_allocated_land,Company/entity listed as allocated land in the Ndung'u Report,Kiambu Dandora Farmers Company,,,,,1,13,annex_01_companies_alloacted_land.csv,,none,Kiambu Dandora Farmers Company,0
annex_01_company_0310,Kiaruhi Investment,,unknown,company_allocated_land,Company/entity listed as allocated land in the Ndung'u Report,Kiaruhi Investment,,,,,1,13,annex_01_companies_alloacted_land.csv,,none,Kiaruhi Investment,0
annex_01_company_0311,Kibelsoi Investments,,unknown,company_allocated_land,Company/entity listed as allocated land in the Ndung'u Report,Kibelsoi Investments,,,,,1,13,annex_01_companies_alloacted_land.csv,,none,Kibelsoi Investments,0
annex_01_company_0312,Kibera Cinema Limited,,unknown,company_allocated_land,Company/entity listed as allocated land in the Ndung'u Report,Kibera Cinema Limited,,,,,1,13,annex_01_companies_alloacted_land.csv,,none,Kibera Cinema Limited,0
annex_01_company_0313,Kigowor(K)Ltd.,,unknown,company_allocated_land,Company/entity listed as allocated land in the Ndung'u Report,Kigowor(K)Ltd.,,,,,1,13,annex_01_companies_alloacted_land.csv,,none,Kigowor(K)Ltd.,0
annex_01_company_0314,Kihuro Holdings Limited,,unknown,company_allocated_land,Company/entity listed as allocated land in the Ndung'u Report,Kihuro Holdings Limited,,,,,1,13,annex_01_companies_alloacted_land.csv,,none,Kihuro Holdings Limited,0
annex_01_company_0315,Kima Nico Farm,,unknown,company_allocated_land,Company/entity listed as allocated land in the Ndung'u Report,Kima Nico Farm,,,,,1,13,annex_01_companies_alloacted_land.csv,,none,Kima Nico Farm,0
annex_01_company_0316,Kimmo Limited,,unknown,company_allocated_land,Company/entity listed as allocated land in the Ndung'u Report,Kimmo Limited,,,,,1,13,annex_01_companies_alloacted_land.csv,,none,Kimmo Limited,0
annex_01_company_0317,Kingsway Motors (K) Ltd,,unknown,company_allocated_land,Company/entity listed as allocated land in the Ndung'u Report,Kingsway Motors (K) Ltd,,,,,1,13,annex_01_companies_alloacted_land.csv,,none,Kingsway Motors (K) Ltd,0
annex_01_company_0318,Kipkenda Investments,,unknown,company_allocated_land,Company/entity listed as allocated land in the Ndung'u Report,Kipkenda Investments,,,,,1,14,annex_01_companies_alloacted_land.csv,,none,Kipkenda Investments,0
annex_01_company_0319,Kipsinende Ltd,,unknown,company_allocated_land,Company/entity listed as allocated land in the Ndung'u Report,Kipsinende Ltd,,,,,1,14,annex_01_companies_alloacted_land.csv,,none,Kipsinende Ltd,0
annex_01_company_0320,Kipsirgoi Invest. Ltd.,,unknown,company_allocated_land,Company/entity listed as allocated land in the Ndung'u Report,Kipsirgoi Invest. Ltd.,,,,,1,14,annex_01_companies_alloacted_land.csv,,none,Kipsirgoi Invest. Ltd.,0
annex_01_company_0321,Kiptagich Tea Estates Ltd,,unknown,company_allocated_land,Company/entity listed as allocated land in the Ndung'u Report,Kiptagich Tea Estates Ltd,,,,,1,14,annex_01_companies_alloacted_land.csv,,none,Kiptagich Tea Estates Ltd,0
annex_01_company_0322,Kisima Management Ltd,,unknown,company_allocated_land,Company/entity listed as allocated land in the Ndung'u Report,Kisima Management Ltd,,,,,1,14,annex_01_companies_alloacted_land.csv,,none,Kisima Management Ltd,0
annex_01_company_0323,Kisomok Traders,,unknown,company_allocated_land,Company/entity listed as allocated land in the Ndung'u Report,Kisomok Traders,,,,,1,14,annex_01_companies_alloacted_land.csv,,none,Kisomok Traders,0
annex_01_company_0324,Kitambo Agencies Ltd,,unknown,company_allocated_land,Company/entity listed as allocated land in the Ndung'u Report,Kitambo Agencies Ltd,,,,,1,14,annex_01_companies_alloacted_land.csv,,none,Kitambo Agencies Ltd,0
annex_01_company_0325,Kitisuru Limited,,unknown,company_allocated_land,Company/entity listed as allocated land in the Ndung'u Report,Kitisuru Limited,,,,,1,14,annex_01_companies_alloacted_land.csv,,none,Kitisuru Limited,0
annex_01_company_0326,Kizira Investiment,,unknown,company_allocated_land,Company/entity listed as allocated land in the Ndung'u Report,Kizira Investiment,,,,,1,14,annex_01_companies_alloacted_land.csv,,none,Kizira Investiment,0
annex_01_company_0327,Kiztra Investment,,unknown,company_allocated_land,Company/entity listed as allocated land in the Ndung'u Report,Kiztra Investment,,,,,1,14,annex_01_companies_alloacted_land.csv,,none,Kiztra Investment,0
annex_01_company_0328,Kogna Limited,,unknown,company_allocated_land,Company/entity listed as allocated land in the Ndung'u Report,Kogna Limited,,,,,1,14,annex_01_companies_alloacted_land.csv,,none,Kogna Limited,0
annex_01_company_0329,Komakos Ltd,,unknown,company_allocated_land,Company/entity listed as allocated land in the Ndung'u Report,Komakos Ltd,,,,,1,14,annex_01_companies_alloacted_land.csv,,none,Komakos Ltd,0
annex_01_company_0330,Komora Holding Ltd,,unknown,company_allocated_land,Company/entity listed as allocated land in the Ndung'u Report,Komora Holding Ltd,,,,,1,14,annex_01_companies_alloacted_land.csv,,none,Komora Holding Ltd,0
annex_01_company_0331,Kona Njoro Firm,,unknown,company_allocated_land,Company/entity listed as allocated land in the Ndung'u Report,Kona Njoro Firm,,,,,1,14,annex_01_companies_alloacted_land.csv,,none,Kona Njoro Firm,0
annex_01_company_0332,Kooto (Kenya) Ltd,,unknown,company_allocated_land,Company/entity listed as allocated land in the Ndung'u Report,Kooto (Kenya) Ltd,,,,,1,14,annex_01_companies_alloacted_land.csv,,none,Kooto (Kenya) Ltd,0
annex_01_company_0333,Kowloon Limited,,unknown,company_allocated_land,Company/entity listed as allocated land in the Ndung'u Report,Kowloon Limited,,,,,1,14,annex_01_companies_alloacted_land.csv,,none,Kowloon Limited,0
annex_01_company_0334,Kozi Investment Ltd,,unknown,company_allocated_land,Company/entity listed as allocated land in the Ndung'u Report,Kozi Investment Ltd,,,,,1,14,annex_01_companies_alloacted_land.csv,,none,Kozi Investment Ltd,0
annex_01_company_0335,Desahe Investment Limited,,unknown,company_allocated_land,Company/entity listed as allocated land in the Ndung'u Report,Desahe Investment Limited,,,,,1,14,annex_01_companies_alloacted_land.csv,,none,Desahe Investment Limited,0
annex_01_company_0336,Tahir Sheik Said Investment,,unknown,company_allocated_land,Company/entity listed as allocated land in the Ndung'u Report,Tahir Sheik Said Investment,,,,,1,14,annex_01_companies_alloacted_land.csv,,none,Tahir Sheik Said Investment,0
annex_01_company_0337,Krystalline Salt Works Ltd,,unknown,company_allocated_land,Company/entity listed as allocated land in the Ndung'u Report,Krystalline Salt Works Ltd,,,,,1,14,annex_01_companies_alloacted_land.csv,,none,Krystalline Salt Works Ltd,0
annex_01_company_0338,Kulaka Agencies Ltd;,,unknown,company_allocated_land,Company/entity listed as allocated land in the Ndung'u Report,Kulaka Agencies Ltd;,,,,,1,14,annex_01_companies_alloacted_land.csv,,none,Kulaka Agencies Ltd;,0
annex_01_company_0339,Kutus Saw Mill Ltd.,,unknown,company_allocated_land,Company/entity listed as allocated land in the Ndung'u Report,Kutus Saw Mill Ltd.,,,,,1,14,annex_01_companies_alloacted_land.csv,,none,Kutus Saw Mill Ltd.,0
annex_01_company_0340,Kwaai Water Enterprice Ltd.,,unknown,company_allocated_land,Company/entity listed as allocated land in the Ndung'u Report,Kwaai Water Enterprice Ltd.,,,,,1,14,annex_01_companies_alloacted_land.csv,,none,Kwaai Water Enterprice Ltd.,0
annex_01_company_0341,La Pieve Ltd,,unknown,company_allocated_land,Company/entity listed as allocated land in the Ndung'u Report,La Pieve Ltd,,,,,1,14,annex_01_companies_alloacted_land.csv,,none,La Pieve Ltd,0
annex_01_company_0342,Laiti Traders Limited,,unknown,company_allocated_land,Company/entity listed as allocated land in the Ndung'u Report,Laiti Traders Limited,,,,,1,14,annex_01_companies_alloacted_land.csv,,none,Laiti Traders Limited,0
annex_01_company_0343,Lally Farm Limited,,unknown,company_allocated_land,Company/entity listed as allocated land in the Ndung'u Report,Lally Farm Limited,,,,,1,14,annex_01_companies_alloacted_land.csv,,none,Lally Farm Limited,0
annex_01_company_0344,Lamu Enterprises Ltd,,unknown,company_allocated_land,Company/entity listed as allocated land in the Ndung'u Report,Lamu Enterprises Ltd,,,,,1,14,annex_01_companies_alloacted_land.csv,,none,Lamu Enterprises Ltd,0
annex_01_company_0345,Lassy Enterprises Ltd,,unknown,company_allocated_land,Company/entity listed as allocated land in the Ndung'u Report,Lassy Enterprises Ltd,,,,,1,14,annex_01_companies_alloacted_land.csv,,none,Lassy Enterprises Ltd,0
annex_01_company_0346,Le Kuna co Ltd.,,unknown,company_allocated_land,Company/entity listed as allocated land in the Ndung'u Report,Le Kuna co Ltd.,,,,,1,14,annex_01_companies_alloacted_land.csv,,none,Le Kuna co Ltd.,0
annex_01_company_0347,Leap Investments,,unknown,company_allocated_land,Company/entity listed as allocated land in the Ndung'u Report,Leap Investments,,,,,1,14,annex_01_companies_alloacted_land.csv,,none,Leap Investments,0
annex_01_company_0348,Leberio Farm Ltd,,unknown,company_allocated_land,Company/entity listed as allocated land in the Ndung'u Report,Leberio Farm Ltd,,,,,1,14,annex_01_companies_alloacted_land.csv,,none,Leberio Farm Ltd,0
annex_01_company_0349,Leltaet Flowers,,unknown,company_allocated_land,Company/entity listed as allocated land in the Ndung'u Report,Leltaet Flowers,,,,,1,14,annex_01_companies_alloacted_land.csv,,none,Leltaet Flowers,0
annex_01_company_0350,LEMU Company Ltd,,unknown,company_allocated_land,Company/entity listed as allocated land in the Ndung'u Report,LEMU Company Ltd,,,,,1,14,annex_01_companies_alloacted_land.csv,,none,LEMU Company Ltd,0
annex_01_company_0351,Lessan Hardwares Company Ltd,,unknown,company_allocated_land,Company/entity listed as allocated land in the Ndung'u Report,Lessan Hardwares Company Ltd,,,,,1,14,annex_01_companies_alloacted_land.csv,,none,Lessan Hardwares Company Ltd,0
annex_01_company_0352,Lewinson Enterprises Ltd,,unknown,company_allocated_land,Company/entity listed as allocated land in the Ndung'u Report,Lewinson Enterprises Ltd,,,,,1,14,annex_01_companies_alloacted_land.csv,,none,Lewinson Enterprises Ltd,0
annex_01_company_0353,Lewisen Enterprises,,unknown,company_allocated_land,Company/entity listed as allocated land in the Ndung'u Report,Lewisen Enterprises,,,,,1,14,annex_01_companies_alloacted_land.csv,,none,Lewisen Enterprises,0
annex_01_company_0354,Leyko Driving School,,unknown,company_allocated_land,Company/entity listed as allocated land in the Ndung'u Report,Leyko Driving School,,,,,1,15,annex_01_companies_alloacted_land.csv,,none,Leyko Driving School,0
annex_01_company_0355,Lima Limited,,unknown,company_allocated_land,Company/entity listed as allocated land in the Ndung'u Report,Lima Limited,,,,,1,15,annex_01_companies_alloacted_land.csv,,none,Lima Limited,0
annex_01_company_0356,Linrose Investment Ltd,,unknown,company_allocated_land,Company/entity listed as allocated land in the Ndung'u Report,Linrose Investment Ltd,,,,,1,15,annex_01_companies_alloacted_land.csv,,none,Linrose Investment Ltd,0
annex_01_company_0357,Linto Limited,,unknown,company_allocated_land,Company/entity listed as allocated land in the Ndung'u Report,Linto Limited,,,,,1,15,annex_01_companies_alloacted_land.csv,,none,Linto Limited,0
annex_01_company_0358,Little Meadows,,unknown,company_allocated_land,Company/entity listed as allocated land in the Ndung'u Report,Little Meadows,,,,,1,15,annex_01_companies_alloacted_land.csv,,none,Little Meadows,0
annex_01_company_0359,Loresho Ridge Nursery School Ltd,,unknown,company_allocated_land,Company/entity listed as allocated land in the Ndung'u Report,Loresho Ridge Nursery School Ltd,,,,,1,15,annex_01_companies_alloacted_land.csv,,none,Loresho Ridge Nursery School Ltd,0
annex_01_company_0360,Lubichi Enterprises,,unknown,company_allocated_land,Company/entity listed as allocated land in the Ndung'u Report,Lubichi Enterprises,,,,,1,15,annex_01_companies_alloacted_land.csv,,none,Lubichi Enterprises,0
annex_01_company_0361,Lubids Enterprises,,unknown,company_allocated_land,Company/entity listed as allocated land in the Ndung'u Report,Lubids Enterprises,,,,,1,15,annex_01_companies_alloacted_land.csv,,none,Lubids Enterprises,0
annex_01_company_0362,Lukuyani Enterprises Limited,,unknown,company_allocated_land,Company/entity listed as allocated land in the Ndung'u Report,Lukuyani Enterprises Limited,,,,,1,15,annex_01_companies_alloacted_land.csv,,none,Lukuyani Enterprises Limited,0
annex_01_company_0363,Lunda Enterprises,,unknown,company_allocated_land,Company/entity listed as allocated land in the Ndung'u Report,Lunda Enterprises,,,,,1,15,annex_01_companies_alloacted_land.csv,,none,Lunda Enterprises,0
annex_01_company_0364,Lwiney Agencis Ltd,,unknown,company_allocated_land,Company/entity listed as allocated land in the Ndung'u Report,Lwiney Agencis Ltd,,,,,1,15,annex_01_companies_alloacted_land.csv,,none,Lwiney Agencis Ltd,0
annex_01_company_0365,Lyonnaise Developerd Ltd,,unknown,company_allocated_land,Company/entity listed as allocated land in the Ndung'u Report,Lyonnaise Developerd Ltd,,,,,1,15,annex_01_companies_alloacted_land.csv,,none,Lyonnaise Developerd Ltd,0
annex_01_company_0366,M K Holdings Ltd,,unknown,company_allocated_land,Company/entity listed as allocated land in the Ndung'u Report,M K Holdings Ltd,,,,,1,15,annex_01_companies_alloacted_land.csv,,none,M K Holdings Ltd,0
annex_01_company_0367,MS Kamau Agencies Ltd.,,unknown,company_allocated_land,Company/entity listed as allocated land in the Ndung'u Report,MS Kamau Agencies Ltd.,,,,,1,15,annex_01_companies_alloacted_land.csv,,none,MS Kamau Agencies Ltd.,0
annex_01_company_0368,M/S Kithaayani Invest. Ltd,,unknown,company_allocated_land,Company/entity listed as allocated land in the Ndung'u Report,M/S Kithaayani Invest. Ltd,,,,,1,15,annex_01_companies_alloacted_land.csv,,none,M/S Kithaayani Invest. Ltd,0
annex_01_company_0369,M/s Match Designers Ltd,,unknown,company_allocated_land,Company/entity listed as allocated land in the Ndung'u Report,M/s Match Designers Ltd,,,,,1,15,annex_01_companies_alloacted_land.csv,,none,M/s Match Designers Ltd,0
annex_01_company_0370,M/S Muranga Invest. Ltd.,,unknown,company_allocated_land,Company/entity listed as allocated land in the Ndung'u Report,M/S Muranga Invest. Ltd.,,,,,1,15,annex_01_companies_alloacted_land.csv,,none,M/S Muranga Invest. Ltd.,0
annex_01_company_0371,M/S Simmi Tech.,,unknown,company_allocated_land,Company/entity listed as allocated land in the Ndung'u Report,M/S Simmi Tech.,,,,,1,15,annex_01_companies_alloacted_land.csv,,none,M/S Simmi Tech.,0
annex_01_company_0372,M/S T. Investment Ltd.,,unknown,company_allocated_land,Company/entity listed as allocated land in the Ndung'u Report,M/S T. Investment Ltd.,,,,,1,15,annex_01_companies_alloacted_land.csv,,none,M/S T. Investment Ltd.,0
annex_01_company_0373,Maac Enterprises,,unknown,company_allocated_land,Company/entity listed as allocated land in the Ndung'u Report,Maac Enterprises,,,,,1,15,annex_01_companies_alloacted_land.csv,,none,Maac Enterprises,0
annex_01_company_0374,Maanjen Limited,,unknown,company_allocated_land,Company/entity listed as allocated land in the Ndung'u Report,Maanjen Limited,,,,,1,15,annex_01_companies_alloacted_land.csv,,none,Maanjen Limited,0
annex_01_company_0375,Macheo Ltd,,unknown,company_allocated_land,Company/entity listed as allocated land in the Ndung'u Report,Macheo Ltd,,,,,1,15,annex_01_companies_alloacted_land.csv,,none,Macheo Ltd,0
annex_01_company_0376,Maciazinex Africa Co. Ltd,,unknown,company_allocated_land,Company/entity listed as allocated land in the Ndung'u Report,Maciazinex Africa Co. Ltd,,,,,1,15,annex_01_companies_alloacted_land.csv,,none,Maciazinex Africa Co. Ltd,0
annex_01_company_0377,Magneto Developpers Ltd,,unknown,company_allocated_land,Company/entity listed as allocated land in the Ndung'u Report,Magneto Developpers Ltd,,,,,1,15,annex_01_companies_alloacted_land.csv,,none,Magneto Developpers Ltd,0
annex_01_company_0378,Magut Agencies Co. Ltd.,,unknown,company_allocated_land,Company/entity listed as allocated land in the Ndung'u Report,Magut Agencies Co. Ltd.,,,,,1,15,annex_01_companies_alloacted_land.csv,,none,Magut Agencies Co. Ltd.,0
annex_01_company_0379,Maiya Consultants Ltd.,,unknown,company_allocated_land,Company/entity listed as allocated land in the Ndung'u Report,Maiya Consultants Ltd.,,,,,1,15,annex_01_companies_alloacted_land.csv,,none,Maiya Consultants Ltd.,0
annex_01_company_0380,Maino Holdings,,unknown,company_allocated_land,Company/entity listed as allocated land in the Ndung'u Report,Maino Holdings,,,,,1,15,annex_01_companies_alloacted_land.csv,,none,Maino Holdings,0
annex_01_company_0381,Maiya Consultants Ltd.,,unknown,company_allocated_land,Company/entity listed as allocated land in the Ndung'u Report,Maiya Consultants Ltd.,,,,,1,15,annex_01_companies_alloacted_land.csv,,none,Maiya Consultants Ltd.,0
annex_01_company_0382,Makatiat Limited,,unknown,company_allocated_land,Company/entity listed as allocated land in the Ndung'u Report,Makatiat Limited,,,,,1,15,annex_01_companies_alloacted_land.csv,,none,Makatiat Limited,0
annex_01_company_0383,Makom Investment Ltd.,,unknown,company_allocated_land,Company/entity listed as allocated land in the Ndung'u Report,Makom Investment Ltd.,,,,,1,15,annex_01_companies_alloacted_land.csv,,none,Makom Investment Ltd.,0
annex_01_company_0384,Makori Investment limited,,unknown,company_allocated_land,Company/entity listed as allocated land in the Ndung'u Report,Makori Investment limited,,,,,1,15,annex_01_companies_alloacted_land.csv,,none,Makori Investment limited,0
annex_01_company_0385,Malan Limited,,unknown,company_allocated_land,Company/entity listed as allocated land in the Ndung'u Report,Malan Limited,,,,,1,15,annex_01_companies_alloacted_land.csv,,none,Malan Limited,0
annex_01_company_0386,Malar Limited,,unknown,company_allocated_land,Company/entity listed as allocated land in the Ndung'u Report,Malar Limited,,,,,1,15,annex_01_companies_alloacted_land.csv,,none,Malar Limited,0
annex_01_company_0387,Mamburui Investments Ltd,,unknown,company_allocated_land,Company/entity listed as allocated land in the Ndung'u Report,Mamburui Investments Ltd,,,,,1,15,annex_01_companies_alloacted_land.csv,,none,Mamburui Investments Ltd,0
annex_01_company_0388,Mamuge Properties Ltd,,unknown,company_allocated_land,Company/entity listed as allocated land in the Ndung'u Report,Mamuge Properties Ltd,,,,,1,15,annex_01_companies_alloacted_land.csv,,none,Mamuge Properties Ltd,0
annex_01_company_0389,Mamumu Agencies,,unknown,company_allocated_land,Company/entity listed as allocated land in the Ndung'u Report,Mamumu Agencies,,,,,1,15,annex_01_companies_alloacted_land.csv,,none,Mamumu Agencies,0
annex_01_company_0390,Mamusu Enterprises Ltd,,unknown,company_allocated_land,Company/entity listed as allocated land in the Ndung'u Report,Mamusu Enterprises Ltd,,,,,1,16,annex_01_companies_alloacted_land.csv,,none,Mamusu Enterprises Ltd,0
annex_01_company_0391,Mana Enterprises,,unknown,company_allocated_land,Company/entity listed as allocated land in the Ndung'u Report,Mana Enterprises,,,,,1,16,annex_01_companies_alloacted_land.csv,,none,Mana Enterprises,0
annex_01_company_0392,Manchester Outfitters,,unknown,company_allocated_land,Company/entity listed as allocated land in the Ndung'u Report,Manchester Outfitters,,,,,1,16,annex_01_companies_alloacted_land.csv,,none,Manchester Outfitters,0
annex_01_company_0393,Manchewa Enterprises Ltd,,unknown,company_allocated_land,Company/entity listed as allocated land in the Ndung'u Report,Manchewa Enterprises Ltd,,,,,1,16,annex_01_companies_alloacted_land.csv,,none,Manchewa Enterprises Ltd,0
annex_01_company_0394,Manjen Ltd,,unknown,company_allocated_land,Company/entity listed as allocated land in the Ndung'u Report,Manjen Ltd,,,,,1,16,annex_01_companies_alloacted_land.csv,,none,Manjen Ltd,0
annex_01_company_0395,Mansur Dharani & Others,,unknown,company_allocated_land,Company/entity listed as allocated land in the Ndung'u Report,Mansur Dharani & Others,,,,,1,16,annex_01_companies_alloacted_land.csv,,none,Mansur Dharani & Others,0
annex_01_company_0396,Manyatta Paradise,,unknown,company_allocated_land,Company/entity listed as allocated land in the Ndung'u Report,Manyatta Paradise,,,,,1,16,annex_01_companies_alloacted_land.csv,,none,Manyatta Paradise,0
annex_01_company_0397,Marignane Air Fret (K) Ltd,,unknown,company_allocated_land,Company/entity listed as allocated land in the Ndung'u Report,Marignane Air Fret (K) Ltd,,,,,1,16,annex_01_companies_alloacted_land.csv,,none,Marignane Air Fret (K) Ltd,0
annex_01_company_0398,Marigold Properties Ltd,,unknown,company_allocated_land,Company/entity listed as allocated land in the Ndung'u Report,Marigold Properties Ltd,,,,,1,16,annex_01_companies_alloacted_land.csv,,none,Marigold Properties Ltd,0
annex_01_company_0399,Marionson Holding Limited,,unknown,company_allocated_land,Company/entity listed as allocated land in the Ndung'u Report,Marionson Holding Limited,,,,,1,16,annex_01_companies_alloacted_land.csv,,none,Marionson Holding Limited,0
annex_01_company_0400,Mark Fam Investment Ltd,,unknown,company_allocated_land,Company/entity listed as allocated land in the Ndung'u Report,Mark Fam Investment Ltd,,,,,1,16,annex_01_companies_alloacted_land.csv,,none,Mark Fam Investment Ltd,0
annex_01_company_0401,Markat Enterprises,,unknown,company_allocated_land,Company/entity listed as allocated land in the Ndung'u Report,Markat Enterprises,,,,,1,16,annex_01_companies_alloacted_land.csv,,none,Markat Enterprises,0
annex_01_company_0402,Mart Properties Limited,,unknown,company_allocated_land,Company/entity listed as allocated land in the Ndung'u Report,Mart Properties Limited,,,,,1,16,annex_01_companies_alloacted_land.csv,,none,Mart Properties Limited,0
annex_01_company_0403,Masagwe Enterprises Ltd,,unknown,company_allocated_land,Company/entity listed as allocated land in the Ndung'u Report,Masagwe Enterprises Ltd,,,,,1,16,annex_01_companies_alloacted_land.csv,,none,Masagwe Enterprises Ltd,0
annex_01_company_0404,Masai Villas Ltd,,unknown,company_allocated_land,Company/entity listed as allocated land in the Ndung'u Report,Masai Villas Ltd,,,,,1,16,annex_01_companies_alloacted_land.csv,,none,Masai Villas Ltd,0
annex_01_company_0405,Masor Investments Ltd,,unknown,company_allocated_land,Company/entity listed as allocated land in the Ndung'u Report,Masor Investments Ltd,,,,,1,16,annex_01_companies_alloacted_land.csv,,none,Masor Investments Ltd,0
annex_01_company_0406,Masor Investments Ltd,,unknown,company_allocated_land,Company/entity listed as allocated land in the Ndung'u Report,Masor Investments Ltd,,,,,1,16,annex_01_companies_alloacted_land.csv,,none,Masor Investments Ltd,0
annex_01_company_0407,Mathakua Developers Ltd,,unknown,company_allocated_land,Company/entity listed as allocated land in the Ndung'u Report,Mathakua Developers Ltd,,,,,1,16,annex_01_companies_alloacted_land.csv,,none,Mathakua Developers Ltd,0
annex_01_company_0408,Matika Ltd,,unknown,company_allocated_land,Company/entity listed as allocated land in the Ndung'u Report,Matika Ltd,,,,,1,16,annex_01_companies_alloacted_land.csv,,none,Matika Ltd,0
annex_01_company_0409,Maya Consultants Ltd,,unknown,company_allocated_land,Company/entity listed as allocated land in the Ndung'u Report,Maya Consultants Ltd,,,,,1,16,annex_01_companies_alloacted_land.csv,,none,Maya Consultants Ltd,0
annex_01_company_0410,Mayfair Holdings,,unknown,company_allocated_land,Company/entity listed as allocated land in the Ndung'u Report,Mayfair Holdings,,,,,1,16,annex_01_companies_alloacted_land.csv,,none,Mayfair Holdings,0
annex_01_company_0411,Mbimbra Enterprises,,unknown,company_allocated_land,Company/entity listed as allocated land in the Ndung'u Report,Mbimbra Enterprises,,,,,1,16,annex_01_companies_alloacted_land.csv,,none,Mbimbra Enterprises,0
annex_01_company_0412,Meat WholeSalers Ltd,,unknown,company_allocated_land,Company/entity listed as allocated land in the Ndung'u Report,Meat WholeSalers Ltd,,,,,1,16,annex_01_companies_alloacted_land.csv,,none,Meat WholeSalers Ltd,0
annex_01_company_0413,Meatons (K) Ltd,,unknown,company_allocated_land,Company/entity listed as allocated land in the Ndung'u Report,Meatons (K) Ltd,,,,,1,16,annex_01_companies_alloacted_land.csv,,none,Meatons (K) Ltd,0
annex_01_company_0414,Medipra Limited,,unknown,company_allocated_land,Company/entity listed as allocated land in the Ndung'u Report,Medipra Limited,,,,,1,16,annex_01_companies_alloacted_land.csv,,none,Medipra Limited,0
annex_01_company_0415,Meghi Shah & Sons Ltd,,unknown,company_allocated_land,Company/entity listed as allocated land in the Ndung'u Report,Meghi Shah & Sons Ltd,,,,,1,16,annex_01_companies_alloacted_land.csv,,none,Meghi Shah & Sons Ltd,0
annex_01_company_0416,Memual Ltd,,unknown,company_allocated_land,Company/entity listed as allocated land in the Ndung'u Report,Memual Ltd,,,,,1,16,annex_01_companies_alloacted_land.csv,,none,Memual Ltd,0
annex_01_company_0417,Menchewa Enterprises,,unknown,company_allocated_land,Company/entity listed as allocated land in the Ndung'u Report,Menchewa Enterprises,,,,,1,16,annex_01_companies_alloacted_land.csv,,none,Menchewa Enterprises,0
annex_01_company_0418,Mental Sales Limited,,unknown,company_allocated_land,Company/entity listed as allocated land in the Ndung'u Report,Mental Sales Limited,,,,,1,16,annex_01_companies_alloacted_land.csv,,none,Mental Sales Limited,0
annex_01_company_0419,Metropolitan Tea Brokers Ltd,,unknown,company_allocated_land,Company/entity listed as allocated land in the Ndung'u Report,Metropolitan Tea Brokers Ltd,,,,,1,16,annex_01_companies_alloacted_land.csv,,none,Metropolitan Tea Brokers Ltd,0
annex_01_company_0420,Miano Holdings Ltd,,unknown,company_allocated_land,Company/entity listed as allocated land in the Ndung'u Report,Miano Holdings Ltd,,,,,1,16,annex_01_companies_alloacted_land.csv,,none,Miano Holdings Ltd,0
annex_01_company_0421,Mid Kanja Enterprises,,unknown,company_allocated_land,Company/entity listed as allocated land in the Ndung'u Report,Mid Kanja Enterprises,,,,,1,16,annex_01_companies_alloacted_land.csv,,none,Mid Kanja Enterprises,0
annex_01_company_0422,Mid-Kenya Enterprises,,unknown,company_allocated_land,Company/entity listed as allocated land in the Ndung'u Report,Mid-Kenya Enterprises,,,,,1,16,annex_01_companies_alloacted_land.csv,,none,Mid-Kenya Enterprises,0
annex_01_company_0423,Mildas Limited,,unknown,company_allocated_land,Company/entity listed as allocated land in the Ndung'u Report,Mildas Limited,,,,,1,16,annex_01_companies_alloacted_land.csv,,none,Mildas Limited,0
annex_01_company_0424,Mitrac Enterprises Ltd,,unknown,company_allocated_land,Company/entity listed as allocated land in the Ndung'u Report,Mitrac Enterprises Ltd,,,,,1,16,annex_01_companies_alloacted_land.csv,,none,Mitrac Enterprises Ltd,0
annex_01_company_0425,Modern Ventures Ltd,,unknown,company_allocated_land,Company/entity listed as allocated land in the Ndung'u Report,Modern Ventures Ltd,,,,,1,16,annex_01_companies_alloacted_land.csv,,none,Modern Ventures Ltd,0
annex_01_company_0426,Mokar Investment Ltd,,unknown,company_allocated_land,Company/entity listed as allocated land in the Ndung'u Report,Mokar Investment Ltd,,,,,1,17,annex_01_companies_alloacted_land.csv,,none,Mokar Investment Ltd,0
annex_01_company_0427,Molar Investiments Ltd,,unknown,company_allocated_land,Company/entity listed as allocated land in the Ndung'u Report,Molar Investiments Ltd,,,,,1,17,annex_01_companies_alloacted_land.csv,,none,Molar Investiments Ltd,0
annex_01_company_0428,Moledina Enterprises Ltd,,unknown,company_allocated_land,Company/entity listed as allocated land in the Ndung'u Report,Moledina Enterprises Ltd,,,,,1,17,annex_01_companies_alloacted_land.csv,,none,Moledina Enterprises Ltd,0
annex_01_company_0429,Mombasa Highride Holdings,,unknown,company_allocated_land,Company/entity listed as allocated land in the Ndung'u Report,Mombasa Highride Holdings,,,,,1,17,annex_01_companies_alloacted_land.csv,,none,Mombasa Highride Holdings,0
annex_01_company_0430,Monda & Co.,,unknown,company_allocated_land,Company/entity listed as allocated land in the Ndung'u Report,Monda & Co.,,,,,1,17,annex_01_companies_alloacted_land.csv,,none,Monda & Co.,0
annex_01_company_0431,Monda Investments,,unknown,company_allocated_land,Company/entity listed as allocated land in the Ndung'u Report,Monda Investments,,,,,1,17,annex_01_companies_alloacted_land.csv,,none,Monda Investments,0
annex_01_company_0432,Montebelle Holdings Limited,,unknown,company_allocated_land,Company/entity listed as allocated land in the Ndung'u Report,Montebelle Holdings Limited,,,,,1,17,annex_01_companies_alloacted_land.csv,,none,Montebelle Holdings Limited,0
annex_01_company_0433,Motor Mart Investment Corporation Ltd,,unknown,company_allocated_land,Company/entity listed as allocated land in the Ndung'u Report,Motor Mart Investment Corporation Ltd,,,,,1,17,annex_01_companies_alloacted_land.csv,,none,Motor Mart Investment Corporation Ltd,0
annex_01_company_0434,Mount Swiss Developers (K) Ltd,,unknown,company_allocated_land,Company/entity listed as allocated land in the Ndung'u Report,Mount Swiss Developers (K) Ltd,,,,,1,17,annex_01_companies_alloacted_land.csv,,none,Mount Swiss Developers (K) Ltd,0
annex_01_company_0435,Mountpellies Holdings Ltd,,unknown,company_allocated_land,Company/entity listed as allocated land in the Ndung'u Report,Mountpellies Holdings Ltd,,,,,1,17,annex_01_companies_alloacted_land.csv,,none,Mountpellies Holdings Ltd,0
annex_01_company_0436,Movado Holdings Ltd,,unknown,company_allocated_land,Company/entity listed as allocated land in the Ndung'u Report,Movado Holdings Ltd,,,,,1,17,annex_01_companies_alloacted_land.csv,,none,Movado Holdings Ltd,0
annex_01_company_0437,Mt. Kenya Gems Ltd,,unknown,company_allocated_land,Company/entity listed as allocated land in the Ndung'u Report,Mt. Kenya Gems Ltd,,,,,1,17,annex_01_companies_alloacted_land.csv,,none,Mt. Kenya Gems Ltd,0
annex_01_company_0438,Mtaa Holdings Ltd,,unknown,company_allocated_land,Company/entity listed as allocated land in the Ndung'u Report,Mtaa Holdings Ltd,,,,,1,17,annex_01_companies_alloacted_land.csv,,none,Mtaa Holdings Ltd,0
annex_01_company_0439,Muge Enterprises Ltd,,unknown,company_allocated_land,Company/entity listed as allocated land in the Ndung'u Report,Muge Enterprises Ltd,,,,,1,17,annex_01_companies_alloacted_land.csv,,none,Muge Enterprises Ltd,0
annex_01_company_0440,Muhigia Saving & Credit Ltd,,unknown,company_allocated_land,Company/entity listed as allocated land in the Ndung'u Report,Muhigia Saving & Credit Ltd,,,,,1,17,annex_01_companies_alloacted_land.csv,,none,Muhigia Saving & Credit Ltd,0
annex_01_company_0441,Muibu Enterprises,,unknown,company_allocated_land,Company/entity listed as allocated land in the Ndung'u Report,Muibu Enterprises,,,,,1,17,annex_01_companies_alloacted_land.csv,,none,Muibu Enterprises,0
annex_01_company_0442,Muigai Commercial Agencies,,unknown,company_allocated_land,Company/entity listed as allocated land in the Ndung'u Report,Muigai Commercial Agencies,,,,,1,17,annex_01_companies_alloacted_land.csv,,none,Muigai Commercial Agencies,0
annex_01_company_0443,Muitungu Ltd,,unknown,company_allocated_land,Company/entity listed as allocated land in the Ndung'u Report,Muitungu Ltd,,,,,1,17,annex_01_companies_alloacted_land.csv,,none,Muitungu Ltd,0
annex_01_company_0444,Mukuka Holdings Ltd,,unknown,company_allocated_land,Company/entity listed as allocated land in the Ndung'u Report,Mukuka Holdings Ltd,,,,,1,17,annex_01_companies_alloacted_land.csv,,none,Mukuka Holdings Ltd,0
annex_01_company_0445,Mukweso Enterprises,,unknown,company_allocated_land,Company/entity listed as allocated land in the Ndung'u Report,Mukweso Enterprises,,,,,1,17,annex_01_companies_alloacted_land.csv,,none,Mukweso Enterprises,0
annex_01_company_0446,Mumo Agencies,,unknown,company_allocated_land,Company/entity listed as allocated land in the Ndung'u Report,Mumo Agencies,,,,,1,17,annex_01_companies_alloacted_land.csv,,none,Mumo Agencies,0
annex_01_company_0447,Muringa Investments,,unknown,company_allocated_land,Company/entity listed as allocated land in the Ndung'u Report,Muringa Investments,,,,,1,17,annex_01_companies_alloacted_land.csv,,none,Muringa Investments,0
annex_01_company_0448,Muska Holdings,,unknown,company_allocated_land,Company/entity listed as allocated land in the Ndung'u Report,Muska Holdings,,,,,1,17,annex_01_companies_alloacted_land.csv,,none,Muska Holdings,0
annex_01_company_0449,Mutatara Enterpri ses Ltd.,,unknown,company_allocated_land,Company/entity listed as allocated land in the Ndung'u Report,Mutatara Enterpri ses Ltd.,,,,,1,17,annex_01_companies_alloacted_land.csv,,none,Mutatara Enterpri ses Ltd.,0
annex_01_company_0450,Mutige Kiboti &Co.,,unknown,company_allocated_land,Company/entity listed as allocated land in the Ndung'u Report,Mutige Kiboti &Co.,,,,,1,17,annex_01_companies_alloacted_land.csv,,none,Mutige Kiboti &Co.,0
annex_01_company_0451,Muwakimu Agencies,,unknown,company_allocated_land,Company/entity listed as allocated land in the Ndung'u Report,Muwakimu Agencies,,,,,1,17,annex_01_companies_alloacted_land.csv,,none,Muwakimu Agencies,0
annex_01_company_0452,Mwachumac Enterprises,,unknown,company_allocated_land,Company/entity listed as allocated land in the Ndung'u Report,Mwachumac Enterprises,,,,,1,17,annex_01_companies_alloacted_land.csv,,none,Mwachumac Enterprises,0
annex_01_company_0453,N.K. Brothers,,unknown,company_allocated_land,Company/entity listed as allocated land in the Ndung'u Report,N.K. Brothers,,,,,1,17,annex_01_companies_alloacted_land.csv,,none,N.K. Brothers,0
annex_01_company_0454,Naki Investments Ltd.,,unknown,company_allocated_land,Company/entity listed as allocated land in the Ndung'u Report,Naki Investments Ltd.,,,,,1,17,annex_01_companies_alloacted_land.csv,,none,Naki Investments Ltd.,0
annex_01_company_0455,Nakuru Automobile House Limited,,unknown,company_allocated_land,Company/entity listed as allocated land in the Ndung'u Report,Nakuru Automobile House Limited,,,,,1,17,annex_01_companies_alloacted_land.csv,,none,Nakuru Automobile House Limited,0
annex_01_company_0456,Namakoye Enterprises,,unknown,company_allocated_land,Company/entity listed as allocated land in the Ndung'u Report,Namakoye Enterprises,,,,,1,17,annex_01_companies_alloacted_land.csv,,none,Namakoye Enterprises,0
annex_01_company_0457,Namawa Enterprises,,unknown,company_allocated_land,Company/entity listed as allocated land in the Ndung'u Report,Namawa Enterprises,,,,,1,17,annex_01_companies_alloacted_land.csv,,none,Namawa Enterprises,0
annex_01_company_0458,Nandial And Co. Ltd.,,unknown,company_allocated_land,Company/entity listed as allocated land in the Ndung'u Report,Nandial And Co. Ltd.,,,,,1,17,annex_01_companies_alloacted_land.csv,,none,Nandial And Co. Ltd.,0
annex_01_company_0459,Napendre Guasar Shah,,unknown,company_allocated_land,Company/entity listed as allocated land in the Ndung'u Report,Napendre Guasar Shah,,,,,1,17,annex_01_companies_alloacted_land.csv,,none,Napendre Guasar Shah,0
annex_01_company_0460,National Oil Corporation of Kenya Ltd,,unknown,company_allocated_land,Company/entity listed as allocated land in the Ndung'u Report,National Oil Corporation of Kenya Ltd,,,,,1,17,annex_01_companies_alloacted_land.csv,,none,National Oil Corporation of Kenya Ltd,0
annex_01_company_0461,Ndema Enterprises,,unknown,company_allocated_land,Company/entity listed as allocated land in the Ndung'u Report,Ndema Enterprises,,,,,1,17,annex_01_companies_alloacted_land.csv,,none,Ndema Enterprises,0
annex_01_company_0462,Ndalaview Services Station Ltd,,unknown,company_allocated_land,Company/entity listed as allocated land in the Ndung'u Report,Ndalaview Services Station Ltd,,,,,1,18,annex_01_companies_alloacted_land.csv,,none,Ndalaview Services Station Ltd,0
annex_01_company_0463,Nears Limited,,unknown,company_allocated_land,Company/entity listed as allocated land in the Ndung'u Report,Nears Limited,,,,,1,18,annex_01_companies_alloacted_land.csv,,none,Nears Limited,0
annex_01_company_0464,Neema Garf=dens Flats Limited,,unknown,company_allocated_land,Company/entity listed as allocated land in the Ndung'u Report,Neema Garf=dens Flats Limited,,,,,1,18,annex_01_companies_alloacted_land.csv,,none,Neema Garf=dens Flats Limited,0
annex_01_company_0465,Nehiru Investments Ltd,,unknown,company_allocated_land,Company/entity listed as allocated land in the Ndung'u Report,Nehiru Investments Ltd,,,,,1,18,annex_01_companies_alloacted_land.csv,,none,Nehiru Investments Ltd,0
annex_01_company_0466,Nest Trustees Ltd,,unknown,company_allocated_land,Company/entity listed as allocated land in the Ndung'u Report,Nest Trustees Ltd,,,,,1,18,annex_01_companies_alloacted_land.csv,,none,Nest Trustees Ltd,0
annex_01_company_0467,Nestcape Enterprises Ltd,,unknown,company_allocated_land,Company/entity listed as allocated land in the Ndung'u Report,Nestcape Enterprises Ltd,,,,,1,18,annex_01_companies_alloacted_land.csv,,none,Nestcape Enterprises Ltd,0
annex_01_company_0468,Nexus Holdings Ltd,,unknown,company_allocated_land,Company/entity listed as allocated land in the Ndung'u Report,Nexus Holdings Ltd,,,,,1,18,annex_01_companies_alloacted_land.csv,,none,Nexus Holdings Ltd,0
annex_01_company_0469,Nguren Holdings Limited,,unknown,company_allocated_land,Company/entity listed as allocated land in the Ndung'u Report,Nguren Holdings Limited,,,,,1,18,annex_01_companies_alloacted_land.csv,,none,Nguren Holdings Limited,0
annex_01_company_0470,Niagara Base Metallic Ltd,,unknown,company_allocated_land,Company/entity listed as allocated land in the Ndung'u Report,Niagara Base Metallic Ltd,,,,,1,18,annex_01_companies_alloacted_land.csv,,none,Niagara Base Metallic Ltd,0
annex_01_company_0471,Nile Source Investments Ltd,,unknown,company_allocated_land,Company/entity listed as allocated land in the Ndung'u Report,Nile Source Investments Ltd,,,,,1,18,annex_01_companies_alloacted_land.csv,,none,Nile Source Investments Ltd,0
annex_01_company_0472,Nisha Printers Limited,,unknown,company_allocated_land,Company/entity listed as allocated land in the Ndung'u Report,Nisha Printers Limited,,,,,1,18,annex_01_companies_alloacted_land.csv,,none,Nisha Printers Limited,0
annex_01_company_0473,Njeki Agencies Limited,,unknown,company_allocated_land,Company/entity listed as allocated land in the Ndung'u Report,Njeki Agencies Limited,,,,,1,18,annex_01_companies_alloacted_land.csv,,none,Njeki Agencies Limited,0
annex_01_company_0474,Njiru Ageria Development Co. Ltd,,unknown,company_allocated_land,Company/entity listed as allocated land in the Ndung'u Report,Njiru Ageria Development Co. Ltd,,,,,1,18,annex_01_companies_alloacted_land.csv,,none,Njiru Ageria Development Co. Ltd,0
annex_01_company_0475,Njundo Trading Co. Ltd,,unknown,company_allocated_land,Company/entity listed as allocated land in the Ndung'u Report,Njundo Trading Co. Ltd,,,,,1,18,annex_01_companies_alloacted_land.csv,,none,Njundo Trading Co. Ltd,0
annex_01_company_0476,Nokin Investments Limited,,unknown,company_allocated_land,Company/entity listed as allocated land in the Ndung'u Report,Nokin Investments Limited,,,,,1,18,annex_01_companies_alloacted_land.csv,,none,Nokin Investments Limited,0
annex_01_company_0477,Norlake Investment Ltd,,unknown,company_allocated_land,Company/entity listed as allocated land in the Ndung'u Report,Norlake Investment Ltd,,,,,1,18,annex_01_companies_alloacted_land.csv,,none,Norlake Investment Ltd,0
annex_01_company_0478,Northfield International Ltd,,unknown,company_allocated_land,Company/entity listed as allocated land in the Ndung'u Report,Northfield International Ltd,,,,,1,18,annex_01_companies_alloacted_land.csv,,none,Northfield International Ltd,0
annex_01_company_0479,Nova Holdings Ltd,,unknown,company_allocated_land,Company/entity listed as allocated land in the Ndung'u Report,Nova Holdings Ltd,,,,,1,18,annex_01_companies_alloacted_land.csv,,none,Nova Holdings Ltd,0
annex_01_company_0480,Nucor Steel Enterprises Ltd,,unknown,company_allocated_land,Company/entity listed as allocated land in the Ndung'u Report,Nucor Steel Enterprises Ltd,,,,,1,18,annex_01_companies_alloacted_land.csv,,none,Nucor Steel Enterprises Ltd,0
annex_01_company_0481,Nyagoto Investment Ltd,,unknown,company_allocated_land,Company/entity listed as allocated land in the Ndung'u Report,Nyagoto Investment Ltd,,,,,1,18,annex_01_companies_alloacted_land.csv,,none,Nyagoto Investment Ltd,0
annex_01_company_0482,Nyai Enterprises,,unknown,company_allocated_land,Company/entity listed as allocated land in the Ndung'u Report,Nyai Enterprises,,,,,1,18,annex_01_companies_alloacted_land.csv,,none,Nyai Enterprises,0
annex_01_company_0483,Nyama Gi Were Ltd,,unknown,company_allocated_land,Company/entity listed as allocated land in the Ndung'u Report,Nyama Gi Were Ltd,,,,,1,18,annex_01_companies_alloacted_land.csv,,none,Nyama Gi Were Ltd,0
annex_01_company_0484,Nyangamara Limited,,unknown,company_allocated_land,Company/entity listed as allocated land in the Ndung'u Report,Nyangamara Limited,,,,,1,18,annex_01_companies_alloacted_land.csv,,none,Nyangamara Limited,0
annex_01_company_0485,Oak Enterprises,,unknown,company_allocated_land,Company/entity listed as allocated land in the Ndung'u Report,Oak Enterprises,,,,,1,18,annex_01_companies_alloacted_land.csv,,none,Oak Enterprises,0
annex_01_company_0486,Oakland Medipra,,unknown,company_allocated_land,Company/entity listed as allocated land in the Ndung'u Report,Oakland Medipra,,,,,1,18,annex_01_companies_alloacted_land.csv,,none,Oakland Medipra,0
annex_01_company_0487,Obeid Trading Company,,unknown,company_allocated_land,Company/entity listed as allocated land in the Ndung'u Report,Obeid Trading Company,,,,,1,18,annex_01_companies_alloacted_land.csv,,none,Obeid Trading Company,0
annex_01_company_0488,Ocean View Plaza Ltd,,unknown,company_allocated_land,Company/entity listed as allocated land in the Ndung'u Report,Ocean View Plaza Ltd,,,,,1,18,annex_01_companies_alloacted_land.csv,,none,Ocean View Plaza Ltd,0
annex_01_company_0489,Octers Holding Ltd,,unknown,company_allocated_land,Company/entity listed as allocated land in the Ndung'u Report,Octers Holding Ltd,,,,,1,18,annex_01_companies_alloacted_land.csv,,none,Octers Holding Ltd,0
annex_01_company_0490,Okinawa Enterprises Ltd,,unknown,company_allocated_land,Company/entity listed as allocated land in the Ndung'u Report,Okinawa Enterprises Ltd,,,,,1,18,annex_01_companies_alloacted_land.csv,,none,Okinawa Enterprises Ltd,0
annex_01_company_0491,Olkalou Central Farmaers Co-op Society,,unknown,company_allocated_land,Company/entity listed as allocated land in the Ndung'u Report,Olkalou Central Farmaers Co-op Society,,,,,1,18,annex_01_companies_alloacted_land.csv,,none,Olkalou Central Farmaers Co-op Society,0
annex_01_company_0492,Optimum Lubricators Ltd,,unknown,company_allocated_land,Company/entity listed as allocated land in the Ndung'u Report,Optimum Lubricators Ltd,,,,,1,18,annex_01_companies_alloacted_land.csv,,none,Optimum Lubricators Ltd,0
annex_01_company_0493,Oseng Properties Ltd,,unknown,company_allocated_land,Company/entity listed as allocated land in the Ndung'u Report,Oseng Properties Ltd,,,,,1,18,annex_01_companies_alloacted_land.csv,,none,Oseng Properties Ltd,0
annex_01_company_0494,Oterter Properties Ltd,,unknown,company_allocated_land,Company/entity listed as allocated land in the Ndung'u Report,Oterter Properties Ltd,,,,,1,18,annex_01_companies_alloacted_land.csv,,none,Oterter Properties Ltd,0
annex_01_company_0495,Outfit Co. Ltd,,unknown,company_allocated_land,Company/entity listed as allocated land in the Ndung'u Report,Outfit Co. Ltd,,,,,1,18,annex_01_companies_alloacted_land.csv,,none,Outfit Co. Ltd,0
annex_01_company_0496,P M Atoo Company,,unknown,company_allocated_land,Company/entity listed as allocated land in the Ndung'u Report,P M Atoo Company,,,,,1,18,annex_01_companies_alloacted_land.csv,,none,P M Atoo Company,0
annex_01_company_0497,Pala Index Co. Ltd,,unknown,company_allocated_land,Company/entity listed as allocated land in the Ndung'u Report,Pala Index Co. Ltd,,,,,1,18,annex_01_companies_alloacted_land.csv,,none,Pala Index Co. Ltd,0
annex_01_company_0498,Pamus Ecomo Investments,,unknown,company_allocated_land,Company/entity listed as allocated land in the Ndung'u Report,Pamus Ecomo Investments,,,,,1,19,annex_01_companies_alloacted_land.csv,,none,Pamus Ecomo Investments,0
annex_01_company_0499,Panal Enterprises Ltd,,unknown,company_allocated_land,Company/entity listed as allocated land in the Ndung'u Report,Panal Enterprises Ltd,,,,,1,19,annex_01_companies_alloacted_land.csv,,none,Panal Enterprises Ltd,0
annex_01_company_0500,Panc Hardware Products Ltd.,,unknown,company_allocated_land,Company/entity listed as allocated land in the Ndung'u Report,Panc Hardware Products Ltd.,,,,,1,19,annex_01_companies_alloacted_land.csv,,none,Panc Hardware Products Ltd.,0
annex_01_company_0501,Panda Agencies,,unknown,company_allocated_land,Company/entity listed as allocated land in the Ndung'u Report,Panda Agencies,,,,,1,19,annex_01_companies_alloacted_land.csv,,none,Panda Agencies,0
annex_01_company_0502,Pangos Limited,,unknown,company_allocated_land,Company/entity listed as allocated land in the Ndung'u Report,Pangos Limited,,,,,1,19,annex_01_companies_alloacted_land.csv,,none,Pangos Limited,0
annex_01_company_0503,Panola Services,,unknown,company_allocated_land,Company/entity listed as allocated land in the Ndung'u Report,Panola Services,,,,,1,19,annex_01_companies_alloacted_land.csv,,none,Panola Services,0
annex_01_company_0504,Patek enterprices Ltd,,unknown,company_allocated_land,Company/entity listed as allocated land in the Ndung'u Report,Patek enterprices Ltd,,,,,1,19,annex_01_companies_alloacted_land.csv,,none,Patek enterprices Ltd,0
annex_01_company_0505,Pats Holdings Ltd,,unknown,company_allocated_land,Company/entity listed as allocated land in the Ndung'u Report,Pats Holdings Ltd,,,,,1,19,annex_01_companies_alloacted_land.csv,,none,Pats Holdings Ltd,0
annex_01_company_0506,Paul Billy Muhia Ngugi Muringa Investments Ltd.,,unknown,company_allocated_land,Company/entity listed as allocated land in the Ndung'u Report,Paul Billy Muhia Ngugi Muringa Investments Ltd.,,,,,1,19,annex_01_companies_alloacted_land.csv,,none,Paul Billy Muhia Ngugi Muringa Investments Ltd.,0
annex_01_company_0507,Peak Batian Investments,,unknown,company_allocated_land,Company/entity listed as allocated land in the Ndung'u Report,Peak Batian Investments,,,,,1,19,annex_01_companies_alloacted_land.csv,,none,Peak Batian Investments,0
annex_01_company_0508,Pelican Engineering & Construction Co. Ltd,,unknown,company_allocated_land,Company/entity listed as allocated land in the Ndung'u Report,Pelican Engineering & Construction Co. Ltd,,,,,1,19,annex_01_companies_alloacted_land.csv,,none,Pelican Engineering & Construction Co. Ltd,0
annex_01_company_0509,Perce Enterprises Ltd,,unknown,company_allocated_land,Company/entity listed as allocated land in the Ndung'u Report,Perce Enterprises Ltd,,,,,1,19,annex_01_companies_alloacted_land.csv,,none,Perce Enterprises Ltd,0
annex_01_company_0510,Pesal Enterprises,,unknown,company_allocated_land,Company/entity listed as allocated land in the Ndung'u Report,Pesal Enterprises,,,,,1,19,annex_01_companies_alloacted_land.csv,,none,Pesal Enterprises,0
annex_01_company_0511,Phenny Holdings Limited,,unknown,company_allocated_land,Company/entity listed as allocated land in the Ndung'u Report,Phenny Holdings Limited,,,,,1,19,annex_01_companies_alloacted_land.csv,,none,Phenny Holdings Limited,0
annex_01_company_0512,Phoenix egistrars Limited,,unknown,company_allocated_land,Company/entity listed as allocated land in the Ndung'u Report,Phoenix egistrars Limited,,,,,1,19,annex_01_companies_alloacted_land.csv,,none,Phoenix egistrars Limited,0
annex_01_company_0513,Pierce Enterprises Ltd,,unknown,company_allocated_land,Company/entity listed as allocated land in the Ndung'u Report,Pierce Enterprises Ltd,,,,,1,19,annex_01_companies_alloacted_land.csv,,none,Pierce Enterprises Ltd,0
annex_01_company_0514,Plantex Ltd,,unknown,company_allocated_land,Company/entity listed as allocated land in the Ndung'u Report,Plantex Ltd,,,,,1,19,annex_01_companies_alloacted_land.csv,,none,Plantex Ltd,0
annex_01_company_0515,Plasto Industries Ltd,,unknown,company_allocated_land,Company/entity listed as allocated land in the Ndung'u Report,Plasto Industries Ltd,,,,,1,19,annex_01_companies_alloacted_land.csv,,none,Plasto Industries Ltd,0
annex_01_company_0516,Polyfed Ltd,,unknown,company_allocated_land,Company/entity listed as allocated land in the Ndung'u Report,Polyfed Ltd,,,,,1,19,annex_01_companies_alloacted_land.csv,,none,Polyfed Ltd,0
annex_01_company_0517,Portfino Developers Ltd,,unknown,company_allocated_land,Company/entity listed as allocated land in the Ndung'u Report,Portfino Developers Ltd,,,,,1,19,annex_01_companies_alloacted_land.csv,,none,Portfino Developers Ltd,0
annex_01_company_0518,Pralscot company Ltd,,unknown,company_allocated_land,Company/entity listed as allocated land in the Ndung'u Report,Pralscot company Ltd,,,,,1,19,annex_01_companies_alloacted_land.csv,,none,Pralscot company Ltd,0
annex_01_company_0519,Prestige Properties Ltd,,unknown,company_allocated_land,Company/entity listed as allocated land in the Ndung'u Report,Prestige Properties Ltd,,,,,1,19,annex_01_companies_alloacted_land.csv,,none,Prestige Properties Ltd,0
annex_01_company_0520,Priority Ltd.,,unknown,company_allocated_land,Company/entity listed as allocated land in the Ndung'u Report,Priority Ltd.,,,,,1,19,annex_01_companies_alloacted_land.csv,,none,Priority Ltd.,0
annex_01_company_0521,Prosper Projects Ltd,,unknown,company_allocated_land,Company/entity listed as allocated land in the Ndung'u Report,Prosper Projects Ltd,,,,,1,19,annex_01_companies_alloacted_land.csv,,none,Prosper Projects Ltd,0
annex_01_company_0522,Protent Luwest Ltd,,unknown,company_allocated_land,Company/entity listed as allocated land in the Ndung'u Report,Protent Luwest Ltd,,,,,1,19,annex_01_companies_alloacted_land.csv,,none,Protent Luwest Ltd,0
annex_01_company_0523,Pumwani Service Station Ltd.,,unknown,company_allocated_land,Company/entity listed as allocated land in the Ndung'u Report,Pumwani Service Station Ltd.,,,,,1,19,annex_01_companies_alloacted_land.csv,,none,Pumwani Service Station Ltd.,0
annex_01_company_0524,Purmic Agencies,,unknown,company_allocated_land,Company/entity listed as allocated land in the Ndung'u Report,Purmic Agencies,,,,,1,19,annex_01_companies_alloacted_land.csv,,none,Purmic Agencies,0
annex_01_company_0525,Pyramid Management Services Ltd,,unknown,company_allocated_land,Company/entity listed as allocated land in the Ndung'u Report,Pyramid Management Services Ltd,,,,,1,19,annex_01_companies_alloacted_land.csv,,none,Pyramid Management Services Ltd,0
annex_01_company_0526,Quality Management Ltd,,unknown,company_allocated_land,Company/entity listed as allocated land in the Ndung'u Report,Quality Management Ltd,,,,,1,19,annex_01_companies_alloacted_land.csv,,none,Quality Management Ltd,0
annex_01_company_0527,Quenie Ltd,,unknown,company_allocated_land,Company/entity listed as allocated land in the Ndung'u Report,Quenie Ltd,,,,,1,19,annex_01_companies_alloacted_land.csv,,none,Quenie Ltd,0
annex_01_company_0528,Racla Ltd,,unknown,company_allocated_land,Company/entity listed as allocated land in the Ndung'u Report,Racla Ltd,,,,,1,19,annex_01_companies_alloacted_land.csv,,none,Racla Ltd,0
annex_01_company_0529,Rafiki Enterprises Ltd.,,unknown,company_allocated_land,Company/entity listed as allocated land in the Ndung'u Report,Rafiki Enterprises Ltd.,,,,,1,19,annex_01_companies_alloacted_land.csv,,none,Rafiki Enterprises Ltd.,0
annex_01_company_0530,Ragati Investments Limited,,unknown,company_allocated_land,Company/entity listed as allocated land in the Ndung'u Report,Ragati Investments Limited,,,,,1,19,annex_01_companies_alloacted_land.csv,,none,Ragati Investments Limited,0
annex_01_company_0531,Rahole Enterprises,,unknown,company_allocated_land,Company/entity listed as allocated land in the Ndung'u Report,Rahole Enterprises,,,,,1,19,annex_01_companies_alloacted_land.csv,,none,Rahole Enterprises,0
annex_01_company_0532,Ramji Ratna&Co.Ltd.,,unknown,company_allocated_land,Company/entity listed as allocated land in the Ndung'u Report,Ramji Ratna&Co.Ltd.,,,,,1,19,annex_01_companies_alloacted_land.csv,,none,Ramji Ratna&Co.Ltd.,0
annex_01_company_0533,Rapsel Ltd.,,unknown,company_allocated_land,Company/entity listed as allocated land in the Ndung'u Report,Rapsel Ltd.,,,,,1,19,annex_01_companies_alloacted_land.csv,,none,Rapsel Ltd.,0
annex_01_company_0534,Rawai & Co. Limited,,unknown,company_allocated_land,Company/entity listed as allocated land in the Ndung'u Report,Rawai & Co. Limited,,,,,1,20,annex_01_companies_alloacted_land.csv,,none,Rawai & Co. Limited,0
annex_01_company_0535,Realite Limited,,unknown,company_allocated_land,Company/entity listed as allocated land in the Ndung'u Report,Realite Limited,,,,,1,20,annex_01_companies_alloacted_land.csv,,none,Realite Limited,0
annex_01_company_0536,Research Management Services,,unknown,company_allocated_land,Company/entity listed as allocated land in the Ndung'u Report,Research Management Services,,,,,1,20,annex_01_companies_alloacted_land.csv,,none,Research Management Services,0
annex_01_company_0537,Redate Investment limited,,unknown,company_allocated_land,Company/entity listed as allocated land in the Ndung'u Report,Redate Investment limited,,,,,1,20,annex_01_companies_alloacted_land.csv,,none,Redate Investment limited,0
annex_01_company_0538,Redwood Properties Ltd,,unknown,company_allocated_land,Company/entity listed as allocated land in the Ndung'u Report,Redwood Properties Ltd,,,,,1,20,annex_01_companies_alloacted_land.csv,,none,Redwood Properties Ltd,0
annex_01_company_0539,Rejon Investment,,unknown,company_allocated_land,Company/entity listed as allocated land in the Ndung'u Report,Rejon Investment,,,,,1,20,annex_01_companies_alloacted_land.csv,,none,Rejon Investment,0
annex_01_company_0540,Rhino Safaris,,unknown,company_allocated_land,Company/entity listed as allocated land in the Ndung'u Report,Rhino Safaris,,,,,1,20,annex_01_companies_alloacted_land.csv,,none,Rhino Safaris,0
annex_01_company_0541,Rhoneb Enterprises Limited,,unknown,company_allocated_land,Company/entity listed as allocated land in the Ndung'u Report,Rhoneb Enterprises Limited,,,,,1,20,annex_01_companies_alloacted_land.csv,,none,Rhoneb Enterprises Limited,0
annex_01_company_0542,Richerly Assurance Co. Ltd,,unknown,company_allocated_land,Company/entity listed as allocated land in the Ndung'u Report,Richerly Assurance Co. Ltd,,,,,1,20,annex_01_companies_alloacted_land.csv,,none,Richerly Assurance Co. Ltd,0
annex_01_company_0543,Rielco Co. Ltd,,unknown,company_allocated_land,Company/entity listed as allocated land in the Ndung'u Report,Rielco Co. Ltd,,,,,1,20,annex_01_companies_alloacted_land.csv,,none,Rielco Co. Ltd,0
annex_01_company_0544,Rockbreeze Limited,,unknown,company_allocated_land,Company/entity listed as allocated land in the Ndung'u Report,Rockbreeze Limited,,,,,1,20,annex_01_companies_alloacted_land.csv,,none,Rockbreeze Limited,0
annex_01_company_0545,Roman Bronze Enterprises Ltd,,unknown,company_allocated_land,Company/entity listed as allocated land in the Ndung'u Report,Roman Bronze Enterprises Ltd,,,,,1,20,annex_01_companies_alloacted_land.csv,,none,Roman Bronze Enterprises Ltd,0
annex_01_company_0546,Romli Agencies Limited,,unknown,company_allocated_land,Company/entity listed as allocated land in the Ndung'u Report,Romli Agencies Limited,,,,,1,20,annex_01_companies_alloacted_land.csv,,none,Romli Agencies Limited,0
annex_01_company_0547,Roseco Investments Limited,,unknown,company_allocated_land,Company/entity listed as allocated land in the Ndung'u Report,Roseco Investments Limited,,,,,1,20,annex_01_companies_alloacted_land.csv,,none,Roseco Investments Limited,0
annex_01_company_0548,Royal Ahold Co. Ltd,,unknown,company_allocated_land,Company/entity listed as allocated land in the Ndung'u Report,Royal Ahold Co. Ltd,,,,,1,20,annex_01_companies_alloacted_land.csv,,none,Royal Ahold Co. Ltd,0
annex_01_company_0549,Royal Holding Co. Ltd,,unknown,company_allocated_land,Company/entity listed as allocated land in the Ndung'u Report,Royal Holding Co. Ltd,,,,,1,20,annex_01_companies_alloacted_land.csv,,none,Royal Holding Co. Ltd,0
annex_01_company_0550,Saaster Holdings Co. Ltd,,unknown,company_allocated_land,Company/entity listed as allocated land in the Ndung'u Report,Saaster Holdings Co. Ltd,,,,,1,20,annex_01_companies_alloacted_land.csv,,none,Saaster Holdings Co. Ltd,0
annex_01_company_0551,Sachagwan Co. Ltd,,unknown,company_allocated_land,Company/entity listed as allocated land in the Ndung'u Report,Sachagwan Co. Ltd,,,,,1,20,annex_01_companies_alloacted_land.csv,,none,Sachagwan Co. Ltd,0
annex_01_company_0552,SAF(KENYA) Limited,,unknown,company_allocated_land,Company/entity listed as allocated land in the Ndung'u Report,SAF(KENYA) Limited,,,,,1,20,annex_01_companies_alloacted_land.csv,,none,SAF(KENYA) Limited,0
annex_01_company_0553,Sajun Ltd,,unknown,company_allocated_land,Company/entity listed as allocated land in the Ndung'u Report,Sajun Ltd,,,,,1,20,annex_01_companies_alloacted_land.csv,,none,Sajun Ltd,0
annex_01_company_0554,Sajur Ltd,,unknown,company_allocated_land,Company/entity listed as allocated land in the Ndung'u Report,Sajur Ltd,,,,,1,20,annex_01_companies_alloacted_land.csv,,none,Sajur Ltd,0
annex_01_company_0555,Salama Investment,,unknown,company_allocated_land,Company/entity listed as allocated land in the Ndung'u Report,Salama Investment,,,,,1,20,annex_01_companies_alloacted_land.csv,,none,Salama Investment,0
annex_01_company_0556,Sama Investment,,unknown,company_allocated_land,Company/entity listed as allocated land in the Ndung'u Report,Sama Investment,,,,,1,20,annex_01_companies_alloacted_land.csv,,none,Sama Investment,0
annex_01_company_0557,SSamat Investment Company,,unknown,company_allocated_land,Company/entity listed as allocated land in the Ndung'u Report,SSamat Investment Company,,,,,1,20,annex_01_companies_alloacted_land.csv,,none,SSamat Investment Company,0
annex_01_company_0558,Samay Singh & Other,,unknown,company_allocated_land,Company/entity listed as allocated land in the Ndung'u Report,Samay Singh & Other,,,,,1,20,annex_01_companies_alloacted_land.csv,,none,Samay Singh & Other,0
annex_01_company_0559,Samu Ltd,,unknown,company_allocated_land,Company/entity listed as allocated land in the Ndung'u Report,Samu Ltd,,,,,1,20,annex_01_companies_alloacted_land.csv,,none,Samu Ltd,0
annex_01_company_0560,Samuli Investments Ltd,,unknown,company_allocated_land,Company/entity listed as allocated land in the Ndung'u Report,Samuli Investments Ltd,,,,,1,20,annex_01_companies_alloacted_land.csv,,none,Samuli Investments Ltd,0
annex_01_company_0561,Sam Palm Ltd,,unknown,company_allocated_land,Company/entity listed as allocated land in the Ndung'u Report,Sam Palm Ltd,,,,,1,20,annex_01_companies_alloacted_land.csv,,none,Sam Palm Ltd,0
annex_01_company_0562,Sarit General Suppliers,,unknown,company_allocated_land,Company/entity listed as allocated land in the Ndung'u Report,Sarit General Suppliers,,,,,1,20,annex_01_companies_alloacted_land.csv,,none,Sarit General Suppliers,0
annex_01_company_0563,Saron's DC LTD,,unknown,company_allocated_land,Company/entity listed as allocated land in the Ndung'u Report,Saron's DC LTD,,,,,1,20,annex_01_companies_alloacted_land.csv,,none,Saron's DC LTD,0
annex_01_company_0564,Sasil General Suppliers,,unknown,company_allocated_land,Company/entity listed as allocated land in the Ndung'u Report,Sasil General Suppliers,,,,,1,20,annex_01_companies_alloacted_land.csv,,none,Sasil General Suppliers,0
annex_01_company_0565,Satima Enterprises,,unknown,company_allocated_land,Company/entity listed as allocated land in the Ndung'u Report,Satima Enterprises,,,,,1,20,annex_01_companies_alloacted_land.csv,,none,Satima Enterprises,0
annex_01_company_0566,Sawagongo Seventy Eight Ltd,,unknown,company_allocated_land,Company/entity listed as allocated land in the Ndung'u Report,Sawagongo Seventy Eight Ltd,,,,,1,20,annex_01_companies_alloacted_land.csv,,none,Sawagongo Seventy Eight Ltd,0
annex_01_company_0567,Seann Agencies,,unknown,company_allocated_land,Company/entity listed as allocated land in the Ndung'u Report,Seann Agencies,,,,,1,20,annex_01_companies_alloacted_land.csv,,none,Seann Agencies,0
annex_01_company_0568,Scanner Agencies,,unknown,company_allocated_land,Company/entity listed as allocated land in the Ndung'u Report,Scanner Agencies,,,,,1,20,annex_01_companies_alloacted_land.csv,,none,Scanner Agencies,0
annex_01_company_0569,Seef Project Co. Ltd,,unknown,company_allocated_land,Company/entity listed as allocated land in the Ndung'u Report,Seef Project Co. Ltd,,,,,1,20,annex_01_companies_alloacted_land.csv,,none,Seef Project Co. Ltd,0
annex_01_company_0570,Sekande Investments Ltd,,unknown,company_allocated_land,Company/entity listed as allocated land in the Ndung'u Report,Sekande Investments Ltd,,,,,1,21,annex_01_companies_alloacted_land.csv,,none,Sekande Investments Ltd,0
annex_01_company_0571,Selpho Ltd,,unknown,company_allocated_land,Company/entity listed as allocated land in the Ndung'u Report,Selpho Ltd,,,,,1,21,annex_01_companies_alloacted_land.csv,,none,Selpho Ltd,0
annex_01_company_0572,Senator Registrars Limited,,unknown,company_allocated_land,Company/entity listed as allocated land in the Ndung'u Report,Senator Registrars Limited,,,,,1,21,annex_01_companies_alloacted_land.csv,,none,Senator Registrars Limited,0
annex_01_company_0573,Sendor Serv. Ltd,,unknown,company_allocated_land,Company/entity listed as allocated land in the Ndung'u Report,Sendor Serv. Ltd,,,,,1,21,annex_01_companies_alloacted_land.csv,,none,Sendor Serv. Ltd,0
annex_01_company_0574,Seneca Holdings Ltd,,unknown,company_allocated_land,Company/entity listed as allocated land in the Ndung'u Report,Seneca Holdings Ltd,,,,,1,21,annex_01_companies_alloacted_land.csv,,none,Seneca Holdings Ltd,0
annex_01_company_0575,Sepro Ltd,,unknown,company_allocated_land,Company/entity listed as allocated land in the Ndung'u Report,Sepro Ltd,,,,,1,21,annex_01_companies_alloacted_land.csv,,none,Sepro Ltd,0
annex_01_company_0576,Serious Holdings Limited,,unknown,company_allocated_land,Company/entity listed as allocated land in the Ndung'u Report,Serious Holdings Limited,,,,,1,21,annex_01_companies_alloacted_land.csv,,none,Serious Holdings Limited,0
annex_01_company_0577,Seven Bulls Ltd.,,unknown,company_allocated_land,Company/entity listed as allocated land in the Ndung'u Report,Seven Bulls Ltd.,,,,,1,21,annex_01_companies_alloacted_land.csv,,none,Seven Bulls Ltd.,0
annex_01_company_0578,Sewenel limited,,unknown,company_allocated_land,Company/entity listed as allocated land in the Ndung'u Report,Sewenel limited,,,,,1,21,annex_01_companies_alloacted_land.csv,,none,Sewenel limited,0
annex_01_company_0579,Shaba Travel Agency Ltd.,,unknown,company_allocated_land,Company/entity listed as allocated land in the Ndung'u Report,Shaba Travel Agency Ltd.,,,,,1,21,annex_01_companies_alloacted_land.csv,,none,Shaba Travel Agency Ltd.,0
annex_01_company_0580,Shabiby Transport Services Ltd,,unknown,company_allocated_land,Company/entity listed as allocated land in the Ndung'u Report,Shabiby Transport Services Ltd,,,,,1,21,annex_01_companies_alloacted_land.csv,,none,Shabiby Transport Services Ltd,0
annex_01_company_0581,Shalimar Flowers (K) Ltd,,unknown,company_allocated_land,Company/entity listed as allocated land in the Ndung'u Report,Shalimar Flowers (K) Ltd,,,,,1,21,annex_01_companies_alloacted_land.csv,,none,Shalimar Flowers (K) Ltd,0
annex_01_company_0582,Shaque Holdings Ltd,,unknown,company_allocated_land,Company/entity listed as allocated land in the Ndung'u Report,Shaque Holdings Ltd,,,,,1,21,annex_01_companies_alloacted_land.csv,,none,Shaque Holdings Ltd,0
annex_01_company_0583,Sharjah trading Co.Ltd.,,unknown,company_allocated_land,Company/entity listed as allocated land in the Ndung'u Report,Sharjah trading Co.Ltd.,,,,,1,21,annex_01_companies_alloacted_land.csv,,none,Sharjah trading Co.Ltd.,0
annex_01_company_0584,Shepherd Fields Ltd,,unknown,company_allocated_land,Company/entity listed as allocated land in the Ndung'u Report,Shepherd Fields Ltd,,,,,1,21,annex_01_companies_alloacted_land.csv,,none,Shepherd Fields Ltd,0
annex_01_company_0585,Shepherds Junior School Ltd,,unknown,company_allocated_land,Company/entity listed as allocated land in the Ndung'u Report,Shepherds Junior School Ltd,,,,,1,21,annex_01_companies_alloacted_land.csv,,none,Shepherds Junior School Ltd,0
annex_01_company_0586,Shrikisho General Stores Ltd.,,unknown,company_allocated_land,Company/entity listed as allocated land in the Ndung'u Report,Shrikisho General Stores Ltd.,,,,,1,21,annex_01_companies_alloacted_land.csv,,none,Shrikisho General Stores Ltd.,0
annex_01_company_0587,Shetnia Credit Ltd,,unknown,company_allocated_land,Company/entity listed as allocated land in the Ndung'u Report,Shetnia Credit Ltd,,,,,1,21,annex_01_companies_alloacted_land.csv,,none,Shetnia Credit Ltd,0
annex_01_company_0588,Shiloah Investments Ltd,,unknown,company_allocated_land,Company/entity listed as allocated land in the Ndung'u Report,Shiloah Investments Ltd,,,,,1,21,annex_01_companies_alloacted_land.csv,,none,Shiloah Investments Ltd,0
annex_01_company_0589,Shukurani Ent. Ltd.,,unknown,company_allocated_land,Company/entity listed as allocated land in the Ndung'u Report,Shukurani Ent. Ltd.,,,,,1,21,annex_01_companies_alloacted_land.csv,,none,Shukurani Ent. Ltd.,0
annex_01_company_0590,Shutter Development Ltd,,unknown,company_allocated_land,Company/entity listed as allocated land in the Ndung'u Report,Shutter Development Ltd,,,,,1,21,annex_01_companies_alloacted_land.csv,,none,Shutter Development Ltd,0
annex_01_company_0591,Sian Enterprises,,unknown,company_allocated_land,Company/entity listed as allocated land in the Ndung'u Report,Sian Enterprises,,,,,1,21,annex_01_companies_alloacted_land.csv,,none,Sian Enterprises,0
annex_01_company_0592,Sidika Enterprise,,unknown,company_allocated_land,Company/entity listed as allocated land in the Ndung'u Report,Sidika Enterprise,,,,,1,21,annex_01_companies_alloacted_land.csv,,none,Sidika Enterprise,0
annex_01_company_0593,Siele Properties,,unknown,company_allocated_land,Company/entity listed as allocated land in the Ndung'u Report,Siele Properties,,,,,1,21,annex_01_companies_alloacted_land.csv,,none,Siele Properties,0
annex_01_company_0594,Sigimon Limited,,unknown,company_allocated_land,Company/entity listed as allocated land in the Ndung'u Report,Sigimon Limited,,,,,1,21,annex_01_companies_alloacted_land.csv,,none,Sigimon Limited,0
annex_01_company_0595,Siginon Freight Ltd,,unknown,company_allocated_land,Company/entity listed as allocated land in the Ndung'u Report,Siginon Freight Ltd,,,,,1,21,annex_01_companies_alloacted_land.csv,,none,Siginon Freight Ltd,0
annex_01_company_0596,Sigira Enterprises,,unknown,company_allocated_land,Company/entity listed as allocated land in the Ndung'u Report,Sigira Enterprises,,,,,1,21,annex_01_companies_alloacted_land.csv,,none,Sigira Enterprises,0
annex_01_company_0597,Sigisson Freight Ltd,,unknown,company_allocated_land,Company/entity listed as allocated land in the Ndung'u Report,Sigisson Freight Ltd,,,,,1,21,annex_01_companies_alloacted_land.csv,,none,Sigisson Freight Ltd,0
annex_01_company_0598,Siken Farm Ltd,,unknown,company_allocated_land,Company/entity listed as allocated land in the Ndung'u Report,Siken Farm Ltd,,,,,1,21,annex_01_companies_alloacted_land.csv,,none,Siken Farm Ltd,0
annex_01_company_0599,Silk Investment Ltd,,unknown,company_allocated_land,Company/entity listed as allocated land in the Ndung'u Report,Silk Investment Ltd,,,,,1,21,annex_01_companies_alloacted_land.csv,,none,Silk Investment Ltd,0
annex_01_company_0600,Silk Sea Estae Ltd,,unknown,company_allocated_land,Company/entity listed as allocated land in the Ndung'u Report,Silk Sea Estae Ltd,,,,,1,21,annex_01_companies_alloacted_land.csv,,none,Silk Sea Estae Ltd,0
annex_01_company_0601,Silver Crest Enterprises Limited,,unknown,company_allocated_land,Company/entity listed as allocated land in the Ndung'u Report,Silver Crest Enterprises Limited,,,,,1,21,annex_01_companies_alloacted_land.csv,,none,Silver Crest Enterprises Limited,0
annex_01_company_0602,Simmi Technics,,unknown,company_allocated_land,Company/entity listed as allocated land in the Ndung'u Report,Simmi Technics,,,,,1,21,annex_01_companies_alloacted_land.csv,,none,Simmi Technics,0
annex_01_company_0603,Simphi Dev. Co. Ltd,,unknown,company_allocated_land,Company/entity listed as allocated land in the Ndung'u Report,Simphi Dev. Co. Ltd,,,,,1,21,annex_01_companies_alloacted_land.csv,,none,Simphi Dev. Co. Ltd,0
annex_01_company_0604,Siruti Investments Limited,,unknown,company_allocated_land,Company/entity listed as allocated land in the Ndung'u Report,Siruti Investments Limited,,,,,1,21,annex_01_companies_alloacted_land.csv,,none,Siruti Investments Limited,0
annex_01_company_0605,Sixty Four Centre Ltd,,unknown,company_allocated_land,Company/entity listed as allocated land in the Ndung'u Report,Sixty Four Centre Ltd,,,,,1,21,annex_01_companies_alloacted_land.csv,,none,Sixty Four Centre Ltd,0
annex_01_company_0606,Skedla System Ltd,,unknown,company_allocated_land,Company/entity listed as allocated land in the Ndung'u Report,Skedla System Ltd,,,,,1,22,annex_01_companies_alloacted_land.csv,,none,Skedla System Ltd,0
annex_01_company_0607,Snonker Petroleum Company Ltd,,unknown,company_allocated_land,Company/entity listed as allocated land in the Ndung'u Report,Snonker Petroleum Company Ltd,,,,,1,22,annex_01_companies_alloacted_land.csv,,none,Snonker Petroleum Company Ltd,0
annex_01_company_0608,Soet K. Ltd,,unknown,company_allocated_land,Company/entity listed as allocated land in the Ndung'u Report,Soet K. Ltd,,,,,1,22,annex_01_companies_alloacted_land.csv,,none,Soet K. Ltd,0
annex_01_company_0609,Sofracom International Ltd,,unknown,company_allocated_land,Company/entity listed as allocated land in the Ndung'u Report,Sofracom International Ltd,,,,,1,22,annex_01_companies_alloacted_land.csv,,none,Sofracom International Ltd,0
annex_01_company_0610,Solanite Limited,,unknown,company_allocated_land,Company/entity listed as allocated land in the Ndung'u Report,Solanite Limited,,,,,1,22,annex_01_companies_alloacted_land.csv,,none,Solanite Limited,0
annex_01_company_0611,Somog Ltd,,unknown,company_allocated_land,Company/entity listed as allocated land in the Ndung'u Report,Somog Ltd,,,,,1,22,annex_01_companies_alloacted_land.csv,,none,Somog Ltd,0
annex_01_company_0612,Sonatawi Ltd,,unknown,company_allocated_land,Company/entity listed as allocated land in the Ndung'u Report,Sonatawi Ltd,,,,,1,22,annex_01_companies_alloacted_land.csv,,none,Sonatawi Ltd,0
annex_01_company_0613,Soni Technical Services Ltd,,unknown,company_allocated_land,Company/entity listed as allocated land in the Ndung'u Report,Soni Technical Services Ltd,,,,,1,22,annex_01_companies_alloacted_land.csv,,none,Soni Technical Services Ltd,0
annex_01_company_0614,Soneth Ltd,,unknown,company_allocated_land,Company/entity listed as allocated land in the Ndung'u Report,Soneth Ltd,,,,,1,22,annex_01_companies_alloacted_land.csv,,none,Soneth Ltd,0
annex_01_company_0615,Sosik Ltd,,unknown,company_allocated_land,Company/entity listed as allocated land in the Ndung'u Report,Sosik Ltd,,,,,1,22,annex_01_companies_alloacted_land.csv,,none,Sosik Ltd,0
annex_01_company_0616,SOSO Investments,,unknown,company_allocated_land,Company/entity listed as allocated land in the Ndung'u Report,SOSO Investments,,,,,1,22,annex_01_companies_alloacted_land.csv,,none,SOSO Investments,0
annex_01_company_0617,Sote Limited,,unknown,company_allocated_land,Company/entity listed as allocated land in the Ndung'u Report,Sote Limited,,,,,1,22,annex_01_companies_alloacted_land.csv,,none,Sote Limited,0
annex_01_company_0618,South Western Enterprises Ltd,,unknown,company_allocated_land,Company/entity listed as allocated land in the Ndung'u Report,South Western Enterprises Ltd,,,,,1,22,annex_01_companies_alloacted_land.csv,,none,South Western Enterprises Ltd,0
annex_01_company_0619,Spring Bank Investmehts Limited,,unknown,company_allocated_land,Company/entity listed as allocated land in the Ndung'u Report,Spring Bank Investmehts Limited,,,,,1,22,annex_01_companies_alloacted_land.csv,,none,Spring Bank Investmehts Limited,0
annex_01_company_0620,Stanmore Investment LTD,,unknown,company_allocated_land,Company/entity listed as allocated land in the Ndung'u Report,Stanmore Investment LTD,,,,,1,22,annex_01_companies_alloacted_land.csv,,none,Stanmore Investment LTD,0
annex_01_company_0621,Sterida Investment Ltd,,unknown,company_allocated_land,Company/entity listed as allocated land in the Ndung'u Report,Sterida Investment Ltd,,,,,1,22,annex_01_companies_alloacted_land.csv,,none,Sterida Investment Ltd,0
annex_01_company_0622,Sterod Investment Ltd,,unknown,company_allocated_land,Company/entity listed as allocated land in the Ndung'u Report,Sterod Investment Ltd,,,,,1,22,annex_01_companies_alloacted_land.csv,,none,Sterod Investment Ltd,0
annex_01_company_0623,Stirling Astaldi(Africa) Ltd,,unknown,company_allocated_land,Company/entity listed as allocated land in the Ndung'u Report,Stirling Astaldi(Africa) Ltd,,,,,1,22,annex_01_companies_alloacted_land.csv,,none,Stirling Astaldi(Africa) Ltd,0
annex_01_company_0624,Stone Industries Ltd.,,unknown,company_allocated_land,Company/entity listed as allocated land in the Ndung'u Report,Stone Industries Ltd.,,,,,1,22,annex_01_companies_alloacted_land.csv,,none,Stone Industries Ltd.,0
annex_01_company_0625,Stone Wave Ltd,,unknown,company_allocated_land,Company/entity listed as allocated land in the Ndung'u Report,Stone Wave Ltd,,,,,1,22,annex_01_companies_alloacted_land.csv,,none,Stone Wave Ltd,0
annex_01_company_0626,Suer Agencies Ltd,,unknown,company_allocated_land,Company/entity listed as allocated land in the Ndung'u Report,Suer Agencies Ltd,,,,,1,22,annex_01_companies_alloacted_land.csv,,none,Suer Agencies Ltd,0
annex_01_company_0627,Sugik Ltd,,unknown,company_allocated_land,Company/entity listed as allocated land in the Ndung'u Report,Sugik Ltd,,,,,1,22,annex_01_companies_alloacted_land.csv,,none,Sugik Ltd,0
annex_01_company_0628,Suleiman Enterprise Ltd,,unknown,company_allocated_land,Company/entity listed as allocated land in the Ndung'u Report,Suleiman Enterprise Ltd,,,,,1,22,annex_01_companies_alloacted_land.csv,,none,Suleiman Enterprise Ltd,0
annex_01_company_0629,Sulmac Co. Ltd.,,unknown,company_allocated_land,Company/entity listed as allocated land in the Ndung'u Report,Sulmac Co. Ltd.,,,,,1,22,annex_01_companies_alloacted_land.csv,,none,Sulmac Co. Ltd.,0
annex_01_company_0630,Sumburu Dev. Ltd.,,unknown,company_allocated_land,Company/entity listed as allocated land in the Ndung'u Report,Sumburu Dev. Ltd.,,,,,1,22,annex_01_companies_alloacted_land.csv,,none,Sumburu Dev. Ltd.,0
annex_01_company_0631,Sunatawil Ltd,,unknown,company_allocated_land,Company/entity listed as allocated land in the Ndung'u Report,Sunatawil Ltd,,,,,1,22,annex_01_companies_alloacted_land.csv,,none,Sunatawil Ltd,0
annex_01_company_0632,Sunguo Holdings,,unknown,company_allocated_land,Company/entity listed as allocated land in the Ndung'u Report,Sunguo Holdings,,,,,1,22,annex_01_companies_alloacted_land.csv,,none,Sunguo Holdings,0
annex_01_company_0633,Sunner Enterprises Ltd,,unknown,company_allocated_land,Company/entity listed as allocated land in the Ndung'u Report,Sunner Enterprises Ltd,,,,,1,22,annex_01_companies_alloacted_land.csv,,none,Sunner Enterprises Ltd,0
annex_01_company_0634,Suntrap Beach Hotel Ltd,,unknown,company_allocated_land,Company/entity listed as allocated land in the Ndung'u Report,Suntrap Beach Hotel Ltd,,,,,1,22,annex_01_companies_alloacted_land.csv,,none,Suntrap Beach Hotel Ltd,0
annex_01_company_0635,Sunvalley Developers,,unknown,company_allocated_land,Company/entity listed as allocated land in the Ndung'u Report,Sunvalley Developers,,,,,1,22,annex_01_companies_alloacted_land.csv,,none,Sunvalley Developers,0
annex_01_company_0636,Supa Nova properties Ltd,,unknown,company_allocated_land,Company/entity listed as allocated land in the Ndung'u Report,Supa Nova properties Ltd,,,,,1,22,annex_01_companies_alloacted_land.csv,,none,Supa Nova properties Ltd,0
annex_01_company_0637,Super Nova,,unknown,company_allocated_land,Company/entity listed as allocated land in the Ndung'u Report,Super Nova,,,,,1,22,annex_01_companies_alloacted_land.csv,,none,Super Nova,0
annex_01_company_0638,Suprex Investments Ltd,,unknown,company_allocated_land,Company/entity listed as allocated land in the Ndung'u Report,Suprex Investments Ltd,,,,,1,22,annex_01_companies_alloacted_land.csv,,none,Suprex Investments Ltd,0
annex_01_company_0639,Sweetlwinds Holdings Ltd /1st Oct 1996,,unknown,company_allocated_land,Company/entity listed as allocated land in the Ndung'u Report,Sweetlwinds Holdings Ltd /1st Oct 1996,,,,,1,22,annex_01_companies_alloacted_land.csv,,none,Sweetlwinds Holdings Ltd /1st Oct 1996,0
annex_01_company_0640,Tairo Investment Limited,,unknown,company_allocated_land,Company/entity listed as allocated land in the Ndung'u Report,Tairo Investment Limited,,,,,1,22,annex_01_companies_alloacted_land.csv,,none,Tairo Investment Limited,0
annex_01_company_0641,Taiwa Holdings Limited,,unknown,company_allocated_land,Company/entity listed as allocated land in the Ndung'u Report,Taiwa Holdings Limited,,,,,1,22,annex_01_companies_alloacted_land.csv,,none,Taiwa Holdings Limited,0
annex_01_company_0642,Tana Belenterprises,,unknown,company_allocated_land,Company/entity listed as allocated land in the Ndung'u Report,Tana Belenterprises,,,,,1,23,annex_01_companies_alloacted_land.csv,,none,Tana Belenterprises,0
annex_01_company_0643,Talkland Holding Ltd,,unknown,company_allocated_land,Company/entity listed as allocated land in the Ndung'u Report,Talkland Holding Ltd,,,,,1,23,annex_01_companies_alloacted_land.csv,,none,Talkland Holding Ltd,0
annex_01_company_0644,TamTam Ltd,,unknown,company_allocated_land,Company/entity listed as allocated land in the Ndung'u Report,TamTam Ltd,,,,,1,23,annex_01_companies_alloacted_land.csv,,none,TamTam Ltd,0
annex_01_company_0645,Tana Belenterprises,,unknown,company_allocated_land,Company/entity listed as allocated land in the Ndung'u Report,Tana Belenterprises,,,,,1,23,annex_01_companies_alloacted_land.csv,,none,Tana Belenterprises,0
annex_01_company_0646,Tassia Coffee Estate Limited,,unknown,company_allocated_land,Company/entity listed as allocated land in the Ndung'u Report,Tassia Coffee Estate Limited,,,,,1,23,annex_01_companies_alloacted_land.csv,,none,Tassia Coffee Estate Limited,0
annex_01_company_0647,Tanam Enterprises,,unknown,company_allocated_land,Company/entity listed as allocated land in the Ndung'u Report,Tanam Enterprises,,,,,1,23,annex_01_companies_alloacted_land.csv,,none,Tanam Enterprises,0
annex_01_company_0648,Tanam Limited,,unknown,company_allocated_land,Company/entity listed as allocated land in the Ndung'u Report,Tanam Limited,,,,,1,23,annex_01_companies_alloacted_land.csv,,none,Tanam Limited,0
annex_01_company_0649,Tapupu Ltd,,unknown,company_allocated_land,Company/entity listed as allocated land in the Ndung'u Report,Tapupu Ltd,,,,,1,23,annex_01_companies_alloacted_land.csv,,none,Tapupu Ltd,0
annex_01_company_0650,Tasha Enterprises,,unknown,company_allocated_land,Company/entity listed as allocated land in the Ndung'u Report,Tasha Enterprises,,,,,1,23,annex_01_companies_alloacted_land.csv,,none,Tasha Enterprises,0
annex_01_company_0651,Tassia Coffee Estate Limited,,unknown,company_allocated_land,Company/entity listed as allocated land in the Ndung'u Report,Tassia Coffee Estate Limited,,,,,1,23,annex_01_companies_alloacted_land.csv,,none,Tassia Coffee Estate Limited,0
annex_01_company_0652,Tawakal Holdings Ltd,,unknown,company_allocated_land,Company/entity listed as allocated land in the Ndung'u Report,Tawakal Holdings Ltd,,,,,1,23,annex_01_companies_alloacted_land.csv,,none,Tawakal Holdings Ltd,0
annex_01_company_0653,Techseals (K) Ltd,,unknown,company_allocated_land,Company/entity listed as allocated land in the Ndung'u Report,Techseals (K) Ltd,,,,,1,23,annex_01_companies_alloacted_land.csv,,none,Techseals (K) Ltd,0
annex_01_company_0654,Telecomm and KBC,,unknown,company_allocated_land,Company/entity listed as allocated land in the Ndung'u Report,Telecomm and KBC,,,,,1,23,annex_01_companies_alloacted_land.csv,,none,Telecomm and KBC,0
annex_01_company_0655,Telemaps Enterprises,,unknown,company_allocated_land,Company/entity listed as allocated land in the Ndung'u Report,Telemaps Enterprises,,,,,1,23,annex_01_companies_alloacted_land.csv,,none,Telemaps Enterprises,0
annex_01_company_0656,Tepewet Agencies,,unknown,company_allocated_land,Company/entity listed as allocated land in the Ndung'u Report,Tepewet Agencies,,,,,1,23,annex_01_companies_alloacted_land.csv,,none,Tepewet Agencies,0
annex_01_company_0657,Testai Ltd,,unknown,company_allocated_land,Company/entity listed as allocated land in the Ndung'u Report,Testai Ltd,,,,,1,23,annex_01_companies_alloacted_land.csv,,none,Testai Ltd,0
annex_01_company_0658,Texas Instruments,,unknown,company_allocated_land,Company/entity listed as allocated land in the Ndung'u Report,Texas Instruments,,,,,1,23,annex_01_companies_alloacted_land.csv,,none,Texas Instruments,0
annex_01_company_0659,Thame Holdings,,unknown,company_allocated_land,Company/entity listed as allocated land in the Ndung'u Report,Thame Holdings,,,,,1,23,annex_01_companies_alloacted_land.csv,,none,Thame Holdings,0
annex_01_company_0660,Thangaru Investments Ltd,,unknown,company_allocated_land,Company/entity listed as allocated land in the Ndung'u Report,Thangaru Investments Ltd,,,,,1,23,annex_01_companies_alloacted_land.csv,,none,Thangaru Investments Ltd,0
annex_01_company_0661,The Aerodrome Rd. Properties Ltd,,unknown,company_allocated_land,Company/entity listed as allocated land in the Ndung'u Report,The Aerodrome Rd. Properties Ltd,,,,,1,23,annex_01_companies_alloacted_land.csv,,none,The Aerodrome Rd. Properties Ltd,0
annex_01_company_0662,The Gas Co. Ltd,,unknown,company_allocated_land,Company/entity listed as allocated land in the Ndung'u Report,The Gas Co. Ltd,,,,,1,23,annex_01_companies_alloacted_land.csv,,none,The Gas Co. Ltd,0
annex_01_company_0663,Thinga Developers Limited,,unknown,company_allocated_land,Company/entity listed as allocated land in the Ndung'u Report,Thinga Developers Limited,,,,,1,23,annex_01_companies_alloacted_land.csv,,none,Thinga Developers Limited,0
annex_01_company_0664,Tilak Company,,unknown,company_allocated_land,Company/entity listed as allocated land in the Ndung'u Report,Tilak Company,,,,,1,23,annex_01_companies_alloacted_land.csv,,none,Tilak Company,0
annex_01_company_0665,Tim Tim Holdings,,unknown,company_allocated_land,Company/entity listed as allocated land in the Ndung'u Report,Tim Tim Holdings,,,,,1,23,annex_01_companies_alloacted_land.csv,,none,Tim Tim Holdings,0
annex_01_company_0666,Timet Dev. Ltd.,,unknown,company_allocated_land,Company/entity listed as allocated land in the Ndung'u Report,Timet Dev. Ltd.,,,,,1,23,annex_01_companies_alloacted_land.csv,,none,Timet Dev. Ltd.,0
annex_01_company_0667,Tindiret Engineering Company Ltd,,unknown,company_allocated_land,Company/entity listed as allocated land in the Ndung'u Report,Tindiret Engineering Company Ltd,,,,,1,23,annex_01_companies_alloacted_land.csv,,none,Tindiret Engineering Company Ltd,0
annex_01_company_0668,TM Construction Ltd.,,unknown,company_allocated_land,Company/entity listed as allocated land in the Ndung'u Report,TM Construction Ltd.,,,,,1,23,annex_01_companies_alloacted_land.csv,,none,TM Construction Ltd.,0
annex_01_company_0669,Tolosho Ltd,,unknown,company_allocated_land,Company/entity listed as allocated land in the Ndung'u Report,Tolosho Ltd,,,,,1,23,annex_01_companies_alloacted_land.csv,,none,Tolosho Ltd,0
annex_01_company_0670,Topaz Properties Ltd,,unknown,company_allocated_land,Company/entity listed as allocated land in the Ndung'u Report,Topaz Properties Ltd,,,,,1,23,annex_01_companies_alloacted_land.csv,,none,Topaz Properties Ltd,0
annex_01_company_0671,Topo-Sky Enterprises,,unknown,company_allocated_land,Company/entity listed as allocated land in the Ndung'u Report,Topo-Sky Enterprises,,,,,1,23,annex_01_companies_alloacted_land.csv,,none,Topo-Sky Enterprises,0
annex_01_company_0672,Toror Estates Ltd,,unknown,company_allocated_land,Company/entity listed as allocated land in the Ndung'u Report,Toror Estates Ltd,,,,,1,23,annex_01_companies_alloacted_land.csv,,none,Toror Estates Ltd,0
annex_01_company_0673,Totol Enterprises Ltd,,unknown,company_allocated_land,Company/entity listed as allocated land in the Ndung'u Report,Totol Enterprises Ltd,,,,,1,23,annex_01_companies_alloacted_land.csv,,none,Totol Enterprises Ltd,0
annex_01_company_0674,Town Mall Investments,,unknown,company_allocated_land,Company/entity listed as allocated land in the Ndung'u Report,Town Mall Investments,,,,,1,23,annex_01_companies_alloacted_land.csv,,none,Town Mall Investments,0
annex_01_company_0675,Trab Investors,,unknown,company_allocated_land,Company/entity listed as allocated land in the Ndung'u Report,Trab Investors,,,,,1,23,annex_01_companies_alloacted_land.csv,,none,Trab Investors,0
annex_01_company_0676,Triton Petroleum Co. Ltd,,unknown,company_allocated_land,Company/entity listed as allocated land in the Ndung'u Report,Triton Petroleum Co. Ltd,,,,,1,23,annex_01_companies_alloacted_land.csv,,none,Triton Petroleum Co. Ltd,0
annex_01_company_0677,Travel Free Limited,,unknown,company_allocated_land,Company/entity listed as allocated land in the Ndung'u Report,Travel Free Limited,,,,,1,23,annex_01_companies_alloacted_land.csv,,none,Travel Free Limited,0
annex_01_company_0678,Tresoma Developers Ltd,,unknown,company_allocated_land,Company/entity listed as allocated land in the Ndung'u Report,Tresoma Developers Ltd,,,,,1,24,annex_01_companies_alloacted_land.csv,,none,Tresoma Developers Ltd,0
annex_01_company_0679,Triton Petroleum Co. Ltd,,unknown,company_allocated_land,Company/entity listed as allocated land in the Ndung'u Report,Triton Petroleum Co. Ltd,,,,,1,,annex_01_companies_alloacted_land.csv,,none,Triton Petroleum Co. Ltd,0
annex_01_company_0680,Trojan Ventures Ltd,,unknown,company_allocated_land,Company/entity listed as allocated land in the Ndung'u Report,Trojan Ventures Ltd,,,,,1,24,annex_01_companies_alloacted_land.csv,,none,Trojan Ventures Ltd,0
annex_01_company_0681,Turbo Highway Eld.Ltd,,unknown,company_allocated_land,Company/entity listed as allocated land in the Ndung'u Report,Turbo Highway Eld.Ltd,,,,,1,24,annex_01_companies_alloacted_land.csv,,none,Turbo Highway Eld.Ltd,0
annex_01_company_0682,Twinstar Investments,,unknown,company_allocated_land,Company/entity listed as allocated land in the Ndung'u Report,Twinstar Investments,,,,,1,24,annex_01_companies_alloacted_land.csv,,none,Twinstar Investments,0
annex_01_company_0683,Turnkey Projects Co. Ltd,,unknown,company_allocated_land,Company/entity listed as allocated land in the Ndung'u Report,Turnkey Projects Co. Ltd,,,,,1,24,annex_01_companies_alloacted_land.csv,,none,Turnkey Projects Co. Ltd,0
annex_01_company_0684,Twinstar InvestmentS,,unknown,company_allocated_land,Company/entity listed as allocated land in the Ndung'u Report,Twinstar InvestmentS,,,,,1,24,annex_01_companies_alloacted_land.csv,,none,Twinstar InvestmentS,0
annex_01_company_0685,UMK Development Ltd,,unknown,company_allocated_land,Company/entity listed as allocated land in the Ndung'u Report,UMK Development Ltd,,,,,1,24,annex_01_companies_alloacted_land.csv,,none,UMK Development Ltd,0
annex_01_company_0686,Unico Investments Ltd.,,unknown,company_allocated_land,Company/entity listed as allocated land in the Ndung'u Report,Unico Investments Ltd.,,,,,1,24,annex_01_companies_alloacted_land.csv,,none,Unico Investments Ltd.,0
annex_01_company_0687,United Cargo [.td,,unknown,company_allocated_land,Company/entity listed as allocated land in the Ndung'u Report,United Cargo [.td,,,,,1,24,annex_01_companies_alloacted_land.csv,,none,United Cargo [.td,0
annex_01_company_0688,United Insurance Co. Ltd,,unknown,company_allocated_land,Company/entity listed as allocated land in the Ndung'u Report,United Insurance Co. Ltd,,,,,1,24,annex_01_companies_alloacted_land.csv,,none,United Insurance Co. Ltd,0
annex_01_company_0689,Velvet Safaris Ltd.,,unknown,company_allocated_land,Company/entity listed as allocated land in the Ndung'u Report,Velvet Safaris Ltd.,,,,,1,24,annex_01_companies_alloacted_land.csv,,none,Velvet Safaris Ltd.,0
annex_01_company_0690,Venezia Enterprises Ltd.,,unknown,company_allocated_land,Company/entity listed as allocated land in the Ndung'u Report,Venezia Enterprises Ltd.,,,,,1,24,annex_01_companies_alloacted_land.csv,,none,Venezia Enterprises Ltd.,0
annex_01_company_0691,Ventures Tcchnologics Limited,,unknown,company_allocated_land,Company/entity listed as allocated land in the Ndung'u Report,Ventures Tcchnologics Limited,,,,,1,24,annex_01_companies_alloacted_land.csv,,none,Ventures Tcchnologics Limited,0
annex_01_company_0692,Ves. Investments,,unknown,company_allocated_land,Company/entity listed as allocated land in the Ndung'u Report,Ves. Investments,,,,,1,24,annex_01_companies_alloacted_land.csv,,none,Ves. Investments,0
annex_01_company_0693,Vess Investments Ltd,,unknown,company_allocated_land,Company/entity listed as allocated land in the Ndung'u Report,Vess Investments Ltd,,,,,1,24,annex_01_companies_alloacted_land.csv,,none,Vess Investments Ltd,0
annex_01_company_0694,Vibco Limited,,unknown,company_allocated_land,Company/entity listed as allocated land in the Ndung'u Report,Vibco Limited,,,,,1,24,annex_01_companies_alloacted_land.csv,,none,Vibco Limited,0
annex_01_company_0695,Victoria Distributors Limited,,unknown,company_allocated_land,Company/entity listed as allocated land in the Ndung'u Report,Victoria Distributors Limited,,,,,1,24,annex_01_companies_alloacted_land.csv,,none,Victoria Distributors Limited,0
annex_01_company_0696,Vijay Development Ltd,,unknown,company_allocated_land,Company/entity listed as allocated land in the Ndung'u Report,Vijay Development Ltd,,,,,1,24,annex_01_companies_alloacted_land.csv,,none,Vijay Development Ltd,0
annex_01_company_0697,Villas Watamu Limited,,unknown,company_allocated_land,Company/entity listed as allocated land in the Ndung'u Report,Villas Watamu Limited,,,,,1,24,annex_01_companies_alloacted_land.csv,,none,Villas Watamu Limited,0
annex_01_company_0698,Visco Ltd,,unknown,company_allocated_land,Company/entity listed as allocated land in the Ndung'u Report,Visco Ltd,,,,,1,24,annex_01_companies_alloacted_land.csv,,none,Visco Ltd,0
annex_01_company_0699,Viscount Holdings Limited,,unknown,company_allocated_land,Company/entity listed as allocated land in the Ndung'u Report,Viscount Holdings Limited,,,,,1,24,annex_01_companies_alloacted_land.csv,,none,Viscount Holdings Limited,0
annex_01_company_0700,Vision Oil Ltd,,unknown,company_allocated_land,Company/entity listed as allocated land in the Ndung'u Report,Vision Oil Ltd,,,,,1,24,annex_01_companies_alloacted_land.csv,,none,Vision Oil Ltd,0
annex_01_company_0701,Vita Inv. Services Ltd.,,unknown,company_allocated_land,Company/entity listed as allocated land in the Ndung'u Report,Vita Inv. Services Ltd.,,,,,1,24,annex_01_companies_alloacted_land.csv,,none,Vita Inv. Services Ltd.,0
annex_01_company_0702,Vitas Limited,,unknown,company_allocated_land,Company/entity listed as allocated land in the Ndung'u Report,Vitas Limited,,,,,1,24,annex_01_companies_alloacted_land.csv,,none,Vitas Limited,0
annex_01_company_0703,Vurimi Holdings Ltd,,unknown,company_allocated_land,Company/entity listed as allocated land in the Ndung'u Report,Vurimi Holdings Ltd,,,,,1,24,annex_01_companies_alloacted_land.csv,,none,Vurimi Holdings Ltd,0
annex_01_company_0704,Wackson Limited,,unknown,company_allocated_land,Company/entity listed as allocated land in the Ndung'u Report,Wackson Limited,,,,,1,24,annex_01_companies_alloacted_land.csv,,none,Wackson Limited,0
annex_01_company_0705,Wak Ltd,,unknown,company_allocated_land,Company/entity listed as allocated land in the Ndung'u Report,Wak Ltd,,,,,1,24,annex_01_companies_alloacted_land.csv,,none,Wak Ltd,0
annex_01_company_0706,Wakam Enterprises,,unknown,company_allocated_land,Company/entity listed as allocated land in the Ndung'u Report,Wakam Enterprises,,,,,1,24,annex_01_companies_alloacted_land.csv,,none,Wakam Enterprises,0
annex_01_company_0707,Wamuchiri Holdings Co. Ltd,,unknown,company_allocated_land,Company/entity listed as allocated land in the Ndung'u Report,Wamuchiri Holdings Co. Ltd,,,,,1,24,annex_01_companies_alloacted_land.csv,,none,Wamuchiri Holdings Co. Ltd,0
annex_01_company_0708,Wanao Enterprises Ltd,,unknown,company_allocated_land,Company/entity listed as allocated land in the Ndung'u Report,Wanao Enterprises Ltd,,,,,1,24,annex_01_companies_alloacted_land.csv,,none,Wanao Enterprises Ltd,0
annex_01_company_0709,Wandavuu Ltd,,unknown,company_allocated_land,Company/entity listed as allocated land in the Ndung'u Report,Wandavuu Ltd,,,,,1,24,annex_01_companies_alloacted_land.csv,,none,Wandavuu Ltd,0
annex_01_company_0710,Wayland Ltd,,unknown,company_allocated_land,Company/entity listed as allocated land in the Ndung'u Report,Wayland Ltd,,,,,1,24,annex_01_companies_alloacted_land.csv,,none,Wayland Ltd,0
annex_01_company_0711,Webster,,unknown,company_allocated_land,Company/entity listed as allocated land in the Ndung'u Report,Webster,,,,,1,24,annex_01_companies_alloacted_land.csv,,none,Webster,0
annex_01_company_0712,Webster Holdings Ltd,,unknown,company_allocated_land,Company/entity listed as allocated land in the Ndung'u Report,Webster Holdings Ltd,,,,,1,24,annex_01_companies_alloacted_land.csv,,none,Webster Holdings Ltd,0
annex_01_company_0713,Wembly Ltd,,unknown,company_allocated_land,Company/entity listed as allocated land in the Ndung'u Report,Wembly Ltd,,,,,1,24,annex_01_companies_alloacted_land.csv,,none,Wembly Ltd,0
annex_01_company_0714,Westerved Safari Ltd,,unknown,company_allocated_land,Company/entity listed as allocated land in the Ndung'u Report,Westerved Safari Ltd,,,,,1,25,annex_01_companies_alloacted_land.csv,,none,Westerved Safari Ltd,0
annex_01_company_0715,Wince Investments,,unknown,company_allocated_land,Company/entity listed as allocated land in the Ndung'u Report,Wince Investments,,,,,1,25,annex_01_companies_alloacted_land.csv,,none,Wince Investments,0
annex_01_company_0716,White City Enterprises,,unknown,company_allocated_land,Company/entity listed as allocated land in the Ndung'u Report,White City Enterprises,,,,,1,25,annex_01_companies_alloacted_land.csv,,none,White City Enterprises,0
annex_01_company_0717,White Farm (K) Ltd,,unknown,company_allocated_land,Company/entity listed as allocated land in the Ndung'u Report,White Farm (K) Ltd,,,,,1,25,annex_01_companies_alloacted_land.csv,,none,White Farm (K) Ltd,0
annex_01_company_0718,Wilifoken Agencies,,unknown,company_allocated_land,Company/entity listed as allocated land in the Ndung'u Report,Wilifoken Agencies,,,,,1,25,annex_01_companies_alloacted_land.csv,,none,Wilifoken Agencies,0
annex_01_company_0719,Wintech Systems Limited,,unknown,company_allocated_land,Company/entity listed as allocated land in the Ndung'u Report,Wintech Systems Limited,,,,,1,25,annex_01_companies_alloacted_land.csv,,none,Wintech Systems Limited,0
annex_01_company_0720,Winworld Limited,,unknown,company_allocated_land,Company/entity listed as allocated land in the Ndung'u Report,Winworld Limited,,,,,1,25,annex_01_companies_alloacted_land.csv,,none,Winworld Limited,0
annex_01_company_0721,Wonderland Car Hire & Safaris Ltd,,unknown,company_allocated_land,Company/entity listed as allocated land in the Ndung'u Report,Wonderland Car Hire & Safaris Ltd,,,,,1,25,annex_01_companies_alloacted_land.csv,,none,Wonderland Car Hire & Safaris Ltd,0
annex_01_company_0722,Woodmart Enterprises,,unknown,company_allocated_land,Company/entity listed as allocated land in the Ndung'u Report,Woodmart Enterprises,,,,,1,25,annex_01_companies_alloacted_land.csv,,none,Woodmart Enterprises,0
annex_01_company_0723,Yellow House Insns Limited,,unknown,company_allocated_land,Company/entity listed as allocated land in the Ndung'u Report,Yellow House Insns Limited,,,,,1,25,annex_01_companies_alloacted_land.csv,,none,Yellow House Insns Limited,0
annex_01_company_0724,Yourkalale Inves. Ltd.,,unknown,company_allocated_land,Company/entity listed as allocated land in the Ndung'u Report,Yourkalale Inves. Ltd.,,,,,1,25,annex_01_companies_alloacted_land.csv,,none,Yourkalale Inves. Ltd.,0
annex_01_company_0725,Zinji Ltd,,unknown,company_allocated_land,Company/entity listed as allocated land in the Ndung'u Report,Zinji Ltd,,,,,1,25,annex_01_companies_alloacted_land.csv,,none,Zinji Ltd,0
annex_01_company_0726,Zurip Properties,,unknown,company_allocated_land,Company/entity listed as allocated land in the Ndung'u Report,Zurip Properties,,,,,1,25,annex_01_companies_alloacted_land.csv,,none,Zurip Properties,0
annex_01_company_0727,Africo Holdings Ltd,,unknown,company_allocated_land,Company/entity listed as allocated land in the Ndung'u Report,Africo Holdings Ltd,,,,,1,26,annex_02_companies_not_found_at_registry.csv,,none,Africo Holdings Ltd,0
annex_01_company_0728,Avalon Consultance,,unknown,company_allocated_land,Company/entity listed as allocated land in the Ndung'u Report,Avalon Consultance,,,,,1,26,annex_02_companies_not_found_at_registry.csv,,none,Avalon Consultance,0
annex_01_company_0729,Captal Regional Properties Ltd4,,unknown,company_allocated_land,Company/entity listed as allocated land in the Ndung'u Report,Captal Regional Properties Ltd4,,,,,1,26,annex_02_companies_not_found_at_registry.csv,,none,Captal Regional Properties Ltd4,0
annex_01_company_0730,Chanwa Enterprises Ltd,,unknown,company_allocated_land,Company/entity listed as allocated land in the Ndung'u Report,Chanwa Enterprises Ltd,,,,,1,26,annex_02_companies_not_found_at_registry.csv,,none,Chanwa Enterprises Ltd,0
annex_01_company_0731,Cruise Holdings,,unknown,company_allocated_land,Company/entity listed as allocated land in the Ndung'u Report,Cruise Holdings,,,,,1,26,annex_02_companies_not_found_at_registry.csv,,none,Cruise Holdings,0
annex_01_company_0732,Dnabell Enterprises,,unknown,company_allocated_land,Company/entity listed as allocated land in the Ndung'u Report,Dnabell Enterprises,,,,,1,26,annex_02_companies_not_found_at_registry.csv,,none,Dnabell Enterprises,0
annex_01_company_0733,Investcope Holdings,,unknown,company_allocated_land,Company/entity listed as allocated land in the Ndung'u Report,Investcope Holdings,,,,,1,26,annex_02_companies_not_found_at_registry.csv,,none,Investcope Holdings,0
annex_01_company_0734,Ragumo Holdings Ltd,,unknown,company_allocated_land,Company/entity listed as allocated land in the Ndung'u Report,Ragumo Holdings Ltd,,,,,1,26,annex_02_companies_not_found_at_registry.csv,,none,Ragumo Holdings Ltd,0
annex_01_company_0735,Koota(Kenya) Ltd,,unknown,company_allocated_land,Company/entity listed as allocated land in the Ndung'u Report,Koota(Kenya) Ltd,,,,,1,26,annex_02_companies_not_found_at_registry.csv,,none,Koota(Kenya) Ltd,0
annex_01_company_0736,Kwaai Water Enterprises Ltd,,unknown,company_allocated_land,Company/entity listed as allocated land in the Ndung'u Report,Kwaai Water Enterprises Ltd,,,,,1,26,annex_02_companies_not_found_at_registry.csv,,none,Kwaai Water Enterprises Ltd,0
annex_01_company_0737,Lyonnaise development,,unknown,company_allocated_land,Company/entity listed as allocated land in the Ndung'u Report,Lyonnaise development,,,,,1,26,annex_02_companies_not_found_at_registry.csv,,none,Lyonnaise development,0
annex_01_company_0738,Manjen Limited,,unknown,company_allocated_land,Company/entity listed as allocated land in the Ndung'u Report,Manjen Limited,,,,,1,26,annex_02_companies_not_found_at_registry.csv,,none,Manjen Limited,0
annex_01_company_0739,Makori Investment,,unknown,company_allocated_land,Company/entity listed as allocated land in the Ndung'u Report,Makori Investment,,,,,1,26,annex_02_companies_not_found_at_registry.csv,,none,Makori Investment,0
annex_01_company_0740,Mouth Pellies Holdings Ltd,,unknown,company_allocated_land,Company/entity listed as allocated land in the Ndung'u Report,Mouth Pellies Holdings Ltd,,,,,1,26,annex_02_companies_not_found_at_registry.csv,,none,Mouth Pellies Holdings Ltd,0
annex_01_company_0741,Movado Holdings Ltd,,unknown,company_allocated_land,Company/entity listed as allocated land in the Ndung'u Report,Movado Holdings Ltd,,,,,1,26,annex_02_companies_not_found_at_registry.csv,,none,Movado Holdings Ltd,0
annex_01_company_0742,Muge Enterprises,,unknown,company_allocated_land,Company/entity listed as allocated land in the Ndung'u Report,Muge Enterprises,,,,,1,26,annex_02_companies_not_found_at_registry.csv,,none,Muge Enterprises,0
annex_01_company_0743,Nescape Enterprises,,unknown,company_allocated_land,Company/entity listed as allocated land in the Ndung'u Report,Nescape Enterprises,,,,,1,26,annex_02_companies_not_found_at_registry.csv,,none,Nescape Enterprises,0
annex_01_company_0744,Portfino Developers Ltd,,unknown,company_allocated_land,Company/entity listed as allocated land in the Ndung'u Report,Portfino Developers Ltd,,,,,1,26,annex_02_companies_not_found_at_registry.csv,,none,Portfino Developers Ltd,0
annex_01_company_0745,Reasearch Management Servics Ltd,,unknown,company_allocated_land,Company/entity listed as allocated land in the Ndung'u Report,Reasearch Management Servics Ltd,,,,,1,26,annex_02_companies_not_found_at_registry.csv,,none,Reasearch Management Servics Ltd,0
annex_01_company_0746,Royal Holdings Co. Ltd,,unknown,company_allocated_land,Company/entity listed as allocated land in the Ndung'u Report,Royal Holdings Co. Ltd,,,,,1,26,annex_02_companies_not_found_at_registry.csv,,none,Royal Holdings Co. Ltd,0
annex_01_company_0747,Shilarie Holdings Ltd.,,unknown,company_allocated_land,Company/entity listed as allocated land in the Ndung'u Report,Shilarie Holdings Ltd.,,,,,1,26,annex_02_companies_not_found_at_registry.csv,,none,Shilarie Holdings Ltd.,0
annex_01_company_0748,Safracom International Ltd,,unknown,company_allocated_land,Company/entity listed as allocated land in the Ndung'u Report,Safracom International Ltd,,,,,1,26,annex_02_companies_not_found_at_registry.csv,,none,Safracom International Ltd,0
annex_01_company_0749,Sweetl Winds Holdings Ltd,,unknown,company_allocated_land,Company/entity listed as allocated land in the Ndung'u Report,Sweetl Winds Holdings Ltd,,,,,1,26,annex_02_companies_not_found_at_registry.csv,,none,Sweetl Winds Holdings Ltd,0
annex_01_company_0750,Talkland Holdings Ltd,,unknown,company_allocated_land,Company/entity listed as allocated land in the Ndung'u Report,Talkland Holdings Ltd,,,,,1,26,annex_02_companies_not_found_at_registry.csv,,none,Talkland Holdings Ltd,0
annex_01_company_0751,Totol Enterprises,,unknown,company_allocated_land,Company/entity listed as allocated land in the Ndung'u Report,Totol Enterprises,,,,,1,26,annex_02_companies_not_found_at_registry.csv,,none,Totol Enterprises,0
annex_01_company_0752,Wanao Enterprises,,unknown,company_allocated_land,Company/entity listed as allocated land in the Ndung'u Report,Wanao Enterprises,,,,,1,26,annex_02_companies_not_found_at_registry.csv,,none,Wanao Enterprises,0
annex_01_company_0753,Lloywa Enterprises,,unknown,company_allocated_land,Company/entity listed as allocated land in the Ndung'u Report,Lloywa Enterprises,,,,,1,26,annex_02_companies_not_found_at_registry.csv,,none,Lloywa Enterprises,0
annex_01_company_0754,Kienya Enterprises,,unknown,company_allocated_land,Company/entity listed as allocated land in the Ndung'u Report,Kienya Enterprises,,,,,1,26,annex_02_companies_not_found_at_registry.csv,,none,Kienya Enterprises,0
annex_01_company_0755,Robosite Enterprises,,unknown,company_allocated_land,Company/entity listed as allocated land in the Ndung'u Report,Robosite Enterprises,,,,,1,26,annex_02_companies_not_found_at_registry.csv,,none,Robosite Enterprises,0
annex_01_company_0756,Hill Street Enterprises,,unknown,company_allocated_land,Company/entity listed as allocated land in the Ndung'u Report,Hill Street Enterprises,,,,,1,26,annex_02_companies_not_found_at_registry.csv,,none,Hill Street Enterprises,0
annex_01_company_0757,Kipsinende Ltd,,unknown,company_allocated_land,Company/entity listed as allocated land in the Ndung'u Report,Kipsinende Ltd,,,,,1,26,annex_02_companies_not_found_at_registry.csv,,none,Kipsinende Ltd,0
annex_01_company_0758,Kiptagich Tea Ltd,,unknown,company_allocated_land,Company/entity listed as allocated land in the Ndung'u Report,Kiptagich Tea Ltd,,,,,1,27,annex_02_companies_not_found_at_registry.csv,,none,Kiptagich Tea Ltd,0
annex_01_company_0759,Nokin Holdings Ltd,,unknown,company_allocated_land,Company/entity listed as allocated land in the Ndung'u Report,Nokin Holdings Ltd,,,,,1,27,annex_02_companies_not_found_at_registry.csv,,none,Nokin Holdings Ltd,0
annex_01_company_0760,Lekuna Ltd,,unknown,company_allocated_land,Company/entity listed as allocated land in the Ndung'u Report,Lekuna Ltd,,,,,1,27,annex_02_companies_not_found_at_registry.csv,,none,Lekuna Ltd,0
annex_01_company_0761,Marwarin Beacon Hotel Ltd,,unknown,company_allocated_land,Company/entity listed as allocated land in the Ndung'u Report,Marwarin Beacon Hotel Ltd,,,,,1,27,annex_02_companies_not_found_at_registry.csv,,none,Marwarin Beacon Hotel Ltd,0
annex_01_company_0762,Suntrap Beach Hotel Ltd,,unknown,company_allocated_land,Company/entity listed as allocated land in the Ndung'u Report,Suntrap Beach Hotel Ltd,,,,,1,27,annex_02_companies_not_found_at_registry.csv,,none,Suntrap Beach Hotel Ltd,0
annex_01_company_0763,Manjan Hodlings Ltd,,unknown,company_allocated_land,Company/entity listed as allocated land in the Ndung'u Report,Manjan Hodlings Ltd,,,,,1,27,annex_02_companies_not_found_at_registry.csv,,none,Manjan Hodlings Ltd,0
annex_01_company_0764,Inter African Trading Co. Ltd,,unknown,company_allocated_land,Company/entity listed as allocated land in the Ndung'u Report,Inter African Trading Co. Ltd,,,,,1,27,annex_02_companies_not_found_at_registry.csv,,none,Inter African Trading Co. Ltd,0
annex_01_company_0765,Katika Ltd,,unknown,company_allocated_land,Company/entity listed as allocated land in the Ndung'u Report,Katika Ltd,,,,,1,27,annex_02_companies_not_found_at_registry.csv,,none,Katika Ltd,0
annex_01_company_0766,Mulimo Enterprises,,unknown,company_allocated_land,Company/entity listed as allocated land in the Ndung'u Report,Mulimo Enterprises,,,,,1,27,annex_02_companies_not_found_at_registry.csv,,none,Mulimo Enterprises,0
annex_01_company_0767,Cannon Court Ltd,,unknown,company_allocated_land,Company/entity listed as allocated land in the Ndung'u Report,Cannon Court Ltd,,,,,1,27,annex_02_companies_not_found_at_registry.csv,,none,Cannon Court Ltd,0
annex_01_company_0768,Camu Ltd,,unknown,company_allocated_land,Company/entity listed as allocated land in the Ndung'u Report,Camu Ltd,,,,,1,27,annex_02_companies_not_found_at_registry.csv,,none,Camu Ltd,0
annex_01_company_0769,The Gas Co. Ltd.,,unknown,company_allocated_land,Company/entity listed as allocated land in the Ndung'u Report,The Gas Co. Ltd.,,,,,1,27,annex_02_companies_not_found_at_registry.csv,,none,The Gas Co. Ltd.,0
annex_01_company_0770,East African Gas Ltd,,unknown,company_allocated_land,Company/entity listed as allocated land in the Ndung'u Report,East African Gas Ltd,,,,,1,27,annex_02_companies_not_found_at_registry.csv,,none,East African Gas Ltd,0
annex_01_company_0771,Firms Ltd,,unknown,company_allocated_land,Company/entity listed as allocated land in the Ndung'u Report,Firms Ltd,,,,,1,27,annex_02_companies_not_found_at_registry.csv,,none,Firms Ltd,0
annex_01_company_0772,AAri Properties Ltd,,unknown,company_allocated_land,Company/entity listed as allocated land in the Ndung'u Report,AAri Properties Ltd,,,,,1,27,annex_02_companies_not_found_at_registry.csv,,none,AAri Properties Ltd,0
annex_01_company_0773,Katika Ltd,,unknown,company_allocated_land,Company/entity listed as allocated land in the Ndung'u Report,Katika Ltd,,,,,1,27,annex_02_companies_not_found_at_registry.csv,,none,Katika Ltd,0
annex_01_company_0774,Gemwi Ltd,,unknown,company_allocated_land,Company/entity listed as allocated land in the Ndung'u Report,Gemwi Ltd,,,,,1,27,annex_02_companies_not_found_at_registry.csv,,none,Gemwi Ltd,0
annex_01_company_0775,Multi-purpose Co-op development Ltd,,unknown,company_allocated_land,Company/entity listed as allocated land in the Ndung'u Report,Multi-purpose Co-op development Ltd,,,,,1,27,annex_02_companies_not_found_at_registry.csv,,none,Multi-purpose Co-op development Ltd,0
annex_01_company_0776,Rama Ltd,,unknown,company_allocated_land,Company/entity listed as allocated land in the Ndung'u Report,Rama Ltd,,,,,1,27,annex_02_companies_not_found_at_registry.csv,,none,Rama Ltd,0
annex_01_company_0777,Somog Ltd,,unknown,company_allocated_land,Company/entity listed as allocated land in the Ndung'u Report,Somog Ltd,,,,,1,27,annex_02_companies_not_found_at_registry.csv,,none,Somog Ltd,0
annex_01_company_0778,Mukep Agencies,,unknown,company_allocated_land,Company/entity listed as allocated land in the Ndung'u Report,Mukep Agencies,,,,,1,27,annex_02_companies_not_found_at_registry.csv,,none,Mukep Agencies,0
annex_01_company_0779,Minasa Towers,,unknown,company_allocated_land,Company/entity listed as allocated land in the Ndung'u Report,Minasa Towers,,,,,1,27,annex_02_companies_not_found_at_registry.csv,,none,Minasa Towers,0
annex_01_company_0780,Stelling Holdings,,unknown,company_allocated_land,Company/entity listed as allocated land in the Ndung'u Report,Stelling Holdings,,,,,1,27,annex_02_companies_not_found_at_registry.csv,,none,Stelling Holdings,0
annex_01_company_0781,Kiahuhio Investments Ltd,,unknown,company_allocated_land,Company/entity listed as allocated land in the Ndung'u Report,Kiahuhio Investments Ltd,,,,,1,27,annex_02_companies_not_found_at_registry.csv,,none,Kiahuhio Investments Ltd,0
annex_01_company_0782,Brown Cooper Ltd,,unknown,company_allocated_land,Company/entity listed as allocated land in the Ndung'u Report,Brown Cooper Ltd,,,,,1,27,annex_02_companies_not_found_at_registry.csv,,none,Brown Cooper Ltd,0
annex_01_company_0783,Eryuthrine Ltd,,unknown,company_allocated_land,Company/entity listed as allocated land in the Ndung'u Report,Eryuthrine Ltd,,,,,1,27,annex_02_companies_not_found_at_registry.csv,,none,Eryuthrine Ltd,0
annex_01_company_0784,Mt. Kenya Gems,,unknown,company_allocated_land,Company/entity listed as allocated land in the Ndung'u Report,Mt. Kenya Gems,,,,,1,27,annex_02_companies_not_found_at_registry.csv,,none,Mt. Kenya Gems,0
annex_01_company_0785,Lewison Enterprises,,unknown,company_allocated_land,Company/entity listed as allocated land in the Ndung'u Report,Lewison Enterprises,,,,,1,27,annex_02_companies_not_found_at_registry.csv,,none,Lewison Enterprises,0
annex_01_company_0786,Dendab Investment,,unknown,company_allocated_land,Company/entity listed as allocated land in the Ndung'u Report,Dendab Investment,,,,,1,27,annex_02_companies_not_found_at_registry.csv,,none,Dendab Investment,0
annex_01_company_0787,Sidika Enterprises,,unknown,company_allocated_land,Company/entity listed as allocated land in the Ndung'u Report,Sidika Enterprises,,,,,1,27,annex_02_companies_not_found_at_registry.csv,,none,Sidika Enterprises,0
annex_01_company_0788,Mamumm Agencies,,unknown,company_allocated_land,Company/entity listed as allocated land in the Ndung'u Report,Mamumm Agencies,,,,,1,27,annex_02_companies_not_found_at_registry.csv,,none,Mamumm Agencies,0
annex_01_company_0789,Metrolends Management,,unknown,company_allocated_land,Company/entity listed as allocated land in the Ndung'u Report,Metrolends Management,,,,,1,27,annex_02_companies_not_found_at_registry.csv,,none,Metrolends Management,0
annex_01_company_0790,Lwiney Agencies,,unknown,company_allocated_land,Company/entity listed as allocated land in the Ndung'u Report,Lwiney Agencies,,,,,1,27,annex_02_companies_not_found_at_registry.csv,,none,Lwiney Agencies,0
annex_01_company_0791,Rama Ltd,,unknown,company_allocated_land,Company/entity listed as allocated land in the Ndung'u Report,Rama Ltd,,,,,1,27,annex_02_companies_not_found_at_registry.csv,,none,Rama Ltd,0
annex_01_company_0792,Trade and development Association,,unknown,company_allocated_land,Company/entity listed as allocated land in the Ndung'u Report,Trade and development Association,,,,,1,27,annex_02_companies_not_found_at_registry.csv,,none,Trade and development Association,0
annex_01_company_0793,Halwa Enterprises,,unknown,company_allocated_land,Company/entity listed as allocated land in the Ndung'u Report,Halwa Enterprises,,,,,1,27,annex_02_companies_not_found_at_registry.csv,,none,Halwa Enterprises,0
annex_01_company_0794,Kerungat Publishers & Printers,,unknown,company_allocated_land,Company/entity listed as allocated land in the Ndung'u Report,Kerungat Publishers & Printers,,,,,1,28,annex_02_companies_not_found_at_registry.csv,,none,Kerungat Publishers & Printers,0
annex_01_company_0795,Samu Holdings,,unknown,company_allocated_land,Company/entity listed as allocated land in the Ndung'u Report,Samu Holdings,,,,,1,28,annex_02_companies_not_found_at_registry.csv,,none,Samu Holdings,0
annex_01_company_0796,Kiruhiu Investment,,unknown,company_allocated_land,Company/entity listed as allocated land in the Ndung'u Report,Kiruhiu Investment,,,,,1,28,annex_02_companies_not_found_at_registry.csv,,none,Kiruhiu Investment,0
annex_01_company_0797,Niagara Base Metallic Ltd,,unknown,company_allocated_land,Company/entity listed as allocated land in the Ndung'u Report,Niagara Base Metallic Ltd,,,,,1,28,annex_02_companies_not_found_at_registry.csv,,none,Niagara Base Metallic Ltd,0
annex_01_company_0798,Beluga Developers,,unknown,company_allocated_land,Company/entity listed as allocated land in the Ndung'u Report,Beluga Developers,,,,,1,28,annex_02_companies_not_found_at_registry.csv,,none,Beluga Developers,0
annex_01_company_0799,Copice Developers Ltd,,unknown,company_allocated_land,Company/entity listed as allocated land in the Ndung'u Report,Copice Developers Ltd,,,,,1,28,annex_02_companies_not_found_at_registry.csv,,none,Copice Developers Ltd,0
annex_01_company_0800,Hartman Institute Ltd,,unknown,company_allocated_land,Company/entity listed as allocated land in the Ndung'u Report,Hartman Institute Ltd,,,,,1,28,annex_02_companies_not_found_at_registry.csv,,none,Hartman Institute Ltd,0
annex_01_company_0801,Nile Source Investment,,unknown,company_allocated_land,Company/entity listed as allocated land in the Ndung'u Report,Nile Source Investment,,,,,1,28,annex_02_companies_not_found_at_registry.csv,,none,Nile Source Investment,0
annex_01_company_0802,Cupere Enterprises,,unknown,company_allocated_land,Company/entity listed as allocated land in the Ndung'u Report,Cupere Enterprises,,,,,1,28,annex_02_companies_not_found_at_registry.csv,,none,Cupere Enterprises,0
annex_01_company_0803,Wana Investments Ltd,,unknown,company_allocated_land,Company/entity listed as allocated land in the Ndung'u Report,Wana Investments Ltd,,,,,1,28,annex_02_companies_not_found_at_registry.csv,,none,Wana Investments Ltd,0
annex_01_company_0804,Inno Pacific Development Ltd,,unknown,company_allocated_land,Company/entity listed as allocated land in the Ndung'u Report,Inno Pacific Development Ltd,,,,,1,28,annex_02_companies_not_found_at_registry.csv,,none,Inno Pacific Development Ltd,0
annex_01_company_0805,Falmac  Enterprises,,unknown,company_allocated_land,Company/entity listed as allocated land in the Ndung'u Report,Falmac  Enterprises,,,,,1,28,annex_02_companies_not_found_at_registry.csv,,none,Falmac  Enterprises,0
annex_01_company_0806,Mount Pelkies Holdings Ltd,,unknown,company_allocated_land,Company/entity listed as allocated land in the Ndung'u Report,Mount Pelkies Holdings Ltd,,,,,1,28,annex_02_companies_not_found_at_registry.csv,,none,Mount Pelkies Holdings Ltd,0
annex_01_company_0807,Chaumet Africa Ltd,,unknown,company_allocated_land,Company/entity listed as allocated land in the Ndung'u Report,Chaumet Africa Ltd,,,,,1,28,annex_02_companies_not_found_at_registry.csv,,none,Chaumet Africa Ltd,0
annex_01_company_0808,Nucor Steel Enterprises Ltd,,unknown,company_allocated_land,Company/entity listed as allocated land in the Ndung'u Report,Nucor Steel Enterprises Ltd,,,,,1,28,annex_02_companies_not_found_at_registry.csv,,none,Nucor Steel Enterprises Ltd,0
annex_01_company_0809,Peral Enterprises,,unknown,company_allocated_land,Company/entity listed as allocated land in the Ndung'u Report,Peral Enterprises,,,,,1,28,annex_02_companies_not_found_at_registry.csv,,none,Peral Enterprises,0
annex_01_company_0810,Shilarie Holdings Ltd,,unknown,company_allocated_land,Company/entity listed as allocated land in the Ndung'u Report,Shilarie Holdings Ltd,,,,,1,28,annex_02_companies_not_found_at_registry.csv,,none,Shilarie Holdings Ltd,0
annex_01_company_0811,Texas Investments Ltd,,unknown,company_allocated_land,Company/entity listed as allocated land in the Ndung'u Report,Texas Investments Ltd,,,,,1,28,annex_02_companies_not_found_at_registry.csv,,none,Texas Investments Ltd,0
annex_01_company_0812,Wanao Enterprises,,unknown,company_allocated_land,Company/entity listed as allocated land in the Ndung'u Report,Wanao Enterprises,,,,,1,28,annex_02_companies_not_found_at_registry.csv,,none,Wanao Enterprises,0
annex_01_company_0813,Match Designers Ltd,,unknown,company_allocated_land,Company/entity listed as allocated land in the Ndung'u Report,Match Designers Ltd,,,,,1,28,annex_02_companies_not_found_at_registry.csv,,none,Match Designers Ltd,0
annex_01_company_0814,Ajiwa ShamjI Ltd,,unknown,company_allocated_land,Company/entity listed as allocated land in the Ndung'u Report,Ajiwa ShamjI Ltd,,,,,1,28,annex_02_companies_not_found_at_registry.csv,,none,Ajiwa ShamjI Ltd,0
annex_01_company_0815,Hill Street Enterprises,,unknown,company_allocated_land,Company/entity listed as allocated land in the Ndung'u Report,Hill Street Enterprises,,,,,1,28,annex_02_companies_not_found_at_registry.csv,,none,Hill Street Enterprises,0
annex_01_company_0816,Mukep Agencies,,unknown,company_allocated_land,Company/entity listed as allocated land in the Ndung'u Report,Mukep Agencies,,,,,1,28,annex_02_companies_not_found_at_registry.csv,,none,Mukep Agencies,0
annex_01_company_0817,Minasa Towers,,unknown,company_allocated_land,Company/entity listed as allocated land in the Ndung'u Report,Minasa Towers,,,,,1,28,annex_02_companies_not_found_at_registry.csv,,none,Minasa Towers,0
annex_01_company_0818,Marwarin Beacon Hotel,,unknown,company_allocated_land,Company/entity listed as allocated land in the Ndung'u Report,Marwarin Beacon Hotel,,,,,1,28,annex_02_companies_not_found_at_registry.csv,,none,Marwarin Beacon Hotel,0
annex_01_company_0819,Suntrap Beach Hotel,,unknown,company_allocated_land,Company/entity listed as allocated land in the Ndung'u Report,Suntrap Beach Hotel,,,,,1,28,annex_02_companies_not_found_at_registry.csv,,none,Suntrap Beach Hotel,0
annex_01_company_0820,Prestige Properties,,unknown,company_allocated_land,Company/entity listed as allocated land in the Ndung'u Report,Prestige Properties,,,,,1,28,annex_02_companies_not_found_at_registry.csv,,none,Prestige Properties,0
annex_01_company_0821,Modi Entertainment Network Ltd,,unknown,company_allocated_land,Company/entity listed as allocated land in the Ndung'u Report,Modi Entertainment Network Ltd,,,,,1,28,annex_02_companies_not_found_at_registry.csv,,none,Modi Entertainment Network Ltd,0
annex_01_company_0822,Kenya Science Teachers College,,unknown,parastatal_land_allocation,Company/entity listed as allocated land in the Ndung'u Report,Kenya Science Teachers College,,,,,1,432,annex_19_parastatals_responded.csv,,none,Kenya Science Teachers College,0
annex_01_company_0823,Kenya Diary Board,,unknown,parastatal_land_allocation,Company/entity listed as allocated land in the Ndung'u Report,Kenya Diary Board,,,,,1,432,annex_19_parastatals_responded.csv,,none,Kenya Diary Board,0
annex_01_company_0824,Kenya Broadcasting Corporation,,unknown,parastatal_land_allocation,Company/entity listed as allocated land in the Ndung'u Report,Kenya Broadcasting Corporation,,,,,1,432,annex_19_parastatals_responded.csv,,none,Kenya Broadcasting Corporation,0
annex_01_company_0825,Kenya Post Office Savings Bank Postbank,,unknown,parastatal_land_allocation,Company/entity listed as allocated land in the Ndung'u Report,Kenya Post Office Savings Bank Postbank,,,,,1,432,annex_19_parastatals_responded.csv,,none,Kenya Post Office Savings Bank Postbank,0
annex_01_company_0826,Kenya Wines Agency Ltd,,unknown,parastatal_land_allocation,Company/entity listed as allocated land in the Ndung'u Report,Kenya Wines Agency Ltd,,,,,1,432,annex_19_parastatals_responded.csv,,none,Kenya Wines Agency Ltd,0
annex_01_company_0827,Kenya Forestry Research Institute,,unknown,parastatal_land_allocation,Company/entity listed as allocated land in the Ndung'u Report,Kenya Forestry Research Institute,,,,,1,432,annex_19_parastatals_responded.csv,,none,Kenya Forestry Research Institute,0
annex_01_company_0828,Ewasi Ngiro North Development Agency,,unknown,parastatal_land_allocation,Company/entity listed as allocated land in the Ndung'u Report,Ewasi Ngiro North Development Agency,,,,,1,432,annex_19_parastatals_responded.csv,,none,Ewasi Ngiro North Development Agency,0
annex_01_company_0829,Moi Teaching Referral Hospital,,unknown,parastatal_land_allocation,Company/entity listed as allocated land in the Ndung'u Report,Moi Teaching Referral Hospital,,,,,1,432,annex_19_parastatals_responded.csv,,none,Moi Teaching Referral Hospital,0
annex_01_company_0830,National Aids Control Council,,unknown,parastatal_land_allocation,Company/entity listed as allocated land in the Ndung'u Report,National Aids Control Council,,,,,1,432,annex_19_parastatals_responded.csv,,none,National Aids Control Council,0
annex_01_company_0831,Kenya Institute for Public Policy Research and Analysis,,unknown,parastatal_land_allocation,Company/entity listed as allocated land in the Ndung'u Report,Kenya Institute for Public Policy Research and Analysis,,,,,1,432,annex_19_parastatals_responded.csv,,none,Kenya Institute for Public Policy Research and Analysis,0
annex_01_company_0832,Nationanal Museum of Kenya,,unknown,parastatal_land_allocation,Company/entity listed as allocated land in the Ndung'u Report,Nationanal Museum of Kenya,,,,,1,432,annex_19_parastatals_responded.csv,,none,Nationanal Museum of Kenya,0
annex_01_company_0833,Export Promotion Council,,unknown,parastatal_land_allocation,Company/entity listed as allocated land in the Ndung'u Report,Export Promotion Council,,,,,1,432,annex_19_parastatals_responded.csv,,none,Export Promotion Council,0
annex_01_company_0834,Capital Markets Authority,,unknown,parastatal_land_allocation,Company/entity listed as allocated land in the Ndung'u Report,Capital Markets Authority,,,,,1,432,annex_19_parastatals_responded.csv,,none,Capital Markets Authority,0
annex_01_company_0835,Tana and Arthi River Development Agency,,unknown,parastatal_land_allocation,Company/entity listed as allocated land in the Ndung'u Report,Tana and Arthi River Development Agency,,,,,1,432,annex_19_parastatals_responded.csv,,none,Tana and Arthi River Development Agency,0
annex_01_company_0836,Department of Resources Survey and Remote sensing,,unknown,parastatal_land_allocation,Company/entity listed as allocated land in the Ndung'u Report,Department of Resources Survey and Remote sensing,,,,,1,432,annex_19_parastatals_responded.csv,,none,Department of Resources Survey and Remote sensing,0
annex_01_company_0837,Kenya Seed Company,,unknown,parastatal_land_allocation,Company/entity listed as allocated land in the Ndung'u Report,Kenya Seed Company,,,,,1,432,annex_19_parastatals_responded.csv,,none,Kenya Seed Company,0
annex_01_company_0838,Kenya Electricity Generating Company,,unknown,parastatal_land_allocation,Company/entity listed as allocated land in the Ndung'u Report,Kenya Electricity Generating Company,,,,,1,432,annex_19_parastatals_responded.csv,,none,Kenya Electricity Generating Company,0
annex_01_company_0839,Kenya Utalii Colege,,unknown,parastatal_land_allocation,Company/entity listed as allocated land in the Ndung'u Report,Kenya Utalii Colege,,,,,1,432,annex_19_parastatals_responded.csv,,none,Kenya Utalii Colege,0
annex_01_company_0840,National Oil Corporation of Kenya,,unknown,parastatal_land_allocation,Company/entity listed as allocated land in the Ndung'u Report,National Oil Corporation of Kenya,,,,,1,432,annex_19_parastatals_responded.csv,,none,National Oil Corporation of Kenya,0
annex_01_company_0841,Kenya Institute of Administartion,,unknown,parastatal_land_allocation,Company/entity listed as allocated land in the Ndung'u Report,Kenya Institute of Administartion,,,,,1,432,annex_19_parastatals_responded.csv,,none,Kenya Institute of Administartion,0
annex_01_company_0842,Kenya Tourist Development Corporation,,unknown,parastatal_land_allocation,Company/entity listed as allocated land in the Ndung'u Report,Kenya Tourist Development Corporation,,,,,1,432,annex_19_parastatals_responded.csv,,none,Kenya Tourist Development Corporation,0
annex_01_company_0843,National Hospital Insurance Fund,,unknown,parastatal_land_allocation,Company/entity listed as allocated land in the Ndung'u Report,National Hospital Insurance Fund,,,,,1,432,annex_19_parastatals_responded.csv,,none,National Hospital Insurance Fund,0
annex_01_company_0844,Kenya Vetinary Vaccines Production Institute,,unknown,parastatal_land_allocation,Company/entity listed as allocated land in the Ndung'u Report,Kenya Vetinary Vaccines Production Institute,,,,,1,432,annex_19_parastatals_responded.csv,,none,Kenya Vetinary Vaccines Production Institute,0
annex_01_company_0845,Nzoia Sugar Company,,unknown,parastatal_land_allocation,Company/entity listed as allocated land in the Ndung'u Report,Nzoia Sugar Company,,,,,1,432,annex_19_parastatals_responded.csv,,none,Nzoia Sugar Company,0
annex_01_company_0846,Cooperative College of Kenya,,unknown,parastatal_land_allocation,Company/entity listed as allocated land in the Ndung'u Report,Cooperative College of Kenya,,,,,1,432,annex_19_parastatals_responded.csv,,none,Cooperative College of Kenya,0
annex_01_company_0847,Kenya Medical Agency,,unknown,parastatal_land_allocation,Company/entity listed as allocated land in the Ndung'u Report,Kenya Medical Agency,,,,,1,432,annex_19_parastatals_responded.csv,,none,Kenya Medical Agency,0
annex_01_company_0848,Bomas of Kenya,,unknown,parastatal_land_allocation,Company/entity listed as allocated land in the Ndung'u Report,Bomas of Kenya,,,,,1,433,annex_19_parastatals_responded.csv,,none,Bomas of Kenya,0
annex_01_company_0849,Kenya Civil Aviation Authority,,unknown,parastatal_land_allocation,Company/entity listed as allocated land in the Ndung'u Report,Kenya Civil Aviation Authority,,,,,1,433,annex_19_parastatals_responded.csv,,none,Kenya Civil Aviation Authority,0
annex_01_company_0850,Kenya National Trading Corporation,,unknown,parastatal_land_allocation,Company/entity listed as allocated land in the Ndung'u Report,Kenya National Trading Corporation,,,,,1,433,annex_19_parastatals_responded.csv,,none,Kenya National Trading Corporation,0
annex_01_company_0851,Kenya Bureau of Standards,,unknown,parastatal_land_allocation,Company/entity listed as allocated land in the Ndung'u Report,Kenya Bureau of Standards,,,,,1,433,annex_19_parastatals_responded.csv,,none,Kenya Bureau of Standards,0
annex_01_company_0852,Horticultural Crops Dev. Authprity,,unknown,parastatal_land_allocation,Company/entity listed as allocated land in the Ndung'u Report,Horticultural Crops Dev. Authprity,,,,,1,433,annex_19_parastatals_responded.csv,,none,Horticultural Crops Dev. Authprity,0
annex_01_company_0853,Kenya Sugar Board,,unknown,parastatal_land_allocation,Company/entity listed as allocated land in the Ndung'u Report,Kenya Sugar Board,,,,,1,433,annex_19_parastatals_responded.csv,,none,Kenya Sugar Board,0
annex_01_company_0854,Kenya Sisal Board,,unknown,parastatal_land_allocation,Company/entity listed as allocated land in the Ndung'u Report,Kenya Sisal Board,,,,,1,433,annex_19_parastatals_responded.csv,,none,Kenya Sisal Board,0
annex_01_company_0855,Electricity Regulatory Board,,unknown,parastatal_land_allocation,Company/entity listed as allocated land in the Ndung'u Report,Electricity Regulatory Board,,,,,1,433,annex_19_parastatals_responded.csv,,none,Electricity Regulatory Board,0
annex_01_company_0856,Higher Education Loans Board,,unknown,parastatal_land_allocation,Company/entity listed as allocated land in the Ndung'u Report,Higher Education Loans Board,,,,,1,433,annex_19_parastatals_responded.csv,,none,Higher Education Loans Board,0
annex_01_company_0857,Industrial Development Bank,,unknown,parastatal_land_allocation,Company/entity listed as allocated land in the Ndung'u Report,Industrial Development Bank,,,,,1,433,annex_19_parastatals_responded.csv,,none,Industrial Development Bank,0
annex_01_company_0858,Caost Development Authority,,unknown,parastatal_land_allocation,Company/entity listed as allocated land in the Ndung'u Report,Caost Development Authority,,,,,1,433,annex_19_parastatals_responded.csv,,none,Caost Development Authority,0
annex_01_company_0859,Kenya Industrial Reasearch and Development Institute,,unknown,parastatal_land_allocation,Company/entity listed as allocated land in the Ndung'u Report,Kenya Industrial Reasearch and Development Institute,,,,,1,433,annex_19_parastatals_responded.csv,,none,Kenya Industrial Reasearch and Development Institute,0
annex_01_company_0860,Cotton Board of Kenya,,unknown,parastatal_land_allocation,Company/entity listed as allocated land in the Ndung'u Report,Cotton Board of Kenya,,,,,1,433,annex_19_parastatals_responded.csv,,none,Cotton Board of Kenya,0
annex_01_company_0861,Teachers Service Commmission,,unknown,parastatal_land_allocation,Company/entity listed as allocated land in the Ndung'u Report,Teachers Service Commmission,,,,,1,433,annex_19_parastatals_responded.csv,,none,Teachers Service Commmission,0
annex_01_company_0862,Kenya National Examination Council,,unknown,parastatal_land_allocation,Company/entity listed as allocated land in the Ndung'u Report,Kenya National Examination Council,,,,,1,433,annex_19_parastatals_responded.csv,,none,Kenya National Examination Council,0
annex_01_company_0863,Catering Tourism Training Development Levy Trustee,,unknown,parastatal_land_allocation,Company/entity listed as allocated land in the Ndung'u Report,Catering Tourism Training Development Levy Trustee,,,,,1,433,annex_19_parastatals_responded.csv,,none,Catering Tourism Training Development Levy Trustee,0
annex_01_company_0864,National Bank of Kenya,,unknown,parastatal_land_allocation,Company/entity listed as allocated land in the Ndung'u Report,National Bank of Kenya,,,,,1,433,annex_19_parastatals_responded.csv,,none,National Bank of Kenya,0
annex_01_company_0865,Kenya National Library services,,unknown,parastatal_land_allocation,Company/entity listed as allocated land in the Ndung'u Report,Kenya National Library services,,,,,1,433,annex_19_parastatals_responded.csv,,none,Kenya National Library services,0
annex_01_company_0866,Kenya Reinsurance Corporation,,unknown,parastatal_land_allocation,Company/entity listed as allocated land in the Ndung'u Report,Kenya Reinsurance Corporation,,,,,1,433,annex_19_parastatals_responded.csv,,none,Kenya Reinsurance Corporation,0
annex_01_company_0867,Kenya National Hospital,,unknown,parastatal_land_allocation,Company/entity listed as allocated land in the Ndung'u Report,Kenya National Hospital,,,,,1,433,annex_19_parastatals_responded.csv,,none,Kenya National Hospital,0
annex_01_company_0868,National Water Conservation and Pipeline Corporation,,unknown,parastatal_land_allocation,Company/entity listed as allocated land in the Ndung'u Report,National Water Conservation and Pipeline Corporation,,,,,1,433,annex_19_parastatals_responded.csv,,none,National Water Conservation and Pipeline Corporation,0
annex_01_company_0869,Kenya Roads Board,,unknown,parastatal_land_allocation,Company/entity listed as allocated land in the Ndung'u Report,Kenya Roads Board,,,,,1,433,annex_19_parastatals_responded.csv,,none,Kenya Roads Board,0
annex_01_company_0870,Communication Commission of Kenya,,unknown,parastatal_land_allocation,Company/entity listed as allocated land in the Ndung'u Report,Communication Commission of Kenya,,,,,1,433,annex_19_parastatals_responded.csv,,none,Communication Commission of Kenya,0
annex_01_company_0871,Kenya Industrial Estate,,unknown,parastatal_land_allocation,Company/entity listed as allocated land in the Ndung'u Report,Kenya Industrial Estate,,,,,1,433,annex_19_parastatals_responded.csv,,none,Kenya Industrial Estate,0
annex_01_company_0872,Kenya Ports Authority,,unknown,parastatal_land_allocation,Company/entity listed as allocated land in the Ndung'u Report,Kenya Ports Authority,,,,,1,433,annex_19_parastatals_responded.csv,,none,Kenya Ports Authority,0
annex_01_company_0873,Electoral Commission of Kenya,,unknown,parastatal_land_allocation,Company/entity listed as allocated land in the Ndung'u Report,Electoral Commission of Kenya,,,,,1,433,annex_19_parastatals_responded.csv,,none,Electoral Commission of Kenya,0
annex_01_company_0874,Kenyatta University,,unknown,parastatal_land_allocation,Company/entity listed as allocated land in the Ndung'u Report,Kenyatta University,,,,,1,433,annex_19_parastatals_responded.csv,,none,Kenyatta University,0
annex_01_company_0875,Kenya Civil Aviation Authority,,unknown,parastatal_land_allocation,Company/entity listed as allocated land in the Ndung'u Report,Kenya Civil Aviation Authority,,,,,1,433,annex_19_parastatals_responded.csv,,none,Kenya Civil Aviation Authority,0
annex_01_company_0876,Kenya Revenue Aurhority,,unknown,parastatal_land_allocation,Company/entity listed as allocated land in the Ndung'u Report,Kenya Revenue Aurhority,,,,,1,433,annex_19_parastatals_responded.csv,,none,Kenya Revenue Aurhority,0
annex_01_company_0877,Kenya Railways Corporationc,,unknown,parastatal_land_allocation,Company/entity listed as allocated land in the Ndung'u Report,Kenya Railways Corporationc,,,,,1,433,annex_19_parastatals_responded.csv,,none,Kenya Railways Corporationc,0
annex_01_company_0878,National Housing Corporation,,unknown,parastatal_land_allocation,Company/entity listed as allocated land in the Ndung'u Report,National Housing Corporation,,,,,1,434,annex_19_parastatals_responded.csv,,none,National Housing Corporation,0
annex_01_company_0879,National Cereals and Produce Board,,unknown,parastatal_land_allocation,Company/entity listed as allocated land in the Ndung'u Report,National Cereals and Produce Board,,,,,1,434,annex_19_parastatals_responded.csv,,none,National Cereals and Produce Board,0
annex_01_company_0880,Lake Basin Development Authority,,unknown,parastatal_land_allocation,Company/entity listed as allocated land in the Ndung'u Report,Lake Basin Development Authority,,,,,1,434,annex_19_parastatals_responded.csv,,none,Lake Basin Development Authority,0
annex_01_company_0881,Investment Promotion Centre,,unknown,parastatal_land_allocation,Company/entity listed as allocated land in the Ndung'u Report,Investment Promotion Centre,,,,,1,434,annex_19_parastatals_responded.csv,,none,Investment Promotion Centre,0
annex_01_company_0882,Kenya Petroleum Refineries Ltd,,unknown,parastatal_land_allocation,Company/entity listed as allocated land in the Ndung'u Report,Kenya Petroleum Refineries Ltd,,,,,1,434,annex_19_parastatals_responded.csv,,none,Kenya Petroleum Refineries Ltd,0
annex_01_company_0883,Kenya Tripanosamiasis Research Institute,,unknown,parastatal_land_allocation,Company/entity listed as allocated land in the Ndung'u Report,Kenya Tripanosamiasis Research Institute,,,,,1,434,annex_19_parastatals_responded.csv,,none,Kenya Tripanosamiasis Research Institute,0
annex_01_company_0884,Industrial Development Bank,,unknown,parastatal_land_allocation,Company/entity listed as allocated land in the Ndung'u Report,Industrial Development Bank,,,,,1,434,annex_19_parastatals_responded.csv,,none,Industrial Development Bank,0
annex_01_company_0885,Kenya Marine and Fisheries Research Institute,,unknown,parastatal_land_allocation,Company/entity listed as allocated land in the Ndung'u Report,Kenya Marine and Fisheries Research Institute,,,,,1,434,annex_19_parastatals_responded.csv,,none,Kenya Marine and Fisheries Research Institute,0
annex_01_company_0886,Housing Finance Company,,unknown,parastatal_land_allocation,Company/entity listed as allocated land in the Ndung'u Report,Housing Finance Company,,,,,1,434,annex_19_parastatals_responded.csv,,none,Housing Finance Company,0
annex_01_company_0887,Kenya Technical Teachers College,,unknown,parastatal_land_allocation,Company/entity listed as allocated land in the Ndung'u Report,Kenya Technical Teachers College,,,,,1,434,annex_19_parastatals_responded.csv,,none,Kenya Technical Teachers College,0
annex_01_company_0888,Tabach Teachers College,,unknown,parastatal_land_allocation,Company/entity listed as allocated land in the Ndung'u Report,Tabach Teachers College,,,,,1,434,annex_19_parastatals_responded.csv,,none,Tabach Teachers College,0
annex_01_company_0889,Kenya Power and Lighting Company,,unknown,parastatal_land_allocation,Company/entity listed as allocated land in the Ndung'u Report,Kenya Power and Lighting Company,,,,,1,434,annex_19_parastatals_responded.csv,,none,Kenya Power and Lighting Company,0
annex_01_company_0890,Controller and Auditor General,,unknown,parastatal_land_allocation,Company/entity listed as allocated land in the Ndung'u Report,Controller and Auditor General,,,,,1,434,annex_19_parastatals_responded.csv,,none,Controller and Auditor General,0
annex_01_company_0891,Public Service Communication,,unknown,parastatal_land_allocation,Company/entity listed as allocated land in the Ndung'u Report,Public Service Communication,,,,,1,434,annex_19_parastatals_responded.csv,,none,Public Service Communication,0
annex_01_company_0892,Kenya Agricultural Research Institute,,unknown,parastatal_land_allocation,Company/entity listed as allocated land in the Ndung'u Report,Kenya Agricultural Research Institute,,,,,1,434,annex_19_parastatals_responded.csv,,none,Kenya Agricultural Research Institute,0
annex_01_company_0893,Industrial and Commercial Development Corporation,,unknown,parastatal_land_allocation,Company/entity listed as allocated land in the Ndung'u Report,Industrial and Commercial Development Corporation,,,,,1,434,annex_19_parastatals_responded.csv,,none,Industrial and Commercial Development Corporation,0
annex_01_company_0894,Inspector,,unknown,parastatal_land_allocation,Company/entity listed as allocated land in the Ndung'u Report,Inspector,,,,,1,434,annex_19_parastatals_responded.csv,,none,Inspector,0
annex_01_company_0895,Kenya Plant Health Inspectorate Services,,unknown,parastatal_land_allocation,Company/entity listed as allocated land in the Ndung'u Report,Kenya Plant Health Inspectorate Services,,,,,1,434,annex_19_parastatals_responded.csv,,none,Kenya Plant Health Inspectorate Services,0
annex_01_company_0896,Maseno University,,unknown,parastatal_land_allocation,Company/entity listed as allocated land in the Ndung'u Report,Maseno University,,,,,1,434,annex_19_parastatals_responded.csv,,none,Maseno University,0
annex_01_company_0897,Coffee Research Foundation,,unknown,parastatal_land_allocation,Company/entity listed as allocated land in the Ndung'u Report,Coffee Research Foundation,,,,,1,434,annex_19_parastatals_responded.csv,,none,Coffee Research Foundation,0
annex_01_company_0898,Agro-Chemical and Food Company,,unknown,parastatal_land_allocation,Company/entity listed as allocated land in the Ndung'u Report,Agro-Chemical and Food Company,,,,,1,434,annex_19_parastatals_responded.csv,,none,Agro-Chemical and Food Company,0
annex_01_company_0899,Pest Control Products Board,,unknown,parastatal_land_allocation,Company/entity listed as allocated land in the Ndung'u Report,Pest Control Products Board,,,,,1,434,annex_19_parastatals_responded.csv,,none,Pest Control Products Board,0
annex_01_company_0900,Pyrethrum Board Finance Corporation,,unknown,parastatal_land_allocation,Company/entity listed as allocated land in the Ndung'u Report,Pyrethrum Board Finance Corporation,,,,,1,434,annex_19_parastatals_responded.csv,,none,Pyrethrum Board Finance Corporation,0
annex_01_company_0901,Agricultural Finance Corporation,,unknown,parastatal_land_allocation,Company/entity listed as allocated land in the Ndung'u Report,Agricultural Finance Corporation,,,,,1,434,annex_19_parastatals_responded.csv,,none,Agricultural Finance Corporation,0
annex_01_company_0902,Kenya School of Law,,unknown,parastatal_land_allocation,Company/entity listed as allocated land in the Ndung'u Report,Kenya School of Law,,,,,1,434,annex_19_parastatals_responded.csv,,none,Kenya School of Law,0
annex_01_company_0903,Kenya Industrial Estates,,unknown,parastatal_land_allocation,Company/entity listed as allocated land in the Ndung'u Report,Kenya Industrial Estates,,,,,1,434,annex_19_parastatals_responded.csv,,none,Kenya Industrial Estates,0
annex_01_company_0904,Rift Valley Institute of Science and Technology,,unknown,parastatal_land_allocation,Company/entity listed as allocated land in the Ndung'u Report,Rift Valley Institute of Science and Technology,,,,,1,434,annex_19_parastatals_responded.csv,,none,Rift Valley Institute of Science and Technology,0
annex_01_company_0905,Kenya Pipeline Company,,unknown,parastatal_land_allocation,Company/entity listed as allocated land in the Ndung'u Report,Kenya Pipeline Company,,,,,1,434,annex_19_parastatals_responded.csv,,none,Kenya Pipeline Company,0
annex_01_company_0906,Kenya National Academy of Sciences,,unknown,parastatal_land_allocation,Company/entity listed as allocated land in the Ndung'u Report,Kenya National Academy of Sciences,,,,,1,434,annex_19_parastatals_responded.csv,,none,Kenya National Academy of Sciences,0
annex_01_company_0907,University of Nairobi,,unknown,parastatal_land_allocation,Company/entity listed as allocated land in the Ndung'u Report,University of Nairobi,,,,,1,434,annex_19_parastatals_responded.csv,,none,University of Nairobi,0
annex_01_company_0908,Kenya Institute of Special Education,,unknown,parastatal_land_allocation,Company/entity listed as allocated land in the Ndung'u Report,Kenya Institute of Special Education,,,,,1,435,annex_19_parastatals_responded.csv,,none,Kenya Institute of Special Education,0
annex_01_company_0909,National Social Security Fund,,unknown,parastatal_land_allocation,Company/entity listed as allocated land in the Ndung'u Report,National Social Security Fund,,,,,1,435,annex_19_parastatals_responded.csv,,none,National Social Security Fund,0
annex_01_company_0910,Telposta Pension Scheme,,unknown,parastatal_land_allocation,Company/entity listed as allocated land in the Ndung'u Report,Telposta Pension Scheme,,,,,1,435,annex_19_parastatals_responded.csv,,none,Telposta Pension Scheme,0
annex_01_company_0911,Kenya Airports Authority,,unknown,parastatal_land_allocation,Company/entity listed as allocated land in the Ndung'u Report,Kenya Airports Authority,,,,,1,435,annex_19_parastatals_responded.csv,,none,Kenya Airports Authority,0
annex_01_company_0912,National Irrigation Board,,unknown,parastatal_land_allocation,Company/entity listed as allocated land in the Ndung'u Report,National Irrigation Board,,,,,1,435,annex_19_parastatals_responded.csv,,none,National Irrigation Board,0
annex_01_company_0913,Kenya Institute of Special Education,,unknown,parastatal_land_allocation,Company/entity listed as allocated land in the Ndung'u Report,Kenya Institute of Special Education,,,,,1,435,annex_19_parastatals_responded.csv,,none,Kenya Institute of Special Education,0
annex_01_company_0914,National Social Security Fund,,unknown,parastatal_land_allocation,Company/entity listed as allocated land in the Ndung'u Report,National Social Security Fund,,,,,1,435,annex_19_parastatals_responded.csv,,none,National Social Security Fund,0
annex_01_company_0915,Kenya Airports Authority,,unknown,parastatal_land_allocation,Company/entity listed as allocated land in the Ndung'u Report,Kenya Airports Authority,,,,,1,435,annex_19_parastatals_responded.csv,,none,Kenya Airports Authority,0
annex_01_company_0916,National Irrigation Board,,unknown,parastatal_land_allocation,Company/entity listed as allocated land in the Ndung'u Report,National Irrigation Board,,,,,1,435,annex_19_parastatals_responded.csv,,none,National Irrigation Board,0
annex_01_company_0917,Ewaso Ng'iro South Basin,,unknown,parastatal_land_allocation,Company/entity listed as allocated land in the Ndung'u Report,Ewaso Ng'iro South Basin,,,,,1,436,annex_20_state_corps_not_responded.csv,,none,Ewaso Ng'iro South Basin,0
annex_01_company_0918,Kerio Valley Development Authority,,unknown,parastatal_land_allocation,Company/entity listed as allocated land in the Ndung'u Report,Kerio Valley Development Authority,,,,,1,436,annex_20_state_corps_not_responded.csv,,none,Kerio Valley Development Authority,0
annex_01_company_0919,Business Premises Rent Restriction Tribunal,,unknown,parastatal_land_allocation,Company/entity listed as allocated land in the Ndung'u Report,Business Premises Rent Restriction Tribunal,,,,,1,436,annex_20_state_corps_not_responded.csv,,none,Business Premises Rent Restriction Tribunal,0
annex_01_company_0920,Kenya Tourist Board,,unknown,parastatal_land_allocation,Company/entity listed as allocated land in the Ndung'u Report,Kenya Tourist Board,,,,,1,436,annex_20_state_corps_not_responded.csv,,none,Kenya Tourist Board,0
annex_01_company_0921,National Environment Management Authority,,unknown,parastatal_land_allocation,Company/entity listed as allocated land in the Ndung'u Report,National Environment Management Authority,,,,,1,436,annex_20_state_corps_not_responded.csv,,none,National Environment Management Authority,0
annex_01_company_0922,Nyayo Tea Zones Developement Corporation,,unknown,parastatal_land_allocation,Company/entity listed as allocated land in the Ndung'u Report,Nyayo Tea Zones Developement Corporation,,,,,1,436,annex_20_state_corps_not_responded.csv,,none,Nyayo Tea Zones Developement Corporation,0
annex_01_company_0923,Mwea Rice Mills Limited,,unknown,parastatal_land_allocation,Company/entity listed as allocated land in the Ndung'u Report,Mwea Rice Mills Limited,,,,,1,436,annex_20_state_corps_not_responded.csv,,none,Mwea Rice Mills Limited,0
annex_01_company_0924,South Nyanza Sugar Company Limited,,unknown,parastatal_land_allocation,Company/entity listed as allocated land in the Ndung'u Report,South Nyanza Sugar Company Limited,,,,,1,436,annex_20_state_corps_not_responded.csv,,none,South Nyanza Sugar Company Limited,0
annex_01_company_0925,Chemelil Sugar Company Limited,,unknown,parastatal_land_allocation,Company/entity listed as allocated land in the Ndung'u Report,Chemelil Sugar Company Limited,,,,,1,436,annex_20_state_corps_not_responded.csv,,none,Chemelil Sugar Company Limited,0
annex_01_company_0926,National Cereals & Produce Board,,unknown,parastatal_land_allocation,Company/entity listed as allocated land in the Ndung'u Report,National Cereals & Produce Board,,,,,1,436,annex_20_state_corps_not_responded.csv,,none,National Cereals & Produce Board,0
annex_01_company_0927,Agricultural Development Corpooration,,unknown,parastatal_land_allocation,Company/entity listed as allocated land in the Ndung'u Report,Agricultural Development Corpooration,,,,,1,436,annex_20_state_corps_not_responded.csv,,none,Agricultural Development Corpooration,0
annex_01_company_0928,Jomo Kenyatta Foundation,,unknown,parastatal_land_allocation,Company/entity listed as allocated land in the Ndung'u Report,Jomo Kenyatta Foundation,,,,,1,436,annex_20_state_corps_not_responded.csv,,none,Jomo Kenyatta Foundation,0
annex_01_company_0929,Kenya Literature Bureau,,unknown,parastatal_land_allocation,Company/entity listed as allocated land in the Ndung'u Report,Kenya Literature Bureau,,,,,1,436,annex_20_state_corps_not_responded.csv,,none,Kenya Literature Bureau,0
annex_01_company_0930,School Equipment Production Unit,,unknown,parastatal_land_allocation,Company/entity listed as allocated land in the Ndung'u Report,School Equipment Production Unit,,,,,1,436,annex_20_state_corps_not_responded.csv,,none,School Equipment Production Unit,0
annex_01_company_0931,Kenya medicsl Training College,,unknown,parastatal_land_allocation,Company/entity listed as allocated land in the Ndung'u Report,Kenya medicsl Training College,,,,,1,436,annex_20_state_corps_not_responded.csv,,none,Kenya medicsl Training College,0
annex_01_company_0932,Kenya Medical Reacerach Institute,,unknown,parastatal_land_allocation,Company/entity listed as allocated land in the Ndung'u Report,Kenya Medical Reacerach Institute,,,,,1,436,annex_20_state_corps_not_responded.csv,,none,Kenya Medical Reacerach Institute,0
annex_01_company_0933,Consolidated Bank of Kenya,,unknown,parastatal_land_allocation,Company/entity listed as allocated land in the Ndung'u Report,Consolidated Bank of Kenya,,,,,1,436,annex_20_state_corps_not_responded.csv,,none,Consolidated Bank of Kenya,0
annex_01_company_0934,Electricity Regulatory Board,,unknown,parastatal_land_allocation,Company/entity listed as allocated land in the Ndung'u Report,Electricity Regulatory Board,,,,,1,436,annex_20_state_corps_not_responded.csv,,none,Electricity Regulatory Board,0
annex_01_company_0935,African Dyotamite Industries,,unknown,parastatal_land_allocation,Company/entity listed as allocated land in the Ndung'u Report,African Dyotamite Industries,,,,,1,436,annex_20_state_corps_not_responded.csv,,none,African Dyotamite Industries,0
annex_01_company_0936,Cencus of Industrial Production,,unknown,parastatal_land_allocation,Company/entity listed as allocated land in the Ndung'u Report,Cencus of Industrial Production,,,,,1,436,annex_20_state_corps_not_responded.csv,,none,Cencus of Industrial Production,0
annex_01_company_0937,Central Bank of Kenya,,unknown,parastatal_land_allocation,Company/entity listed as allocated land in the Ndung'u Report,Central Bank of Kenya,,,,,1,436,annex_20_state_corps_not_responded.csv,,none,Central Bank of Kenya,0
annex_01_company_0938,Ceramic Industries,,unknown,parastatal_land_allocation,Company/entity listed as allocated land in the Ndung'u Report,Ceramic Industries,,,,,1,436,annex_20_state_corps_not_responded.csv,,none,Ceramic Industries,0
annex_01_company_0939,Cereals and Sugar Finance Corporation,,unknown,parastatal_land_allocation,Company/entity listed as allocated land in the Ndung'u Report,Cereals and Sugar Finance Corporation,,,,,1,436,annex_20_state_corps_not_responded.csv,,none,Cereals and Sugar Finance Corporation,0
annex_01_company_0940,East African Portland Cmement,,unknown,parastatal_land_allocation,Company/entity listed as allocated land in the Ndung'u Report,East African Portland Cmement,,,,,1,436,annex_20_state_corps_not_responded.csv,,none,East African Portland Cmement,0
annex_01_company_0941,Kenatco,,unknown,parastatal_land_allocation,Company/entity listed as allocated land in the Ndung'u Report,Kenatco,,,,,1,436,annex_20_state_corps_not_responded.csv,,none,Kenatco,0
annex_01_company_0942,Kenya Accountants & Secretaries National,,unknown,parastatal_land_allocation,Company/entity listed as allocated land in the Ndung'u Report,Kenya Accountants & Secretaries National,,,,,1,436,annex_20_state_corps_not_responded.csv,,none,Kenya Accountants & Secretaries National,0
annex_01_company_0943,Kenya Airways,,unknown,parastatal_land_allocation,Company/entity listed as allocated land in the Ndung'u Report,Kenya Airways,,,,,1,436,annex_20_state_corps_not_responded.csv,,none,Kenya Airways,0
annex_01_company_0944,Kenya Co-operative Creameries,,unknown,parastatal_land_allocation,Company/entity listed as allocated land in the Ndung'u Report,Kenya Co-operative Creameries,,,,,1,436,annex_20_state_corps_not_responded.csv,,none,Kenya Co-operative Creameries,0
annex_01_company_0945,Kenya Film Corpooration,,unknown,parastatal_land_allocation,Company/entity listed as allocated land in the Ndung'u Report,Kenya Film Corpooration,,,,,1,436,annex_20_state_corps_not_responded.csv,,none,Kenya Film Corpooration,0
annex_01_company_0946,Kenya Meat Commission,,unknown,parastatal_land_allocation,Company/entity listed as allocated land in the Ndung'u Report,Kenya Meat Commission,,,,,1,436,annex_20_state_corps_not_responded.csv,,none,Kenya Meat Commission,0
annex_01_company_0947,Pan-vegetable Provessors Ltd,,unknown,parastatal_land_allocation,Company/entity listed as allocated land in the Ndung'u Report,Pan-vegetable Provessors Ltd,,,,,1,436,annex_20_state_corps_not_responded.csv,,none,Pan-vegetable Provessors Ltd,0
annex_01_company_0948,Kenya National Properties,,unknown,parastatal_land_allocation,Company/entity listed as allocated land in the Ndung'u Report,Kenya National Properties,,,,,1,436,annex_20_state_corps_not_responded.csv,,none,Kenya National Properties,0
annex_01_company_0949,Local Authority Superannuation Fund,,unknown,parastatal_land_allocation,Company/entity listed as allocated land in the Ndung'u Report,Local Authority Superannuation Fund,,,,,1,436,annex_20_state_corps_not_responded.csv,,none,Local Authority Superannuation Fund,0
annex_01_company_0950,Local Government Loan's Authority,,unknown,parastatal_land_allocation,Company/entity listed as allocated land in the Ndung'u Report,Local Government Loan's Authority,,,,,1,436,annex_20_state_corps_not_responded.csv,,none,Local Government Loan's Authority,0
annex_01_company_0951,Nyayo Bus Corporation,,unknown,parastatal_land_allocation,Company/entity listed as allocated land in the Ndung'u Report,Nyayo Bus Corporation,,,,,1,436,annex_20_state_corps_not_responded.csv,,none,Nyayo Bus Corporation,0
annex_01_company_0952,Pig Industry Board,,unknown,parastatal_land_allocation,Company/entity listed as allocated land in the Ndung'u Report,Pig Industry Board,,,,,1,437,annex_20_state_corps_not_responded.csv,,none,Pig Industry Board,0
annex_01_company_0953,Mombasa Pipeline Board,,unknown,parastatal_land_allocation,Company/entity listed as allocated land in the Ndung'u Report,Mombasa Pipeline Board,,,,,1,437,annex_20_state_corps_not_responded.csv,,none,Mombasa Pipeline Board,0
annex_01_company_0954,Tea Research Foundation,,unknown,parastatal_land_allocation,Company/entity listed as allocated land in the Ndung'u Report,Tea Research Foundation,,,,,1,437,annex_20_state_corps_not_responded.csv,,none,Tea Research Foundation,0
annex_01_company_0955,Salt Manufacturers Company,,unknown,parastatal_land_allocation,Company/entity listed as allocated land in the Ndung'u Report,Salt Manufacturers Company,,,,,1,437,annex_20_state_corps_not_responded.csv,,none,Salt Manufacturers Company,0
annex_01_company_0956,Jomo Kenyatta University of Agriculture & Technology,,unknown,parastatal_land_allocation,Company/entity listed as allocated land in the Ndung'u Report,Jomo Kenyatta University of Agriculture & Technology,,,,,1,437,annex_20_state_corps_not_responded.csv,,none,Jomo Kenyatta University of Agriculture & Technology,0
annex_01_company_0957,Egerton University,,unknown,parastatal_land_allocation,Company/entity listed as allocated land in the Ndung'u Report,Egerton University,,,,,1,437,annex_20_state_corps_not_responded.csv,,none,Egerton University,0
annex_01_company_0958,Moi University,,unknown,parastatal_land_allocation,Company/entity listed as allocated land in the Ndung'u Report,Moi University,,,,,1,437,annex_20_state_corps_not_responded.csv,,none,Moi University,0
annex_21_corporation_0001,Nairobi Oil Products Ltd,,unknown,share_sale_irregularity,Government shareholding / land sale irregularity (Annex 21),Nairobi Oil Products Ltd,,,,,1,438,annex_21_government_shareholding_corporations.csv,Ownership %: 29%; Value of land: 5.5 Million; Sale price: 8750000; Land price: 5.5 Million; Method: Receivership; Date of sale: 1992; Public share after: 0; Directors at time of sale: IDB,none,Nairobi Oil Products Ltd,0
annex_21_corporation_0002,Tiger Shoes Company Ltd,,unknown,share_sale_irregularity,Government shareholding / land sale irregularity (Annex 21),Tiger Shoes Company Ltd,,,0.5277 Ha,,1,438,annex_21_government_shareholding_corporations.csv,"Ownership %: 16.70%; Value of land: 4 Million; Sale price: 9250000; Method: Receivership; Date of sale: 1993; Public share after: 0; Directors at time of sale: J.K. Gatuguta, J.G. Kihiu, J.H. Gitau, Hon. Karume, Hon. Muhuri, G.W. Karuri Gitau",none,Tiger Shoes Company Ltd,0
annex_21_corporation_0003,Yuken Textiles Ltd,,unknown,share_sale_irregularity,Government shareholding / land sale irregularity (Annex 21),Yuken Textiles Ltd,,,2.508 Ha,,1,438,annex_21_government_shareholding_corporations.csv,Ownership %: 100%; Value of land: 10.4 Million; Sale price: 14000000; Method: Receivership; Date of sale: 1993; Public share after: 0; Directors at time of sale: ICDC,none,Yuken Textiles Ltd,0
annex_21_corporation_0004,Sirikwa Hotel,,unknown,share_sale_irregularity,Government shareholding / land sale irregularity (Annex 21),Sirikwa Hotel,,,,,1,438,annex_21_government_shareholding_corporations.csv,"Ownership %: 21%; Value of land: 1.2 Million; Sale price: 70000000; Method: Receivership; Date of sale: 1993; Public share after: 0; Directors at time of sale: S.K. Arap Harisin, H. Kitur, Arap Maina, E.M. Musyoka, J.C. Kandagar, E.K. Blint, J.V.K. Arap Too, Z.K. Arap Korir, J.C. Yego",none,Sirikwa Hotel,0
annex_21_corporation_0005,Kenya Drilling Company Ltd,,unknown,share_sale_irregularity,Government shareholding / land sale irregularity (Annex 21),Kenya Drilling Company Ltd,,,,,1,438,annex_21_government_shareholding_corporations.csv,Ownership %: 100%; Value of land: 5.4 Million; Sale price: 21700000; Method: Receivership; Date of sale: 1993; Public share after: 0; Directors at time of sale: ICDC,none,Kenya Drilling Company Ltd,0
annex_21_corporation_0006,Seracoatings Limited,,unknown,share_sale_irregularity,Government shareholding / land sale irregularity (Annex 21),Seracoatings Limited,,,,,1,438,annex_21_government_shareholding_corporations.csv,Ownership %: 34%; Value of land: 45.4 Million; Sale price: 82000000; Method: Receivership; Date of sale: 1993; Public share after: 0; Directors at time of sale: IDB,none,Seracoatings Limited,0
annex_21_corporation_0007,Pan Vegetables Processors Ltd,,unknown,share_sale_irregularity,Government shareholding / land sale irregularity (Annex 21),Pan Vegetables Processors Ltd,,,292.56 Acres,,1,438,annex_21_government_shareholding_corporations.csv,Ownership %: 100%; Value of land: 70 Million; Sale price: 95000000; Method: Receivership; Date of sale: 1994; Public share after: 0; Directors at time of sale: ICDC,none,Pan Vegetables Processors Ltd,0
annex_21_corporation_0008,Kenya Taitex Mills Ltd,,unknown,share_sale_irregularity,Government shareholding / land sale irregularity (Annex 21),Kenya Taitex Mills Ltd,,,30.6 Acres,,1,439,annex_21_government_shareholding_corporations.csv,"Ownership %: 81%; Value of land: 0.93; Sale price: 81000000; Method: Receivership; Date of sale: 1994; Public share after: 0; Directors at time of sale: Brig(Rtd) P.R. Kakenyi, Mnganga, Mrs. L. Nzoka, E.K. Muntu, P/S Industry",none,Kenya Taitex Mills Ltd,0
annex_21_corporation_0009,Kenya Furfural Company Ltd,,unknown,share_sale_irregularity,Government shareholding / land sale irregularity (Annex 21),Kenya Furfural Company Ltd,,,,,1,439,annex_21_government_shareholding_corporations.csv,Ownership %: 51%; Sale price: 55800000; Method: Receivership; Date of sale: 1995; Public share after: 0; Directors at time of sale: ICDC,none,Kenya Furfural Company Ltd,0
annex_21_corporation_0010,Kenya Engineering Industries Ltd,,unknown,share_sale_irregularity,Government shareholding / land sale irregularity (Annex 21),Kenya Engineering Industries Ltd,,,4.062 Acres,,1,439,annex_21_government_shareholding_corporations.csv,"Ownership %: 50%; Sale price: 52505555; Method: Receivership; Date of sale: 1995; Public share after: 0; Directors at time of sale: w.d. Masika, ICDC, W. Tomaszewski",none,Kenya Engineering Industries Ltd,0
annex_21_corporation_0011,Synthetic Fibres (K) Ltd,,unknown,share_sale_irregularity,Government shareholding / land sale irregularity (Annex 21),Synthetic Fibres (K) Ltd,,,86.275 Acres,,1,439,annex_21_government_shareholding_corporations.csv,Ownership %: 100%; Value of land: 81.5; Sale price: 50000000; Method: Receivership; Date of sale: 1994; Public share after: 0; Directors at time of sale: ICDC,none,Synthetic Fibres (K) Ltd,0
annex_21_corporation_0012,Firestone E.A. Limited,,unknown,share_sale_irregularity,Government shareholding / land sale irregularity (Annex 21),Firestone E.A. Limited,,,93 Acres,,1,439,annex_21_government_shareholding_corporations.csv,Ownership %: 20%; Value of land: 872; Sale price: 1000000000; Method: Pre-emptive Rights; Date of sale: 1994; Public share after: 0; Directors at time of sale: Min. of Industry,none,Firestone E.A. Limited,0
annex_21_corporation_0013,Associated Battery Manufacturers Ltd.,,unknown,share_sale_irregularity,Government shareholding / land sale irregularity (Annex 21),Associated Battery Manufacturers Ltd.,,,,,1,439,annex_21_government_shareholding_corporations.csv,Ownership %: 20%; Value of land: 36; Sale price: 154336000; Method: Pre-emptive Rights; Date of sale: 1994; Public share after: 0; Directors at time of sale: Min. of Industry,none,Associated Battery Manufacturers Ltd.,0
annex_21_corporation_0014,Chloride Exide (K) Ltd.,,unknown,share_sale_irregularity,Government shareholding / land sale irregularity (Annex 21),Chloride Exide (K) Ltd.,,,,,1,439,annex_21_government_shareholding_corporations.csv,Ownership %: 41%; Sale price: 5154125; Method: Pre-emptive Rights; Date of sale: 1994; Public share after: 0; Directors at time of sale: ICDC,none,Chloride Exide (K) Ltd.,0
annex_21_corporation_0015,Kenya Fishnet Industries Ltd,,unknown,share_sale_irregularity,Government shareholding / land sale irregularity (Annex 21),Kenya Fishnet Industries Ltd,,,,,1,439,annex_21_government_shareholding_corporations.csv,Ownership %: 43%; Sale price: 2418750; Method: Pre-emptive Rights; Date of sale: 1994; Public share after: 0,none,Kenya Fishnet Industries Ltd,0
annex_21_corporation_0016,CPC Industries Ltd,,unknown,share_sale_irregularity,Government shareholding / land sale irregularity (Annex 21),CPC Industries Ltd,,,,,1,439,annex_21_government_shareholding_corporations.csv,Ownership %: 18%; Sale price: 29523530; Method: Pre-emptive Rights; Date of sale: 1994; Public share after: 0,none,CPC Industries Ltd,0
annex_21_corporation_0017,Kenya Cashewnut Limited,,unknown,share_sale_irregularity,Government shareholding / land sale irregularity (Annex 21),Kenya Cashewnut Limited,,,350 Acres,,1,439,annex_21_government_shareholding_corporations.csv,Ownership %: 76%; Sale price: 78023446; Method: Pre-emptive Rights; Date of sale: 1994; Public share after: 0,none,Kenya Cashewnut Limited,0
annex_21_corporation_0018,Africa Marine General Engineering Co. Ltd.,,unknown,share_sale_irregularity,Government shareholding / land sale irregularity (Annex 21),Africa Marine General Engineering Co. Ltd.,,,,,1,440,annex_21_government_shareholding_corporations.csv,"Sale price: 30712500; Method: Pre-emptive Rights; Date of sale: 1994; Public share after: 0; Directors at time of sale: P. Ndegwa, A.C.W. Sinclair, N.M. Mugwandia, D.N. Ndegwa, P.O. Okundi",none,Africa Marine General Engineering Co. Ltd.,0
annex_21_corporation_0019,Sanyo Armco (K) Ltd,,unknown,share_sale_irregularity,Government shareholding / land sale irregularity (Annex 21),Sanyo Armco (K) Ltd,,,,,1,440,annex_21_government_shareholding_corporations.csv,Ownership %: 34%; Value of land: 4.6; Sale price: 2521080; Method: Pre-emptive Rights; Date of sale: 1995; Public share after: 0,none,Sanyo Armco (K) Ltd,0
annex_21_corporation_0020,Booth Manufacturing Africa Ltd.,,unknown,share_sale_irregularity,Government shareholding / land sale irregularity (Annex 21),Booth Manufacturing Africa Ltd.,,,,,1,440,annex_21_government_shareholding_corporations.csv,"Ownership %: 29%; Value of land: 2.14; Sale price: 9993060; Method: Pre-emptive Rights; Date of sale: 1995; Public share after: 0; Directors at time of sale: C.M. Chandaria, V.R. Chandaria, H. Shah, S. Shah, D. Bhartia",none,Booth Manufacturing Africa Ltd.,0
annex_21_corporation_0021,Pollman's Tour & Safaris Ltd,,unknown,share_sale_irregularity,Government shareholding / land sale irregularity (Annex 21),Pollman's Tour & Safaris Ltd,,,,,1,440,annex_21_government_shareholding_corporations.csv,Ownership %: 49%; Value of land: 26.5; Sale price: 25024895; Method: Pre-emptive Rights; Date of sale: 1993; Public share after: 0,none,Pollman's Tour & Safaris Ltd,0
annex_21_corporation_0022,Nestle Foods (K) Ltd.,,unknown,share_sale_irregularity,Government shareholding / land sale irregularity (Annex 21),Nestle Foods (K) Ltd.,,,,,1,440,annex_21_government_shareholding_corporations.csv,Ownership %: 13%; Sale price: 18347750; Method: Pre-emptive Rights; Date of sale: 1993; Public share after: 0; Directors at time of sale: KTDC,none,Nestle Foods (K) Ltd.,0
annex_21_corporation_0023,Avion Export Services Ltd,,unknown,share_sale_irregularity,Government shareholding / land sale irregularity (Annex 21),Avion Export Services Ltd,,,,,1,440,annex_21_government_shareholding_corporations.csv,Ownership %: 14%; Sale price: 55000; Method: Pre-emptive Rights; Date of sale: 1993; Public share after: 0,none,Avion Export Services Ltd,0
annex_21_corporation_0024,Avon Rubber Co. (K) Ltd.,,unknown,share_sale_irregularity,Government shareholding / land sale irregularity (Annex 21),Avon Rubber Co. (K) Ltd.,,,,,1,440,annex_21_government_shareholding_corporations.csv,Ownership %: 20%; Sale price: 11949470; Method: Pre-emptive Rights; Date of sale: 1993; Public share after: 0,none,Avon Rubber Co. (K) Ltd.,0
annex_21_corporation_0025,Avon Marketing Services Ltd.,,unknown,share_sale_irregularity,Government shareholding / land sale irregularity (Annex 21),Avon Marketing Services Ltd.,,,,,1,440,annex_21_government_shareholding_corporations.csv,Ownership %: 18%; Sale price: 8078400; Method: Pre-emptive Rights; Date of sale: 1993; Public share after: 0,none,Avon Marketing Services Ltd.,0
annex_21_corporation_0026,Robinson Hotels Mombasa Ltd.,,unknown,share_sale_irregularity,Government shareholding / land sale irregularity (Annex 21),Robinson Hotels Mombasa Ltd.,,,,,1,440,annex_21_government_shareholding_corporations.csv,Ownership %: 10%; Sale price: 50234274; Method: Pre-emptive Rights; Date of sale: 1993; Public share after: 0; Directors at time of sale: KTDC,none,Robinson Hotels Mombasa Ltd.,0
annex_21_corporation_0027,Pan Afr. Hotels Ltd.,,unknown,share_sale_irregularity,Government shareholding / land sale irregularity (Annex 21),Pan Afr. Hotels Ltd.,,,4.7 Acres,,1,440,annex_21_government_shareholding_corporations.csv,Ownership %: 31%; Sale price: 63855000; Method: Pre-emptive Rights; Date of sale: 1993; Public share after: 0,none,Pan Afr. Hotels Ltd.,0
annex_21_corporation_0028,Y-fashions Ltd.,,unknown,share_sale_irregularity,Government shareholding / land sale irregularity (Annex 21),Y-fashions Ltd.,,,,,1,441,annex_21_government_shareholding_corporations.csv,Ownership %: 75%; Sale price: 4000000; Method: Pre-emptive Rights; Date of sale: 1992; Public share after: 0; Directors at time of sale: ICDC,none,Y-fashions Ltd.,0
annex_21_corporation_0029,E.A. Spinners Ltd.,,unknown,share_sale_irregularity,Government shareholding / land sale irregularity (Annex 21),E.A. Spinners Ltd.,,,7.1115 Acres,,1,441,annex_21_government_shareholding_corporations.csv,Ownership %: 75%; Value of land: 73.5; Sale price: 282000000; Method: Receivership; Date of sale: 1995; Public share after: 0; Directors at time of sale: ICDC,none,E.A. Spinners Ltd.,0
annex_21_corporation_0030,Wire Products Ltd.,,unknown,share_sale_irregularity,Government shareholding / land sale irregularity (Annex 21),Wire Products Ltd.,,,,,1,441,annex_21_government_shareholding_corporations.csv,Ownership %: 30%; Sale price: 8336250; Method: Pre-emptive Rights; Date of sale: 1995; Public share after: 0,none,Wire Products Ltd.,0
annex_21_corporation_0031,Canard Metalbox Ltd.,,unknown,share_sale_irregularity,Government shareholding / land sale irregularity (Annex 21),Canard Metalbox Ltd.,,,,,1,441,annex_21_government_shareholding_corporations.csv,Ownership %: 19%; Value of land: 87.2; Sale price: 39188000; Method: Pre-emptive Rights; Date of sale: 1995; Public share after: 0,none,Canard Metalbox Ltd.,0
annex_21_corporation_0032,Kenya Bixa Ltd.,,unknown,share_sale_irregularity,Government shareholding / land sale irregularity (Annex 21),Kenya Bixa Ltd.,,,49.98 Acres,,1,441,annex_21_government_shareholding_corporations.csv,Ownership %: 51%; Value of land: 8.9; Sale price: 35598000; Method: Pre-emptive Rights; Date of sale: 1995; Public share after: 0; Directors at time of sale: Major (Rtd) W.K. Koitaba,none,Kenya Bixa Ltd.,0
annex_21_corporation_0033,Sokoro Fibre Ltd.,,unknown,share_sale_irregularity,Government shareholding / land sale irregularity (Annex 21),Sokoro Fibre Ltd.,,,,,1,441,annex_21_government_shareholding_corporations.csv,Ownership %: 26%; Sale price: 22007700; Method: Pre-emptive Rights; Date of sale: 1995; Public share after: 0; Directors at time of sale: ICDC,none,Sokoro Fibre Ltd.,0
annex_21_corporation_0034,Embu Hotel Limited.,,unknown,share_sale_irregularity,Government shareholding / land sale irregularity (Annex 21),Embu Hotel Limited.,,,7.5 Acres,,1,441,annex_21_government_shareholding_corporations.csv,Ownership %: 29%; Value of land: 2.2; Sale price: 3117690; Method: Pre-emptive Rights; Date of sale: 1995; Public share after: 0,none,Embu Hotel Limited.,0
annex_21_corporation_0035,Kenya Bowling Centres Ltd.,,unknown,share_sale_irregularity,Government shareholding / land sale irregularity (Annex 21),Kenya Bowling Centres Ltd.,,,0.5 Acres,,1,441,annex_21_government_shareholding_corporations.csv,Ownership %: 26%; Value of land: 5.3; Sale price: 3220000; Method: Pre-emptive Rights; Date of sale: 1995; Public share after: 0,none,Kenya Bowling Centres Ltd.,0
annex_21_corporation_0036,Lion Hill Camp Ltd.,,unknown,share_sale_irregularity,Government shareholding / land sale irregularity (Annex 21),Lion Hill Camp Ltd.,,,4.13 Acres,,1,441,annex_21_government_shareholding_corporations.csv,Ownership %: 30%; Sale price: 14400000; Method: Pre-emptive Rights; Date of sale: 1995; Public share after: 0; Directors at time of sale: KTDC,none,Lion Hill Camp Ltd.,0
annex_21_corporation_0037,Kenya Fruit Processors Ltd,,unknown,share_sale_irregularity,Government shareholding / land sale irregularity (Annex 21),Kenya Fruit Processors Ltd,,,,,1,,annex_21_government_shareholding_corporations.csv,,none,Kenya Fruit Processors Ltd,0
annex_21_corporation_0038,35%,,unknown,share_sale_irregularity,Government shareholding / land sale irregularity (Annex 21),35%,,,8645000,,1,,annex_21_government_shareholding_corporations.csv,Ownership %: 6.5; Sale price: Pre-emptive Rights; Land price: 1995; Method: ADC; Date of sale: 0; Public share after: 441,none,35%,0
annex_21_corporation_0039,Nas Airport Services Ltd.,,unknown,share_sale_irregularity,Government shareholding / land sale irregularity (Annex 21),Nas Airport Services Ltd.,,,,,1,441,annex_21_government_shareholding_corporations.csv,"Ownership %: 27%; Value of land: 79.8; Sale price: 62920000; Method: Pre-emptive Rights; Date of sale: 1995; Public share after: 0; Directors at time of sale: ICDC, Dr. N. Mungai, P. Ndegwa, F.J. Addly, G.K. Moi",none,Nas Airport Services Ltd.,0
annex_21_corporation_0040,Associated Vehicle Assemblers,,unknown,share_sale_irregularity,Government shareholding / land sale irregularity (Annex 21),Associated Vehicle Assemblers,,,34 Acres,,1,441,annex_21_government_shareholding_corporations.csv,"Ownership %: 51%; Value of land: 7; Sale price: 154336000; Method: Pre-emptive Rights; Date of sale: 1996; Public share after: 0; Directors at time of sale: Peter Hughes, Lawrence Masaviru",none,Associated Vehicle Assemblers,0
annex_21_corporation_0041,Wananchi Sawmills Ltd.,,unknown,share_sale_irregularity,Government shareholding / land sale irregularity (Annex 21),Wananchi Sawmills Ltd.,,,2.4 Ha,,1,442,annex_21_government_shareholding_corporations.csv,Ownership %: 45%; Value of land: 8.8; Sale price: 15444707; Method: Pre-emptive Rights; Date of sale: 1996; Public share after: 0,none,Wananchi Sawmills Ltd.,0
annex_21_corporation_0042,Brollo Kenya Limited,,unknown,share_sale_irregularity,Government shareholding / land sale irregularity (Annex 21),Brollo Kenya Limited,,,59.5 Acres,,1,442,annex_21_government_shareholding_corporations.csv,Ownership %: 10%; Value of land: 54.5; Sale price: 35666631; Method: Pre-emptive Rights; Date of sale: 1996/2002; Public share after: 0,none,Brollo Kenya Limited,0
annex_21_corporation_0043,Kenya Shipping Agency Ltd,,unknown,share_sale_irregularity,Government shareholding / land sale irregularity (Annex 21),Kenya Shipping Agency Ltd,,,,,1,442,annex_21_government_shareholding_corporations.csv,"Ownership %: 80%; Value of land: 35.5; Sale price: 38416000; Method: Pre-emptive Rights; Date of sale: 1996; Public share after: 0; Directors at time of sale: KNTC, ICDC, D. Petit, K.S. Dawood, J.D. Muturi, A.K. Kurji",none,Kenya Shipping Agency Ltd,0
annex_21_corporation_0044,E.A. Oxygen Ltd.,,unknown,share_sale_irregularity,Government shareholding / land sale irregularity (Annex 21),E.A. Oxygen Ltd.,,,,,1,442,annex_21_government_shareholding_corporations.csv,Ownership %: 15%; Value of land: 50.7; Sale price: 42472080; Method: Public; Date of sale: 1993; Public share after: 0,none,E.A. Oxygen Ltd.,0
annex_21_corporation_0045,Bamburi Portland Cement,,unknown,share_sale_irregularity,Government shareholding / land sale irregularity (Annex 21),Bamburi Portland Cement,,,,,1,442,annex_21_government_shareholding_corporations.csv,Ownership %: 26%; Value of land: 89.6; Method: Public; Date of sale: 1991; Public share after: 0,none,Bamburi Portland Cement,0
annex_21_corporation_0046,Kisii Bottlers Ltd.,,unknown,share_sale_irregularity,Government shareholding / land sale irregularity (Annex 21),Kisii Bottlers Ltd.,,,,,1,442,annex_21_government_shareholding_corporations.csv,"Ownership %: 40%; Value of land: 16.9; Sale price: 23848470; Method: Pre-emptive Rights; Date of sale: 1997; Public share after: 0; Directors at time of sale: J.P.N. Simba, A.N. Moseti, ICDC, RVB",none,Kisii Bottlers Ltd.,0
annex_21_corporation_0047,Mt. Kenya Bottlers Ltd.,,unknown,share_sale_irregularity,Government shareholding / land sale irregularity (Annex 21),Mt. Kenya Bottlers Ltd.,,,,,1,442,annex_21_government_shareholding_corporations.csv,Ownership %: 40%; Value of land: 20.2; Method: Pre-emptive Rights; Date of sale: 1997; Public share after: 0,none,Mt. Kenya Bottlers Ltd.,0
annex_21_corporation_0048,Kenya Vehicle Manufacturers Ltd.,,unknown,share_sale_irregularity,Government shareholding / land sale irregularity (Annex 21),Kenya Vehicle Manufacturers Ltd.,,,35.285 Acres,,1,442,annex_21_government_shareholding_corporations.csv,"Ownership %: 35%; Value of land: 30 Million; Sale price: 57750000; Method: Pre-emptive Rights; Date of sale: 1997; Public share after: 0; Directors at time of sale: I.G. Kiereini, H. Forster, P.K. Jani, A. Hamilton, F.N. Musyimi, C. Njojo, C. Kulei",none,Kenya Vehicle Manufacturers Ltd.,0
annex_21_corporation_0049,Maralal Safari Lodge Ltd,,unknown,share_sale_irregularity,Government shareholding / land sale irregularity (Annex 21),Maralal Safari Lodge Ltd,,,,,1,442,annex_21_government_shareholding_corporations.csv,Ownership %: 10%; Method: Pre-emptive Rights; Date of sale: 1997; Public share after: 0,none,Maralal Safari Lodge Ltd,0
annex_21_corporation_0050,Stanbic K. Ltd.,,unknown,share_sale_irregularity,Government shareholding / land sale irregularity (Annex 21),Stanbic K. Ltd.,,,,,1,442,annex_21_government_shareholding_corporations.csv,Ownership %: 40%; Method: Pre-emptive Rights; Date of sale: 1997; Public share after: 0,none,Stanbic K. Ltd.,0
annex_21_corporation_0051,Infusion Kenya Ltd.,,unknown,share_sale_irregularity,Government shareholding / land sale irregularity (Annex 21),Infusion Kenya Ltd.,,,,,1,442,annex_21_government_shareholding_corporations.csv,"Ownership %: 13%; Sale price: 8000000; Method: Pre-emptive Rights; Date of sale: 1997; Public share after: 0; Directors at time of sale: M. Kaitany, E.T. Manasse",none,Infusion Kenya Ltd.,0
annex_21_corporation_0052,Kenya National Shipping Line Ltd.,,unknown,share_sale_irregularity,Government shareholding / land sale irregularity (Annex 21),Kenya National Shipping Line Ltd.,,,,,1,443,annex_21_government_shareholding_corporations.csv,Ownership %: 80%; Method: Pre-emptive Rights; Date of sale: 1997; Public share after: 0,none,Kenya National Shipping Line Ltd.,0
annex_21_corporation_0053,Milimani Hotels Ltd.,,unknown,share_sale_irregularity,Government shareholding / land sale irregularity (Annex 21),Milimani Hotels Ltd.,,,,,1,443,annex_21_government_shareholding_corporations.csv,"Ownership %: 49%; Value of land: 742 Million; Sale price: 80010000; Method: Pre-emptive Rights; Date of sale: 1997; Public share after: 0; Directors at time of sale: J.M. Keriri, E.M. Musyoka, Mrs. A. Ndegwa, C. Kutwa",none,Milimani Hotels Ltd.,0
annex_21_corporation_0054,Eveready Batteries Ltd.,,unknown,share_sale_irregularity,Government shareholding / land sale irregularity (Annex 21),Eveready Batteries Ltd.,,,,,1,443,annex_21_government_shareholding_corporations.csv,Ownership %: 25%; Sale price: 23041200; Method: Pre-emptive Rights; Date of sale: 1997; Public share after: 0; Directors at time of sale: ICDC,none,Eveready Batteries Ltd.,0
annex_21_corporation_0055,E.A. Industries Ltd.,,unknown,share_sale_irregularity,Government shareholding / land sale irregularity (Annex 21),E.A. Industries Ltd.,,,,,1,443,annex_21_government_shareholding_corporations.csv,Ownership %: 29%; Value of land: 657.4 Million; Sale price: 200214974; Method: Pre-emptive Rights; Date of sale: 1997; Public share after: 20.87,none,E.A. Industries Ltd.,0
annex_21_corporation_0056,Minet ICDC Insurance Brokers,,unknown,share_sale_irregularity,Government shareholding / land sale irregularity (Annex 21),Minet ICDC Insurance Brokers,,,,,1,443,annex_21_government_shareholding_corporations.csv,Ownership %: 47%; Sale price: 21275880; Method: Pre-emptive Rights; Date of sale: 1997; Public share after: 20; Directors at time of sale: ICDC,none,Minet ICDC Insurance Brokers,0
annex_21_corporation_0057,Polysynthetic E. Africa,,unknown,share_sale_irregularity,Government shareholding / land sale irregularity (Annex 21),Polysynthetic E. Africa,,,,,1,443,annex_21_government_shareholding_corporations.csv,Ownership %: 30%; Sale price: 50289030; Method: Pre-emptive Rights; Date of sale: 1997; Public share after: 0,none,Polysynthetic E. Africa,0
annex_21_corporation_0058,Kenya National Properties,,unknown,share_sale_irregularity,Government shareholding / land sale irregularity (Annex 21),Kenya National Properties,,,,,1,443,annex_21_government_shareholding_corporations.csv,Ownership %: 34%; Sale price: 124850000; Method: Pre-emptive Rights; Date of sale: 1997; Public share after: 0,none,Kenya National Properties,0
annex_21_corporation_0059,Raymond Woollen Mills Ltd.,,unknown,share_sale_irregularity,Government shareholding / land sale irregularity (Annex 21),Raymond Woollen Mills Ltd.,,,15.277 Ha,,1,443,annex_21_government_shareholding_corporations.csv,Ownership %: 11%; Value of land: 336.8 Million; Sale price: 94023438; Method: Pre-emptive Rights; Date of sale: 1996; Public share after: 0; Directors at time of sale: ICDC,none,Raymond Woollen Mills Ltd.,0
annex_21_corporation_0060,Kenya Industrial Plastics Ltd,,unknown,share_sale_irregularity,Government shareholding / land sale irregularity (Annex 21),Kenya Industrial Plastics Ltd,,,,,1,443,annex_21_government_shareholding_corporations.csv,Ownership %: 33%; Value of land: 11.8 Million; Sale price: 4224438; Method: Pre-emptive Rights; Date of sale: 1996; Public share after: 0,none,Kenya Industrial Plastics Ltd,0
annex_21_corporation_0061,National Bank of Kenya,,unknown,share_sale_irregularity,Government shareholding / land sale irregularity (Annex 21),National Bank of Kenya,,,,,1,443,annex_21_government_shareholding_corporations.csv,Ownership %: 100; Value of land: 977.2 Million; Sale price: 400000000; Method: Public; Date of sale: 1996; Public share after: 22.5,none,National Bank of Kenya,0
annex_21_corporation_0062,Mumias Sugar Company Ltd.,,unknown,share_sale_irregularity,Government shareholding / land sale irregularity (Annex 21),Mumias Sugar Company Ltd.,,,,,1,443,annex_21_government_shareholding_corporations.csv,Ownership %: 70.70%; Value of land: 102.6 Million; Date of sale: 1994/96; Public share after: 0,none,Mumias Sugar Company Ltd.,0
annex_21_corporation_0063,Homa Bay Hotel,,unknown,share_sale_irregularity,Government shareholding / land sale irregularity (Annex 21),Homa Bay Hotel,,,,,1,444,annex_21_government_shareholding_corporations.csv,"Ownership %: 99%; Value of land: O.878 Million; Sale price: 22000000; Method: Competitive; Date of sale: 1996; Public share after: 0; Directors at time of sale: Prof. Ole Karei, G.G. Njoroge, P/S Tour",none,Homa Bay Hotel,0
annex_21_corporation_0064,The Ark Ltd,,unknown,share_sale_irregularity,Government shareholding / land sale irregularity (Annex 21),The Ark Ltd,,,,,1,444,annex_21_government_shareholding_corporations.csv,"Ownership %: 6%; Value of land: 83.1 Million; Sale price: 8500000; Date of sale: 1996; Public share after: 0; Directors at time of sale: P/S Tourism, G.K. Parsaoti, M.K. Too, Sir P. Hewitt, K.M. Atkinson, M.V.A. Newman, J. Flee, F.A. Taib",none,The Ark Ltd,0
annex_21_corporation_0065,CMC Holdings,,unknown,share_sale_irregularity,Government shareholding / land sale irregularity (Annex 21),CMC Holdings,,,,,1,444,annex_21_government_shareholding_corporations.csv,Ownership %: 20%; Sale price: 20074810; Method: Public; Date of sale: 1993; Public share after: 0,none,CMC Holdings,0
annex_21_corporation_0066,KCB Ltd.,,unknown,share_sale_irregularity,Government shareholding / land sale irregularity (Annex 21),KCB Ltd.,,,,,1,444,annex_21_government_shareholding_corporations.csv,"Ownership %: 100%; Sale price: 447000000; Method: Public; Date of sale: 1990/97/98; Public share after: 35; Directors at time of sale: P/S Treasury, Investment Secretary",none,KCB Ltd.,0
annex_21_corporation_0067,Kencom House,,unknown,share_sale_irregularity,Government shareholding / land sale irregularity (Annex 21),Kencom House,,,,,1,444,annex_21_government_shareholding_corporations.csv,Ownership %: 100%; Sale price: 594000000; Method: Public; Date of sale: 1997; Public share after: 0,none,Kencom House,0
annex_21_corporation_0068,Kenya Finance Corporation,,unknown,share_sale_irregularity,Government shareholding / land sale irregularity (Annex 21),Kenya Finance Corporation,,,,,1,444,annex_21_government_shareholding_corporations.csv,Ownership %: 100%; Method: Divestiture; Date of sale: 1998; Public share after: 25,none,Kenya Finance Corporation,0
annex_21_corporation_0069,United Finance,,unknown,share_sale_irregularity,Government shareholding / land sale irregularity (Annex 21),United Finance,,,,,1,444,annex_21_government_shareholding_corporations.csv,Ownership %: 100%; Sale price: 1820000000; Method: Divestiture,none,United Finance,0
annex_21_corporation_0070,Notcutt Longaron,,unknown,share_sale_irregularity,Government shareholding / land sale irregularity (Annex 21),Notcutt Longaron,,,,,1,444,annex_21_government_shareholding_corporations.csv,Ownership %: 100%; Method: Divestiture,none,Notcutt Longaron,0
annex_21_corporation_0071,Savings & Loan,,unknown,share_sale_irregularity,Government shareholding / land sale irregularity (Annex 21),Savings & Loan,,,,,1,444,annex_21_government_shareholding_corporations.csv,Ownership %: 100%; Method: Divestiture,none,Savings & Loan,0
annex_21_corporation_0072,Investment Promotion Services,,unknown,share_sale_irregularity,Government shareholding / land sale irregularity (Annex 21),Investment Promotion Services,,,,,1,444,annex_21_government_shareholding_corporations.csv,Method: Divestiture,none,Investment Promotion Services,0
annex_21_corporation_0073,Mt. Kenya Textiles Ltd.,,unknown,share_sale_irregularity,Government shareholding / land sale irregularity (Annex 21),Mt. Kenya Textiles Ltd.,,,,,1,444,annex_21_government_shareholding_corporations.csv,"Ownership %: 100%; Value of land: 67.2 Million; Method: Share Dilution; Date of sale: 1992; Public share after: 48.5; Directors at time of sale: J.K. Sambu, P/S Treasury, DR. w. Rolf, E.N. Mukasa (Mrs.), D.F.C.K",none,Mt. Kenya Textiles Ltd.,0
annex_21_corporation_0074,Kenya Flourspar Cop. Ltd.,,unknown,share_sale_irregularity,Government shareholding / land sale irregularity (Annex 21),Kenya Flourspar Cop. Ltd.,,,,,1,445,annex_21_government_shareholding_corporations.csv,Ownership %: 50%; Sale price: 72500000; Method: Competitive Bidding; Date of sale: 1996; Public share after: 0,none,Kenya Flourspar Cop. Ltd.,0
annex_21_corporation_0075,Milling Corporation of Kenya,,unknown,share_sale_irregularity,Government shareholding / land sale irregularity (Annex 21),Milling Corporation of Kenya,,,,,1,445,annex_21_government_shareholding_corporations.csv,Ownership %: 100%; Value of land: 4.3 Million; Sale price: 150000000; Method: Competitive Bidding; Date of sale: 1994; Public share after: 0,none,Milling Corporation of Kenya,0
annex_21_corporation_0076,General Motors (K) Ltd.,,unknown,share_sale_irregularity,Government shareholding / land sale irregularity (Annex 21),General Motors (K) Ltd.,,,,,1,445,annex_21_government_shareholding_corporations.csv,Ownership %: 51%; Value of land: 464 Million; Method: Pre-emptive Rights; Date of sale: 1997; Public share after: 20,none,General Motors (K) Ltd.,0
annex_21_corporation_0077,Mepal Plastics (K) Ltd.,,unknown,share_sale_irregularity,Government shareholding / land sale irregularity (Annex 21),Mepal Plastics (K) Ltd.,,,,,1,445,annex_21_government_shareholding_corporations.csv,Ownership %: 100%; Sale price: 17000000; Method: Competitive Bidding; Date of sale: 1994; Public share after: 0,none,Mepal Plastics (K) Ltd.,0
annex_21_corporation_0078,African Diatomite Industris,,unknown,share_sale_irregularity,Government shareholding / land sale irregularity (Annex 21),African Diatomite Industris,,,200 Acres,,1,445,annex_21_government_shareholding_corporations.csv,"Ownership %: 100%; Sale price: 45000000; Method: Share Dilution; Date of sale: 1993; Public share after: 0; Directors at time of sale: D.T. Rogers, P.K. Shah, K. Maalim, Y.C. Desai",none,African Diatomite Industris,0
annex_21_corporation_0079,Salt Manufacturers (K) Ltd.,,unknown,share_sale_irregularity,Government shareholding / land sale irregularity (Annex 21),Salt Manufacturers (K) Ltd.,,,,,1,445,annex_21_government_shareholding_corporations.csv,Ownership %: 56%; Value of land: 119 Million; Sale price: 43922724; Method: Pre-emptive Rights; Date of sale: 1993; Public share after: 0,none,Salt Manufacturers (K) Ltd.,0
annex_21_corporation_0080,Kisumu Cotton Mills Ltd.,,unknown,share_sale_irregularity,Government shareholding / land sale irregularity (Annex 21),Kisumu Cotton Mills Ltd.,,,,,1,445,annex_21_government_shareholding_corporations.csv,Ownership %: 80%; Value of land: 279 Million; Sale price: 174961000; Method: Receivership; Date of sale: 1993; Public share after: 0,none,Kisumu Cotton Mills Ltd.,0
annex_21_corporation_0081,Uchumi Supermarket,,unknown,share_sale_irregularity,Government shareholding / land sale irregularity (Annex 21),Uchumi Supermarket,,,,,1,445,annex_21_government_shareholding_corporations.csv,Ownership %: 90%; Value of land: 104 Million; Sale price: 232000000; Method: Divestiture; Date of sale: 1992; Public share after: 44; Directors at time of sale: ICDC,none,Uchumi Supermarket,0
annex_21_corporation_0082,HFCK Ltd,,unknown,share_sale_irregularity,Government shareholding / land sale irregularity (Annex 21),HFCK Ltd,,,,,1,445,annex_21_government_shareholding_corporations.csv,"Ownership %: 50%; Value of land: 63 Million; Sale price: 126000000; Method: Public; Date of sale: 1992; Public share after: 30; Directors at time of sale: R.W. Mukuria, M.K. Birgen, S. Potter, R.J. Mitchell, Mr. Magari, J. Sang, K. Gatabaki, Philip Ndegwa",none,HFCK Ltd,0
annex_21_corporation_0083,Kenya Airways,,unknown,share_sale_irregularity,Government shareholding / land sale irregularity (Annex 21),Kenya Airways,,,,,1,446,annex_21_government_shareholding_corporations.csv,"Ownership %: 100%; Value of land: 176.5 Million; Sale price: 2643750000; Method: Public Floatation; Date of sale: 1996; Public share after: 23; Directors at time of sale: Brian Davies, Dr. Egachukia, Mr. S. Amos Wako, Danish Kapila, I. Omolo Okello, S. Arasa, S.W. Githaiga",none,Kenya Airways,0
annex_21_corporation_0084,Kenya Flamingo Airlines Ltd.,,unknown,share_sale_irregularity,Government shareholding / land sale irregularity (Annex 21),Kenya Flamingo Airlines Ltd.,,,,,1,446,annex_21_government_shareholding_corporations.csv,Ownership %: 100%; Date of sale: 1996,none,Kenya Flamingo Airlines Ltd.,0
annex_21_corporation_0085,Kenya Airfreight Holding Ltd.,,unknown,share_sale_irregularity,Government shareholding / land sale irregularity (Annex 21),Kenya Airfreight Holding Ltd.,,,,,1,446,annex_21_government_shareholding_corporations.csv,Ownership %: 100%; Sale price: 600000000; Method: Public; Date of sale: 1995; Public share after: 0,none,Kenya Airfreight Holding Ltd.,0
annex_21_corporation_0086,Kenya National Capital Corporation,,unknown,share_sale_irregularity,Government shareholding / land sale irregularity (Annex 21),Kenya National Capital Corporation,,,,,1,446,annex_21_government_shareholding_corporations.csv,Ownership %: 100%; Method: Public; Date of sale: 1996; Public share after: 22.5,none,Kenya National Capital Corporation,0
annex_21_corporation_0087,Mwea Cotton Ginnery,,unknown,share_sale_irregularity,Government shareholding / land sale irregularity (Annex 21),Mwea Cotton Ginnery,,,1.21 Ha,,1,446,annex_21_government_shareholding_corporations.csv,Ownership %: 100%; Sale price: 15000000; Method: Competitive; Date of sale: 1995; Public share after: 0,none,Mwea Cotton Ginnery,0
annex_21_corporation_0088,BAT Development (K) Ltd.,,unknown,share_sale_irregularity,Government shareholding / land sale irregularity (Annex 21),BAT Development (K) Ltd.,,,,,1,446,annex_21_government_shareholding_corporations.csv,Ownership %: 20%; Method: Liquidation/Winding Up; Date of sale: 1993; Public share after: 0,none,BAT Development (K) Ltd.,0
annex_21_corporation_0089,Simpson Whitelaw,,unknown,share_sale_irregularity,Government shareholding / land sale irregularity (Annex 21),Simpson Whitelaw,,,,,1,446,annex_21_government_shareholding_corporations.csv,Ownership %: 100%; Method: Liquidation/Winding Up; Date of sale: 1992; Public share after: 0,none,Simpson Whitelaw,0
annex_21_corporation_0090,Warehousing & Forwarding Co. Ltd.,,unknown,share_sale_irregularity,Government shareholding / land sale irregularity (Annex 21),Warehousing & Forwarding Co. Ltd.,,,,,1,446,annex_21_government_shareholding_corporations.csv,Ownership %: 25%; Sale price: 2437360; Method: Pre-emptive Rights; Date of sale: 1997; Public share after: 0,none,Warehousing & Forwarding Co. Ltd.,0
annex_21_corporation_0091,African Marine General Engineering Co. Ltd,,unknown,share_sale_irregularity,Government shareholding / land sale irregularity (Annex 21),African Marine General Engineering Co. Ltd,,,,,1,446,annex_21_government_shareholding_corporations.csv,Sale price: 30712500; Method: Pre-emptive Rights; Date of sale: 1994; Public share after: 0,none,African Marine General Engineering Co. Ltd,0
annex_21_corporation_0092,Highlands Paper Mills Ltd.,,unknown,share_sale_irregularity,Government shareholding / land sale irregularity (Annex 21),Highlands Paper Mills Ltd.,,,,,1,447,annex_21_government_shareholding_corporations.csv,Sale price: 875000; Method: Pre-emptive Rights; Date of sale: 1992; Public share after: 0,none,Highlands Paper Mills Ltd.,0
annex_21_corporation_0093,Hola Cotton Ginnery Ltd.,,unknown,share_sale_irregularity,Government shareholding / land sale irregularity (Annex 21),Hola Cotton Ginnery Ltd.,,,,,1,447,annex_21_government_shareholding_corporations.csv,Sale price: 15000000; Method: Competitive; Date of sale: 1995; Public share after: 0,none,Hola Cotton Ginnery Ltd.,0
annex_21_corporation_0094,Horti Seeds Co. Ltd.,,unknown,share_sale_irregularity,Government shareholding / land sale irregularity (Annex 21),Horti Seeds Co. Ltd.,,,,,1,447,annex_21_government_shareholding_corporations.csv,Method: Liquidation; Date of sale: 2003; Public share after: 0,none,Horti Seeds Co. Ltd.,0
annex_21_corporation_0095,Kenatco Taxis Ltd.,,unknown,share_sale_irregularity,Government shareholding / land sale irregularity (Annex 21),Kenatco Taxis Ltd.,,,,,1,447,annex_21_government_shareholding_corporations.csv,Method: Liquidation; Date of sale: 1993; Public share after: 0,none,Kenatco Taxis Ltd.,0
annex_21_corporation_0096,Kenchic Ltd.,,unknown,share_sale_irregularity,Government shareholding / land sale irregularity (Annex 21),Kenchic Ltd.,,,,,1,447,annex_21_government_shareholding_corporations.csv,Sale price: 4600000; Method: Pre-emptive Rights; Date of sale: 1993; Public share after: 0,none,Kenchic Ltd.,0
annex_21_corporation_0097,Kenya Film Corporation,,unknown,share_sale_irregularity,Government shareholding / land sale irregularity (Annex 21),Kenya Film Corporation,,,,,1,447,annex_21_government_shareholding_corporations.csv,Public share after: 0,none,Kenya Film Corporation,0
annex_21_corporation_0098,Kenya National Assurance Co. Ltd.,,unknown,share_sale_irregularity,Government shareholding / land sale irregularity (Annex 21),Kenya National Assurance Co. Ltd.,,,,,1,447,annex_21_government_shareholding_corporations.csv,"Date of sale: 1996; Public share after: 0; Directors at time of sale: Major (Rtd) W.K. Koitaba, Mrs. Neera W. Ghelani, Nikhil, N. Ghelani",none,Kenya National Assurance Co. Ltd.,0
annex_21_corporation_0099,Kenya Peanut Co. Ltd.,,unknown,share_sale_irregularity,Government shareholding / land sale irregularity (Annex 21),Kenya Peanut Co. Ltd.,,,,,1,447,annex_21_government_shareholding_corporations.csv,Sale price: 91807000; Method: Winding UP; Date of sale: 1992; Public share after: 0,none,Kenya Peanut Co. Ltd.,0
annex_21_corporation_0100,Kerio Valley Ginnery Ltd,,unknown,share_sale_irregularity,Government shareholding / land sale irregularity (Annex 21),Kerio Valley Ginnery Ltd,,,7.68 Ha,,1,447,annex_21_government_shareholding_corporations.csv,Date of sale: 1995; Public share after: 0,none,Kerio Valley Ginnery Ltd,0
annex_21_corporation_0101,Kibos Ginnery Ltd.,,unknown,share_sale_irregularity,Government shareholding / land sale irregularity (Annex 21),Kibos Ginnery Ltd.,,,4.1 Ha,,1,447,annex_21_government_shareholding_corporations.csv,Sale price: 8000000; Method: Competitive; Date of sale: 1996; Public share after: 0,none,Kibos Ginnery Ltd.,0
annex_21_corporation_0102,Loncom Ltd.,,unknown,share_sale_irregularity,Government shareholding / land sale irregularity (Annex 21),Loncom Ltd.,,,,,1,447,annex_21_government_shareholding_corporations.csv,Date of sale: 1996; Public share after: 0,none,Loncom Ltd.,0
annex_21_corporation_0103,Marsabit Lodge Ltd.,,unknown,share_sale_irregularity,Government shareholding / land sale irregularity (Annex 21),Marsabit Lodge Ltd.,,,20 Acres,,1,447,annex_21_government_shareholding_corporations.csv,"Ownership %: 88.70%; Sale price: 12874792; Method: Competitive Bidding; Date of sale: 1996; Public share after: 0; Directors at time of sale: T.M. Mumbo, S.M. Andowani, M.P. Nzoka, E.M. Abdililo",none,Marsabit Lodge Ltd.,0
annex_21_corporation_0104,Meru Ginnery,,unknown,share_sale_irregularity,Government shareholding / land sale irregularity (Annex 21),Meru Ginnery,,,,,1,447,annex_21_government_shareholding_corporations.csv,Ownership %: 49%; Sale price: 30000000; Date of sale: 1995; Public share after: 0,none,Meru Ginnery,0
annex_21_corporation_0105,Motor and Pedal Cycles Ltd.,,unknown,share_sale_irregularity,Government shareholding / land sale irregularity (Annex 21),Motor and Pedal Cycles Ltd.,,,,,1,448,annex_21_government_shareholding_corporations.csv,Public share after: 0,none,Motor and Pedal Cycles Ltd.,0
annex_21_corporation_0106,Mountex Ltd.,,unknown,share_sale_irregularity,Government shareholding / land sale irregularity (Annex 21),Mountex Ltd.,,,,,1,448,annex_21_government_shareholding_corporations.csv,Ownership %: 100%; Date of sale: 1992; Public share after: 48.5,none,Mountex Ltd.,0
annex_21_corporation_0107,Mutuality Investment Trust Ltd.,,unknown,share_sale_irregularity,Government shareholding / land sale irregularity (Annex 21),Mutuality Investment Trust Ltd.,,,,,1,448,annex_21_government_shareholding_corporations.csv,"Date of sale: 1993; Public share after: 0; Directors at time of sale: PS Tourism, KTDC",none,Mutuality Investment Trust Ltd.,0
annex_21_corporation_0108,Nakuru Chrome Tanning Co. Ltd.,,unknown,share_sale_irregularity,Government shareholding / land sale irregularity (Annex 21),Nakuru Chrome Tanning Co. Ltd.,,,,,1,448,annex_21_government_shareholding_corporations.csv,Public share after: 0,none,Nakuru Chrome Tanning Co. Ltd.,0
annex_21_corporation_0109,Panafric Hotel Ltd.,,unknown,share_sale_irregularity,Government shareholding / land sale irregularity (Annex 21),Panafric Hotel Ltd.,,,,,1,448,annex_21_government_shareholding_corporations.csv,Date of sale: 1993; Public share after: 0; Directors at time of sale: ps Agriculture,none,Panafric Hotel Ltd.,0
annex_21_corporation_0110,Rift Valley Textiles Mills Ltd.,,unknown,share_sale_irregularity,Government shareholding / land sale irregularity (Annex 21),Rift Valley Textiles Mills Ltd.,,,,,1,448,annex_21_government_shareholding_corporations.csv,Public share after: 0,none,Rift Valley Textiles Mills Ltd.,0
annex_21_corporation_0111,The Kericho Tea Hotel Ltd.,,unknown,share_sale_irregularity,Government shareholding / land sale irregularity (Annex 21),The Kericho Tea Hotel Ltd.,,,,,1,448,annex_21_government_shareholding_corporations.csv,Date of sale: 1991; Public share after: 0,none,The Kericho Tea Hotel Ltd.,0
annex_21_corporation_0112,United Finance Company of Kenya,,unknown,share_sale_irregularity,Government shareholding / land sale irregularity (Annex 21),United Finance Company of Kenya,,,,,1,448,annex_21_government_shareholding_corporations.csv,Method: Divestiture; Public share after: 0,none,United Finance Company of Kenya,0
annex_21_corporation_0113,Uplands Bacon Factory,,unknown,share_sale_irregularity,Government shareholding / land sale irregularity (Annex 21),Uplands Bacon Factory,,,,,1,448,annex_21_government_shareholding_corporations.csv,Date of sale: 1995; Public share after: 0; Directors at time of sale: IDB,none,Uplands Bacon Factory,0
annex_21_corporation_0114,Utalli Investments Ltd.,,unknown,share_sale_irregularity,Government shareholding / land sale irregularity (Annex 21),Utalli Investments Ltd.,,,,,1,448,annex_21_government_shareholding_corporations.csv,"Date of sale: 1997; Public share after: 0; Directors at time of sale: C. Kutwa, S.M. Mbova",none,Utalli Investments Ltd.,0
annex_19_complaint_0001,"Block 62/803, Urban land, Nairobi",,unknown,public_complaint,Public utility plot allocated to an individual.,"30/10/2003, Ayany Security Committee, P.O Box 70733-00400, Nairobi",,Nairobi Province,,,2,687,annex_19_complaints_from_the_public.csv,"S/No: 1; Planned user: Recreation; Case summary: Public utility plot allocated to an individual.; Source/complainant: 30/10/2003, Ayany Security Committee, P.O Box 70733-00400, Nairobi",none,"Complaint: Block 62/803, Urban land, Nairobi",0
annex_19_complaint_0002,"2/39, Urban land, Milimani-Nairobi",,unknown,public_complaint,The land in question originally belonged to the City Council of Nairobi and allocated to Milimani Primary School. 7.831 acres was excised from the original acreage and allocated to Anglessey Ltd. Anglessey Ltd sold the land to International Bible Students Association.,"21/10/2003, Concerned Citizens, Not indicated",,Nairobi Province,,,2,687,annex_19_complaints_from_the_public.csv,"S/No: 2; Planned user: 7.831, Primary School; Case summary: The land in question originally belonged to the City Council of Nairobi and allocated to Milimani Primary School. 7.831 acres was excised from the original acreage and allocated to Anglessey Ltd. Anglessey Ltd sold the land to International Bible Students Association.; Source/complainant: 21/10/2003, Concerned Citizens, Not indicated",none,"Complaint: 2/39, Urban land, Milimani-Nairobi",0
annex_19_complaint_0003,"Dagoreti/Uthiru/103/Portion B, Government Land, Kangemi-Kabete",,unknown,public_complaint,The land in question was part of unused land that remained after Kangemi-Uthiru dual carriage was constructed. The same was allocated to individuals. The plot had been initially compulsorily acquired for a public purpose.,"10/11/2003, Uthiru/Kinoo Jua Kali Association, P.O Box 779 Kikuyu",,Nairobi Province,,,2,687,annex_19_complaints_from_the_public.csv,"S/No: 3; Planned user: 0.47 ha, Road reserve; Case summary: The land in question was part of unused land that remained after Kangemi-Uthiru dual carriage was constructed. The same was allocated to individuals. The plot had been initially compulsorily acquired for a public purpose.; Source/complainant: 10/11/2003, Uthiru/Kinoo Jua Kali Association, P.O Box 779 Kikuyu",none,"Complaint: Dagoreti/Uthiru/103/Portion B, Government Land, Kangemi-Kabete",0
annex_19_complaint_0004,"32/209, Urban land, Golf Course Estate",,unknown,public_complaint,Public utility land allocated to an individual.,"18/10/2003, Dr. Karanja, ansell@wananchi.com",,Nairobi Province,,,2,687,annex_19_complaints_from_the_public.csv,"S/No: 4; Planned user: Golf Playground; Case summary: Public utility land allocated to an individual.; Source/complainant: 18/10/2003, Dr. Karanja, ansell@wananchi.com",none,"Complaint: 32/209, Urban land, Golf Course Estate",0
annex_19_complaint_0005,"735,704,697,750,713,696, Urban land, Nairobi",,unknown,public_complaint,Public utility plots allocated to individuals.,"18/7/2003, Jacqueline Kasolani, P.O Box 2797-00100, Nairobi",,Nairobi Province,,,2,687,annex_19_complaints_from_the_public.csv,"S/No: 5; Planned user: Road reserves; Case summary: Public utility plots allocated to individuals.; Source/complainant: 18/7/2003, Jacqueline Kasolani, P.O Box 2797-00100, Nairobi",none,"Complaint: 735,704,697,750,713,696, Urban land, Nairobi",0
annex_19_complaint_0006,"Plot No.172A-Area 2-9 Mathare, Urban land, Mathare-Nairobi",,unknown,public_complaint,The plots cited above in Mathare were set aside for Public utilities in the slum-upgrading programme. They were subsequently allocated to individuals despite the fact that they were set apart for Public utilities. Matter should be investigated to verify the facts.,"22/10/2003, Mohamed Akram, P.O Box 7579, NAIROBI",,Nairobi Province,,,2,688,annex_19_complaints_from_the_public.csv,"S/No: 6; Planned user: Non indicated; Case summary: The plots cited above in Mathare were set aside for Public utilities in the slum-upgrading programme. They were subsequently allocated to individuals despite the fact that they were set apart for Public utilities. Matter should be investigated to verify the facts.; Source/complainant: 22/10/2003, Mohamed Akram, P.O Box 7579, NAIROBI",none,"Complaint: Plot No.172A-Area 2-9 Mathare, Urban land, Mathare-Nairobi",0
annex_19_complaint_0007,"Urban land, Next to Kasarani Police Station",,unknown,public_complaint,Public land allocated to private developers who have built structures that were not approved by Nairobi City Council.,"17/10/2003, Maina Murimi, Kasarani - Nairobi",,Nairobi Province,,,2,688,annex_19_complaints_from_the_public.csv,"S/No: 7; Planned user: Secondary School; Case summary: Public land allocated to private developers who have built structures that were not approved by Nairobi City Council.; Source/complainant: 17/10/2003, Maina Murimi, Kasarani - Nairobi",none,"Complaint: Urban land, Next to Kasarani Police Station",0
annex_19_complaint_0008,"Nairobi Block 122, Urban land, Kasarani-Nairobi",,unknown,public_complaint,The plots known as Nairobi City Chicken Farm were surrendered to the Government as a Public utility plot. The plot was subsequently allocated to an individual despite the fact that it was not available for allocation.,"2/10/2003, The City Chicken Security Committee, P.O Box 50512, NAIROBI",,Nairobi Province,,,2,688,annex_19_complaints_from_the_public.csv,"S/No: 8; Planned user: Non indicated; Case summary: The plots known as Nairobi City Chicken Farm were surrendered to the Government as a Public utility plot. The plot was subsequently allocated to an individual despite the fact that it was not available for allocation.; Source/complainant: 2/10/2003, The City Chicken Security Committee, P.O Box 50512, NAIROBI",none,"Complaint: Nairobi Block 122, Urban land, Kasarani-Nairobi",0
annex_19_complaint_0009,"Government Land, Kamiti Road, about 1.5 KM from Kamiti Prison",,unknown,public_complaint,"A road reserve allocated to an individual along Kamiti Road, 1.5 kilometers from the Kamiti Prison. The grabber planted coffee along the reserve, which further blocked an access road.","17/10/2003, Andrew Ng'ang'a, P.O Box 59649-00200, Nairobi",,Nairobi Province,,,2,688,annex_19_complaints_from_the_public.csv,"S/No: 9; Planned user: Road reserve; Case summary: A road reserve allocated to an individual along Kamiti Road, 1.5 kilometers from the Kamiti Prison. The grabber planted coffee along the reserve, which further blocked an access road.; Source/complainant: 17/10/2003, Andrew Ng'ang'a, P.O Box 59649-00200, Nairobi",none,"Complaint: Government Land, Kamiti Road, about 1.5 KM from Kamiti Prison",0
annex_19_complaint_0010,"13330/611, Urban land, Garden Estate - Nairobi",,unknown,public_complaint,The plot in issue was a junction or access road to Garden Estate in Thika Road. It was subsequently allocated to individuals/corporate persons who have developed it and in the process denying residents easy access to the main road.,"27/8/2003, Garden Court Residents Association, P.O Box 7480 - 0100 Ruaraka",,Nairobi Province,,,2,689,annex_19_complaints_from_the_public.csv,"S/No: 10; Planned user: Junction to Garden Estate; Case summary: The plot in issue was a junction or access road to Garden Estate in Thika Road. It was subsequently allocated to individuals/corporate persons who have developed it and in the process denying residents easy access to the main road.; Source/complainant: 27/8/2003, Garden Court Residents Association, P.O Box 7480 - 0100 Ruaraka",none,"Complaint: 13330/611, Urban land, Garden Estate - Nairobi",0
annex_19_complaint_0011,"ICIPE BUFFER ZONE/NO.12334 PDP.No.42/31/2002/03, Urban land, Kasarani-Nairobi",,unknown,public_complaint,The area as identified in the Part Development Plan is supposed to be a buffer zone from the ICIPE Chemical Bankers. However the Nairobi City Council allocated it and a number of construction works have sprung up on the northern side of ICIPE. The owners of the building are exposed to toxic chemicals that are used by ICIPE and this poses a health hazard. This matter should be investigated to verify the facts.,"6/10/2003, ICIPE, P.O Box 49849, NAIROBI",,Nairobi Province,,,2,689,annex_19_complaints_from_the_public.csv,"S/No: 11; Planned user: Buffer Zone; Case summary: The area as identified in the Part Development Plan is supposed to be a buffer zone from the ICIPE Chemical Bankers. However the Nairobi City Council allocated it and a number of construction works have sprung up on the northern side of ICIPE. The owners of the building are exposed to toxic chemicals that are used by ICIPE and this poses a health hazard. This matter should be investigated to verify the facts.; Source/complainant: 6/10/2003, ICIPE, P.O Box 49849, NAIROBI",none,"Complaint: ICIPE BUFFER ZONE/NO.12334 PDP.No.42/31/2002/03, Urban land, Kasarani-Nairobi",0
annex_19_complaint_0012,"209/11388(21814)1,2,3-33-132, Urban land, Mathare",,unknown,public_complaint,The owners of the plots in dispute were issued with allotment letters to several parking lots as described in the land references. The plots were later allocated to other individuals.,"20/11/2003, Jisaidie Nikusaidie Group, P.O Box 77431, NAIROBI",,Nairobi Province,,,2,689,annex_19_complaints_from_the_public.csv,"S/No: 12; Planned user: Parking lots; Case summary: The owners of the plots in dispute were issued with allotment letters to several parking lots as described in the land references. The plots were later allocated to other individuals.; Source/complainant: 20/11/2003, Jisaidie Nikusaidie Group, P.O Box 77431, NAIROBI",none,"Complaint: 209/11388(21814)1,2,3-33-132, Urban land, Mathare",0
annex_19_complaint_0013,"209/14209-10-11-12-13, Urban land, Muratina Road off Gen.Waruinge Street",,unknown,public_complaint,Public utility plot meant for building a church allocated to individuals.,"11/10/2003, Fountain of Life Deliverance Ministries, P.O Box 71453, Nairobi",,Nairobi Province,,,2,689,annex_19_complaints_from_the_public.csv,"S/No: 13; Planned user: Church; Case summary: Public utility plot meant for building a church allocated to individuals.; Source/complainant: 11/10/2003, Fountain of Life Deliverance Ministries, P.O Box 71453, Nairobi",none,"Complaint: 209/14209-10-11-12-13, Urban land, Muratina Road off Gen.Waruinge Street",0
annex_19_complaint_0014,"Parcel No.3271/92 & 3271/110, Urban land, Langata",,unknown,public_complaint,Plots set aside as Public utilities allocated to individuals.,"10/10/2003, Michael Mbugua, P.O Box 5433-00100 Nairobi",,Nairobi Province,,,2,690,annex_19_complaints_from_the_public.csv,"S/No: 14; Planned user: Playground; Case summary: Plots set aside as Public utilities allocated to individuals.; Source/complainant: 10/10/2003, Michael Mbugua, P.O Box 5433-00100 Nairobi",none,"Complaint: Parcel No.3271/92 & 3271/110, Urban land, Langata",0
annex_19_complaint_0015,"209/9070 Kigali Tubni Road, Urban land, Kigali Road",,unknown,public_complaint,Kigali CurioTraders were evcted from a Public utility plot. The plot remains vacant. The status of the plot should be investigated.,"6/11/2003, Simon Thuita Muragu, P.O Box 7680-00300 NAIROBI",,Nairobi Province,,,2,690,annex_19_complaints_from_the_public.csv,"S/No: 15; Planned user: Open space; Case summary: Kigali CurioTraders were evcted from a Public utility plot. The plot remains vacant. The status of the plot should be investigated.; Source/complainant: 6/11/2003, Simon Thuita Muragu, P.O Box 7680-00300 NAIROBI",none,"Complaint: 209/9070 Kigali Tubni Road, Urban land, Kigali Road",0
annex_19_complaint_0016,"Urban land, Nairobi Langata",,unknown,public_complaint,"Further particulars should be sought, as information supplied cannot warrant a finding.","3/12/2003, Stanley Kinyeki, skinyeki@yahoo.com - Moi Estate House No.95",,Nairobi Province,,,2,690,annex_19_complaints_from_the_public.csv,"S/No: 16; Planned user: Public recreation plots; Case summary: Further particulars should be sought, as information supplied cannot warrant a finding.; Source/complainant: 3/12/2003, Stanley Kinyeki, skinyeki@yahoo.com - Moi Estate House No.95",none,"Complaint: Urban land, Nairobi Langata",0
annex_19_complaint_0017,"Plot behind 209/3715, 'B'",,unknown,public_complaint,Public land allocated to private developers. Case to investigated.,"9/1/2003, Lucy Kimeria, P.O Box 26153 - 00504, Nairobi",,Nairobi Province,,,2,690,annex_19_complaints_from_the_public.csv,"S/No: 17; Planned user: Recreational; Case summary: Public land allocated to private developers. Case to investigated.; Source/complainant: 9/1/2003, Lucy Kimeria, P.O Box 26153 - 00504, Nairobi",none,"Complaint: Plot behind 209/3715, 'B'",0
annex_19_complaint_0018,"Urban land, Huruma",,unknown,public_complaint,The plot in issue is a road reserve used by Huruma residents to access their plots. It was allocated to Wario Ahmed Agal.,"9/1/2004, Nelius Waithira Karaga, P.O Box 50288, Nairobi",,Nairobi Province,,,2,690,annex_19_complaints_from_the_public.csv,"S/No: 18; Planned user: Road reserve; Case summary: The plot in issue is a road reserve used by Huruma residents to access their plots. It was allocated to Wario Ahmed Agal.; Source/complainant: 9/1/2004, Nelius Waithira Karaga, P.O Box 50288, Nairobi",none,"Complaint: Urban land, Huruma",0
annex_19_complaint_0019,"NAIROBI/Block 891/889, Urban land, Umoja & Tena Estate, Nairobi",,unknown,public_complaint,"Public land allocated to a Veronica Njeri, a wife to a City Council Surveyor.","4/12/2003, F.K Kiragu & others. C/o Umoja residents, P.O Box 54186 00200, Nairobi",,Nairobi Province,,,2,690,annex_19_complaints_from_the_public.csv,"S/No: 19; Planned user: 0.2848 Ha, Access Road and Playground; Case summary: Public land allocated to a Veronica Njeri, a wife to a City Council Surveyor.; Source/complainant: 4/12/2003, F.K Kiragu & others. C/o Umoja residents, P.O Box 54186 00200, Nairobi",none,"Complaint: NAIROBI/Block 891/889, Urban land, Umoja & Tena Estate, Nairobi",0
annex_19_complaint_0020,"Urban land, Milimani-Nairobi",,unknown,public_complaint,Public land allocated to individuals who thereafter transfere it to International Students Bible College.,"7/1/2004, DJ Murphy, P.O Box 56310 - 00200, Nairobi",,Nairobi Province,,,2,690,annex_19_complaints_from_the_public.csv,"S/No: 20; Planned user: 7 acres, Playground for Milimani Primary School; Case summary: Public land allocated to individuals who thereafter transfere it to International Students Bible College.; Source/complainant: 7/1/2004, DJ Murphy, P.O Box 56310 - 00200, Nairobi",none,"Complaint: Urban land, Milimani-Nairobi",0
annex_19_complaint_0021,"Nairobi Block 75/1055, Urban land, Buru Buru, Nairobi",,unknown,public_complaint,Public land situated along Mumias South Road opposite the Buru Buru police station allocated to a former Nairobi City Council Officer.,"8/12/2003, Erick Were, P.O Box 3955 Nairobi",,Nairobi Province,,,2,690,annex_19_complaints_from_the_public.csv,"S/No: 21; Planned user: 5 ha, Playground; Case summary: Public land situated along Mumias South Road opposite the Buru Buru police station allocated to a former Nairobi City Council Officer.; Source/complainant: 8/12/2003, Erick Were, P.O Box 3955 Nairobi",none,"Complaint: Nairobi Block 75/1055, Urban land, Buru Buru, Nairobi",0
annex_19_complaint_0022,"Next to LR.209/13778 and LR.209/12147, Urban land, Hill - Nairobi",,unknown,public_complaint,LR.209/13778 and LR.209/12147 were curved out of 25 meters wall fronting LR.209/1107.,"19/12/2003, Racom Limited, P.O Box 43169 Nairobi",,Nairobi Province,,,2,690,annex_19_complaints_from_the_public.csv,"S/No: 22; Planned user: Access road; Case summary: LR.209/13778 and LR.209/12147 were curved out of 25 meters wall fronting LR.209/1107.; Source/complainant: 19/12/2003, Racom Limited, P.O Box 43169 Nairobi",none,"Complaint: Next to LR.209/13778 and LR.209/12147, Urban land, Hill - Nairobi",0
annex_19_complaint_0023,"BLOCK 6/42, Urban land, Karanja Road-Kibera",,unknown,public_complaint,"The following plots, formerly road reserves and riparian areas have been allocated. 91/112 to 115,91/162,254-266, 340, 341, 348, 354, 334-336, 381, 357, 350, 387, 384, 304-330, 391-394, 412-413, 414-416, 417, 433-435, 293-418, 337-339, 353, 355, 419-420.","16/12/2003, Ismail Rashid, Nairobi",,Nairobi Province,,,2,691,annex_19_complaints_from_the_public.csv,"S/No: 23; Planned user: Riparians, Access roads & reserves.; Case summary: The following plots, formerly road reserves and riparian areas have been allocated. 91/112 to 115,91/162,254-266, 340, 341, 348, 354, 334-336, 381, 357, 350, 387, 384, 304-330, 391-394, 412-413, 414-416, 417, 433-435, 293-418, 337-339, 353, 355, 419-420.; Source/complainant: 16/12/2003, Ismail Rashid, Nairobi",none,"Complaint: BLOCK 6/42, Urban land, Karanja Road-Kibera",0
annex_19_complaint_0024,"As indicated in case summary, Gigiri, Nairobi",,unknown,public_complaint,A road reserve situated along Thika Road next to Kasarani Police Station and opposite Kigwe petrol station allocated to an individual. Another road reserve along Kamiti-Githurai roundabout also allocated to an individual who built a go-down known as RIFLO.,"3/12/2003, Gigiri Village Association, P.O Box 710 Nairobi 00621",,Nairobi Province,,,2,691,annex_19_complaints_from_the_public.csv,"S/No: 24; Planned user: Road Reserve; Case summary: A road reserve situated along Thika Road next to Kasarani Police Station and opposite Kigwe petrol station allocated to an individual. Another road reserve along Kamiti-Githurai roundabout also allocated to an individual who built a go-down known as RIFLO.; Source/complainant: 3/12/2003, Gigiri Village Association, P.O Box 710 Nairobi 00621",none,"Complaint: As indicated in case summary, Gigiri, Nairobi",0
annex_19_complaint_0025,"Urban land, Thika, Kasarani-Kamiti Road",,unknown,public_complaint,"The Commissioner of Lands issued Title Number Nairobi Block 93/1429 on Mombasa Road buffer Zone thereby blocking access to LR.93/1392, 1247, 1248, 1249, 1250, 1251 and 1252. There was also double allocation.","19/12/2003, Lucy Gitonga, Lucy.Gitonga@unep.org",,Nairobi Province,,,2,691,annex_19_complaints_from_the_public.csv,"S/No: 25; Planned user: 92 & Access road, buffer zone; Case summary: The Commissioner of Lands issued Title Number Nairobi Block 93/1429 on Mombasa Road buffer Zone thereby blocking access to LR.93/1392, 1247, 1248, 1249, 1250, 1251 and 1252. There was also double allocation.; Source/complainant: 19/12/2003, Lucy Gitonga, Lucy.Gitonga@unep.org",none,"Complaint: Urban land, Thika, Kasarani-Kamiti Road",0
annex_19_complaint_0026,"Road access to 93/13 and others, Urban land, Nairobi South 'B'; opposite St.James Hospital",,unknown,public_complaint,"The owner of LR.14626, 24, 23 and 22 blocked the lower plains road cuts through LR.14620 and LR.14626.","15/12/2003, Margaret W. Nzioka, P.O Box 58983, NAIROBI",,Nairobi Province,,,2,691,annex_19_complaints_from_the_public.csv,"S/No: 26; Planned user: Access road; Case summary: The owner of LR.14626, 24, 23 and 22 blocked the lower plains road cuts through LR.14620 and LR.14626.; Source/complainant: 15/12/2003, Margaret W. Nzioka, P.O Box 58983, NAIROBI",none,"Complaint: Road access to 93/13 and others, Urban land, Nairobi South 'B'; opposite St.James Hospital",0
annex_19_complaint_0027,"14624 off Karen Road, Urban land,Karen - Nairobi",,unknown,public_complaint,Public land allocated to individuals.,"15/12/2003, C.N Maranga, P.O Box 48612, NAIROBI",,Nairobi Province,,,2,691,annex_19_complaints_from_the_public.csv,"S/No: 27; Planned user: Area; Case summary: Public land allocated to individuals.; Source/complainant: 15/12/2003, C.N Maranga, P.O Box 48612, NAIROBI",none,"Complaint: 14624 off Karen Road, Urban land,Karen - Nairobi",0
annex_19_complaint_0028,"78/868, Urban land, Buruburu Nairobi",,unknown,public_complaint,The allottee of 78/894 consolidated his plot with a road reserve to come up with 78/868.,"15/7/2003, C.N Maranga, P.O Box 48612, NAIROBI",,Nairobi Province,,,2,692,annex_19_complaints_from_the_public.csv,"S/No: 28; Planned user: 18 x 7 metres, Access road; Case summary: The allottee of 78/894 consolidated his plot with a road reserve to come up with 78/868.; Source/complainant: 15/7/2003, C.N Maranga, P.O Box 48612, NAIROBI",none,"Complaint: 78/868, Urban land, Buruburu Nairobi",0
annex_19_complaint_0029,"209/8873/2, Urban land, Muguga - Nairobi",,unknown,public_complaint,Public land set aside in Muguga Green Apartments allocated to individuals.,"29/12/2003, Muguga Green Apartments, P.O Box 41159 Nairobi, GPO",,Nairobi Province,,,2,692,annex_19_complaints_from_the_public.csv,"S/No: 29; Planned user: 0.0969 ha, Playground; Case summary: Public land set aside in Muguga Green Apartments allocated to individuals.; Source/complainant: 29/12/2003, Muguga Green Apartments, P.O Box 41159 Nairobi, GPO",none,"Complaint: 209/8873/2, Urban land, Muguga - Nairobi",0
annex_19_complaint_0030,"Behind LR.No.93/233/Nrb/93/2729-/32, 53, Urban land, South Nairobi",,unknown,public_complaint,Public utility plot used by City Council to provide main sewer line to South 'B' residents allocated to individuals who diverted the sewer line and started developing the plot.,"29/12/2003, Golden Gate Estate Association (GGEA), P.O Box 31186 - 00600 Nairobi",,Nairobi Province,,,2,692,annex_19_complaints_from_the_public.csv,"S/No: 30; Planned user: Open space, main sewer line; Case summary: Public utility plot used by City Council to provide main sewer line to South 'B' residents allocated to individuals who diverted the sewer line and started developing the plot.; Source/complainant: 29/12/2003, Golden Gate Estate Association (GGEA), P.O Box 31186 - 00600 Nairobi",none,"Complaint: Behind LR.No.93/233/Nrb/93/2729-/32, 53, Urban land, South Nairobi",0
annex_19_complaint_0031,"L.R 209/13002 in 1992, Urban land, Chiromo-Westlands",,unknown,public_complaint,Public land allocated to private developers.,"11/12/2003, Malde and Others, P.O Box 425429, Nairobi",,Nairobi Province,,,2,692,annex_19_complaints_from_the_public.csv,"S/No: 31; Planned user: Access road to Waiyaki Way; Case summary: Public land allocated to private developers.; Source/complainant: 11/12/2003, Malde and Others, P.O Box 425429, Nairobi",none,"Complaint: L.R 209/13002 in 1992, Urban land, Chiromo-Westlands",0
annex_19_complaint_0032,"Komarock I-Mbuyu Court, Urban land, Komarock - Mbuyu Court Hse No.",,unknown,public_complaint,Public land allocated to private developers.,"31/12/2003, T.K Njagi, Tknjagi@kari.org",,Nairobi Province,,,2,692,annex_19_complaints_from_the_public.csv,"S/No: 32; Planned user: Nursery School; Case summary: Public land allocated to private developers.; Source/complainant: 31/12/2003, T.K Njagi, Tknjagi@kari.org",none,"Complaint: Komarock I-Mbuyu Court, Urban land, Komarock - Mbuyu Court Hse No.",0
annex_19_complaint_0033,"Elmolo Drive - Lavington, Government Land, Lavington -Nairobi",,unknown,public_complaint,The plots in issue were road reserves set aside for expansion of the public highway. They were allocated to individuals.,"27/12/2003, Catherine & David Marks, P.O Box 25336 - 00603",,Nairobi Province,,,2,692,annex_19_complaints_from_the_public.csv,"S/No: 33; Planned user: Road reserve; Case summary: The plots in issue were road reserves set aside for expansion of the public highway. They were allocated to individuals.; Source/complainant: 27/12/2003, Catherine & David Marks, P.O Box 25336 - 00603",none,"Complaint: Elmolo Drive - Lavington, Government Land, Lavington -Nairobi",0
annex_19_complaint_0034,"Urban land, Kenyatta Market, Nairobi",,unknown,public_complaint,Public utility used by the Nairobi City Council for its sewerage lines allocated to individuals who have built a hotel.,"30/12/2003, Concerned neighbors, Not indicated",,Nairobi Province,,,2,692,annex_19_complaints_from_the_public.csv,"S/No: 34; Planned user: Sewerage lines; Case summary: Public utility used by the Nairobi City Council for its sewerage lines allocated to individuals who have built a hotel.; Source/complainant: 30/12/2003, Concerned neighbors, Not indicated",none,"Complaint: Urban land, Kenyatta Market, Nairobi",0
annex_19_complaint_0035,"Urban land, Between Yugoslavia Embassy & Vienna Court",,unknown,public_complaint,A Public utility allocated to an individual who has erected a perimeter wall around it. Investigations should be conducted to verify the facts.,"30/12/2003, Patrick Kariuki, P.O Box 48525- 00100, Nairobi",,Nairobi Province,,,2,692,annex_19_complaints_from_the_public.csv,"S/No: 35; Planned user: Sewerage lines; Case summary: A Public utility allocated to an individual who has erected a perimeter wall around it. Investigations should be conducted to verify the facts.; Source/complainant: 30/12/2003, Patrick Kariuki, P.O Box 48525- 00100, Nairobi",none,"Complaint: Urban land, Between Yugoslavia Embassy & Vienna Court",0
annex_19_complaint_0036,"Nairobi Block 32/210, Urban land, Nairobi",,unknown,public_complaint,A Public utility plot was leased to The Alliance Development Limited vide entry (1) of 01.11.74. The plot was later allocated to the Pelican Engineering and Construction Limited as Nairobi/Block 32/ 1226 which measures 0.4612 ha for a lease of 99years effective from 01.03.1992. Pelican Engineering and Construction Limited have since transferred the said plot to Seventh Day Adventist.,"30/12/2003, Bagamoyo Ngobit Close Residents, P.O Box 53055 - 00200, Nairobi",,Nairobi Province,,,2,693,annex_19_complaints_from_the_public.csv,"S/No: 36; Planned user: 0.5112 ha, Not indicated; Case summary: A Public utility plot was leased to The Alliance Development Limited vide entry (1) of 01.11.74. The plot was later allocated to the Pelican Engineering and Construction Limited as Nairobi/Block 32/ 1226 which measures 0.4612 ha for a lease of 99years effective from 01.03.1992. Pelican Engineering and Construction Limited have since transferred the said plot to Seventh Day Adventist.; Source/complainant: 30/12/2003, Bagamoyo Ngobit Close Residents, P.O Box 53055 - 00200, Nairobi",none,"Complaint: Nairobi Block 32/210, Urban land, Nairobi",0
annex_19_complaint_0037,"Parking Area serving 113 -170, Urban land, Kayole, Nairobi",,unknown,public_complaint,Parking area serving several plots in Kayole allocated to individuals.,"22/12/2003, Security Committee Kayole A1, P.O Box 2063 00100 Nairobi",,Nairobi Province,,,2,693,annex_19_complaints_from_the_public.csv,"S/No: 37; Planned user: Parking Area; Case summary: Parking area serving several plots in Kayole allocated to individuals.; Source/complainant: 22/12/2003, Security Committee Kayole A1, P.O Box 2063 00100 Nairobi",none,"Complaint: Parking Area serving 113 -170, Urban land, Kayole, Nairobi",0
annex_19_complaint_0038,"Several Public utilities of L.R.No.11239 of 1962, Urban land, Kibera, Nairobi",,unknown,public_complaint,The Presbyterian Foundation Limited amalgamated several portions of land previously set aside for public purposes combining them to form 1.1488 Ha. The Survey Map No. 81329 of LR No. 11239 of 1962 deposited in Survey Records Office in Nairobi has been tampered with to reflect these illegal allocations. The issue should be investigated to verify the facts.,"22/12/2003, Salama Community, Kibera - Nairobi",,Nairobi Province,,,2,693,annex_19_complaints_from_the_public.csv,"S/No: 38; Planned user: About 1.1488 Ha, Public purpose; Case summary: The Presbyterian Foundation Limited amalgamated several portions of land previously set aside for public purposes combining them to form 1.1488 Ha. The Survey Map No. 81329 of LR No. 11239 of 1962 deposited in Survey Records Office in Nairobi has been tampered with to reflect these illegal allocations. The issue should be investigated to verify the facts.; Source/complainant: 22/12/2003, Salama Community, Kibera - Nairobi",none,"Complaint: Several Public utilities of L.R.No.11239 of 1962, Urban land, Kibera, Nairobi",0
annex_19_complaint_0039,"Urban land, Jogoo Road Maziwa Market",,unknown,public_complaint,The plot in issue hosts hundreds of traders at Jogoo Maziwa Open-Air Market. It was allocated to an individual in 1993.,"22/12/2003, Jogoo Road Self Help Group, P.O Box 129 Makongeni-Nairobi",,Nairobi Province,,,2,693,annex_19_complaints_from_the_public.csv,"S/No: 39; Planned user: Open air market/stalls; Case summary: The plot in issue hosts hundreds of traders at Jogoo Maziwa Open-Air Market. It was allocated to an individual in 1993.; Source/complainant: 22/12/2003, Jogoo Road Self Help Group, P.O Box 129 Makongeni-Nairobi",none,"Complaint: Urban land, Jogoo Road Maziwa Market",0
annex_19_complaint_0040,"Dagoretti/Waithaka/1,298,29 1,292,293,294,295, Urban land, Waithaka",,unknown,public_complaint,Public land allocated to individuals.,"24/10/2003, Waithaka Dev. Association, P.O Box 52149, NAIROBI",,Nairobi Province,,,2,694,annex_19_complaints_from_the_public.csv,"S/No: 40; Planned user: Cemetery; Case summary: Public land allocated to individuals.; Source/complainant: 24/10/2003, Waithaka Dev. Association, P.O Box 52149, NAIROBI",none,"Complaint: Dagoretti/Waithaka/1,298,29 1,292,293,294,295, Urban land, Waithaka",0
annex_19_complaint_0041,"L.R Dagoretti/Riruta/5707, Urban land, Dagoretti",,unknown,public_complaint,Public land allocated to Seventh Day Adventist.,"10/11/2003, Riruta Muthoora Self Help, P.O Box Nairobi",,Nairobi Province,,,2,694,annex_19_complaints_from_the_public.csv,"S/No: 41; Planned user: Nursery school; Case summary: Public land allocated to Seventh Day Adventist.; Source/complainant: 10/11/2003, Riruta Muthoora Self Help, P.O Box Nairobi",none,"Complaint: L.R Dagoretti/Riruta/5707, Urban land, Dagoretti",0
annex_19_complaint_0042,"Urban land, Eastleigh-Nairobi",,unknown,public_complaint,Public land allocated to Mohammed Aden.,"28/10/2003, Eastleigh Youth, P.O Box 10388-00400 Nairobi",,Nairobi Province,,,2,694,annex_19_complaints_from_the_public.csv,"S/No: 42; Planned user: Recreation; Case summary: Public land allocated to Mohammed Aden.; Source/complainant: 28/10/2003, Eastleigh Youth, P.O Box 10388-00400 Nairobi",none,"Complaint: Urban land, Eastleigh-Nairobi",0
annex_19_complaint_0043,"209/14209-10-11-12-13, Urban land, Muratina Road off Gen.Waruinge Street",,unknown,public_complaint,Public land allocated to individuals.,"11/10/2003, Fountain of Life Deliverance Ministries, P.O Box 71453, Nairobi",,Nairobi Province,,,2,694,annex_19_complaints_from_the_public.csv,"S/No: 43; Planned user: Church; Case summary: Public land allocated to individuals.; Source/complainant: 11/10/2003, Fountain of Life Deliverance Ministries, P.O Box 71453, Nairobi",none,"Complaint: 209/14209-10-11-12-13, Urban land, Muratina Road off Gen.Waruinge Street",0
annex_19_complaint_0044,"Parcel No.3271/92 & 3271/110, Urban land, Langata-Nairobi",,unknown,public_complaint,Plots set aside as Public utilities allocated to individuals.,"10/10/2003, Michael Mbugua, P.O Box 5433 -00100 Nairobi",,Nairobi Province,,,2,694,annex_19_complaints_from_the_public.csv,"S/No: 44; Planned user: Playground; Case summary: Plots set aside as Public utilities allocated to individuals.; Source/complainant: 10/10/2003, Michael Mbugua, P.O Box 5433 -00100 Nairobi",none,"Complaint: Parcel No.3271/92 & 3271/110, Urban land, Langata-Nairobi",0
annex_19_complaint_0045,"Wetland, Gigiri - Nairobi",,unknown,public_complaint,Riparian reserve on the river that runs along Karura forest allocated to individuals. The allocation has risked area residents by exposing them to flooding.,"2.10.2003, Gigiri Village Association, P.O Box 710 Village Market - Nairobi",,Nairobi Province,,,2,694,annex_19_complaints_from_the_public.csv,"S/No: 45; Planned user: Riparian Reserve; Case summary: Riparian reserve on the river that runs along Karura forest allocated to individuals. The allocation has risked area residents by exposing them to flooding.; Source/complainant: 2.10.2003, Gigiri Village Association, P.O Box 710 Village Market - Nairobi",none,"Complaint: Wetland, Gigiri - Nairobi",0
annex_19_complaint_0046,"Plot No.221,222,223,224, 225,226,227, 74, Urban land, Nyari, Nairobi",,unknown,public_complaint,Public land allocated to individuals.,"2.10.2003, Nyari Residents Welfare Society, P.O Box 408, Village Market",,Nairobi Province,,,2,694,annex_19_complaints_from_the_public.csv,"S/No: 46; Planned user: Dam and Road Reserve; Case summary: Public land allocated to individuals.; Source/complainant: 2.10.2003, Nyari Residents Welfare Society, P.O Box 408, Village Market",none,"Complaint: Plot No.221,222,223,224, 225,226,227, 74, Urban land, Nyari, Nairobi",0
annex_19_complaint_0047,"Kabete/Kabete/T381, Urban land, Kabete",,unknown,public_complaint,The plot was a Public utility allocated to a private individual. Complaint should be investigated to ascertain the facts.,"24.9.2003, Amiel Amiel, Amielras@hotmail.com",,Nairobi Province,,,2,694,annex_19_complaints_from_the_public.csv,"S/No: 47; Planned user: Parking Area; Case summary: The plot was a Public utility allocated to a private individual. Complaint should be investigated to ascertain the facts.; Source/complainant: 24.9.2003, Amiel Amiel, Amielras@hotmail.com",none,"Complaint: Kabete/Kabete/T381, Urban land, Kabete",0
annex_19_complaint_0048,"209/13002, Urban land, Chiromo Road, Nairobi",,unknown,public_complaint,Public land allocated to individuals.,"12/9/2003, R.K. Malde, P.O Box 49544, Nairobi",,Nairobi Province,,,2,695,annex_19_complaints_from_the_public.csv,"S/No: 48; Planned user: Road Access; Case summary: Public land allocated to individuals.; Source/complainant: 12/9/2003, R.K. Malde, P.O Box 49544, Nairobi",none,"Complaint: 209/13002, Urban land, Chiromo Road, Nairobi",0
annex_19_complaint_0049,"Urban land, Old Race Course, Nairobi",,unknown,public_complaint,Public utility plots allocated to individuals by the then Deputy Mayor of Nairobi City Council.,"16.10.2003, Old Race Course Residents Association, P.O Box 31802, Nairobi",,Nairobi Province,,,2,695,annex_19_complaints_from_the_public.csv,"S/No: 49; Planned user: Non indicated; Case summary: Public utility plots allocated to individuals by the then Deputy Mayor of Nairobi City Council.; Source/complainant: 16.10.2003, Old Race Course Residents Association, P.O Box 31802, Nairobi",none,"Complaint: Urban land, Old Race Course, Nairobi",0
annex_19_complaint_0050,"Nairobi - 35538/X IV/756, Wetland, Kileleshwa",,unknown,public_complaint,A riparian reserve allocated to an individual. Details are not sufficient; the matter should be investigated to ascertain the facts.,"16/10/2003, Paul Mwangi Nderitu, P.O Box 60699, Nairobi",,Nairobi Province,,,2,695,annex_19_complaints_from_the_public.csv,"S/No: 50; Planned user: Riparian Reserve; Case summary: A riparian reserve allocated to an individual. Details are not sufficient; the matter should be investigated to ascertain the facts.; Source/complainant: 16/10/2003, Paul Mwangi Nderitu, P.O Box 60699, Nairobi",none,"Complaint: Nairobi - 35538/X IV/756, Wetland, Kileleshwa",0
annex_19_complaint_0051,"6725/66, Urban land, Ridgeways Estate",,unknown,public_complaint,Public utilities allocated to officers who formerly occupied the premises until 1992.,"2/10/2003, George Cheyne, P.O Box 4068 00100 Nairobi",,Nairobi Province,,,2,695,annex_19_complaints_from_the_public.csv,"S/No: 51; Planned user: Non indicated; Case summary: Public utilities allocated to officers who formerly occupied the premises until 1992.; Source/complainant: 2/10/2003, George Cheyne, P.O Box 4068 00100 Nairobi",none,"Complaint: 6725/66, Urban land, Ridgeways Estate",0
annex_19_complaint_0052,"L.R 90/306,307,229,558,2,12,13, Urban land, Nairobi",,unknown,public_complaint,Public land allocated to individuals.,"5/11/2003, S. Kamau, P. O. Box 8993-0300, Nairobi",,Nairobi Province,,,2,695,annex_19_complaints_from_the_public.csv,"S/No: 52; Planned user: Non indicated; Case summary: Public land allocated to individuals.; Source/complainant: 5/11/2003, S. Kamau, P. O. Box 8993-0300, Nairobi",none,"Complaint: L.R 90/306,307,229,558,2,12,13, Urban land, Nairobi",0
annex_19_complaint_0053,"116/833, Urban land, Nairobi - Zimmerman",,unknown,public_complaint,The complainant lives on the plot which was reserved as a road access and is being threatened with eviction by another individual.,"10.2.2003, Ndungu Muiruri, P.O Box 54999, Nairobi",,Nairobi Province,,,2,695,annex_19_complaints_from_the_public.csv,"S/No: 53; Planned user: Road access; Case summary: The complainant lives on the plot which was reserved as a road access and is being threatened with eviction by another individual.; Source/complainant: 10.2.2003, Ndungu Muiruri, P.O Box 54999, Nairobi",none,"Complaint: 116/833, Urban land, Nairobi - Zimmerman",0
annex_19_complaint_0054,"Kabete/Kabete 124,125,126,127,128,427, Urban land, Kabete",,unknown,public_complaint,The plots in question were Public utility parcels set aside for building of schools. The P.C.E.A church in 1989 got part of the land to build a church. Later on in the year 2000 another organization known as Christian community service encroached on the plots.,"5/11/2003, Prisons Extensions Programme, P.O Box 12394, Nairobi or 26403 Nairobi",,Nairobi Province,,,2,695,annex_19_complaints_from_the_public.csv,"S/No: 54; Planned user: School; Case summary: The plots in question were Public utility parcels set aside for building of schools. The P.C.E.A church in 1989 got part of the land to build a church. Later on in the year 2000 another organization known as Christian community service encroached on the plots.; Source/complainant: 5/11/2003, Prisons Extensions Programme, P.O Box 12394, Nairobi or 26403 Nairobi",none,"Complaint: Kabete/Kabete 124,125,126,127,128,427, Urban land, Kabete",0
annex_19_complaint_0055,"4920/3/R & 4921/3/R, Urban land,Thome Estate-Nairobi",,unknown,public_complaint,The residents of Thome Farmers Schemes whilst developing the estate set aside Public utilities. They were allocated to individuals.,"22/10/2003, Simon Kagiri Kamatu, P.O Box 65150, NAIROBI",,Nairobi Province,,,2,696,annex_19_complaints_from_the_public.csv,"S/No: 55; Planned user: Petrol station & recreation; Case summary: The residents of Thome Farmers Schemes whilst developing the estate set aside Public utilities. They were allocated to individuals.; Source/complainant: 22/10/2003, Simon Kagiri Kamatu, P.O Box 65150, NAIROBI",none,"Complaint: 4920/3/R & 4921/3/R, Urban land,Thome Estate-Nairobi",0
annex_19_complaint_0056,"219/143 Juja Road, Urban land, Juja Road, Nairobi",,unknown,public_complaint,The land in question allocated by the Commissioner of Lands and backdated to 1998 though Nairobi City Council had notified the Commissioner of Lands that it was a road reserve.,"23/9/2003, C.N Ayora, P.O Box 77021-00611, Nairobi",,Nairobi Province,,,2,696,annex_19_complaints_from_the_public.csv,"S/No: 56; Planned user: Road Reserve for Juja Road; Case summary: The land in question allocated by the Commissioner of Lands and backdated to 1998 though Nairobi City Council had notified the Commissioner of Lands that it was a road reserve.; Source/complainant: 23/9/2003, C.N Ayora, P.O Box 77021-00611, Nairobi",none,"Complaint: 219/143 Juja Road, Urban land, Juja Road, Nairobi",0
annex_19_complaint_0057,"Between Plot No. 610 and 998, Urban land, Kariobangi North",,unknown,public_complaint,An open space between Plot Nos. 610 and 998 allocated to individuals though set aside for Public utility.,"20/11/2003, Concerned Residents, Not indicated",,Nairobi Province,,,2,696,annex_19_complaints_from_the_public.csv,"S/No: 57; Planned user: Non indicated; Case summary: An open space between Plot Nos. 610 and 998 allocated to individuals though set aside for Public utility.; Source/complainant: 20/11/2003, Concerned Residents, Not indicated",none,"Complaint: Between Plot No. 610 and 998, Urban land, Kariobangi North",0
annex_19_complaint_0058,"Government Land, Kamiti Road, about 1.5 KM from the prison",,unknown,public_complaint,"A road reserve allocated to an individual along Kamiti Road, 1.5 kilometers from the Kamiti Prison. The individual planted coffee along the reserve, which further blocked an access road.","17/10/2003, Andrew Ng'ang'a, P.O Box 59649-00200 Nairobi",,Nairobi Province,,,2,696,annex_19_complaints_from_the_public.csv,"S/No: 58; Planned user: Road reserve; Case summary: A road reserve allocated to an individual along Kamiti Road, 1.5 kilometers from the Kamiti Prison. The individual planted coffee along the reserve, which further blocked an access road.; Source/complainant: 17/10/2003, Andrew Ng'ang'a, P.O Box 59649-00200 Nairobi",none,"Complaint: Government Land, Kamiti Road, about 1.5 KM from the prison",0
annex_19_complaint_0059,"Urban land, South C, Nairobi",,unknown,public_complaint,Public land situated in South C Akiba Estate between SDA Church and South C - Primary School allocated to a developer.,"7/1/2004,",,Nairobi Province,,,2,696,annex_19_complaints_from_the_public.csv,"S/No: 59; Planned user: Market Stalls; Case summary: Public land situated in South C Akiba Estate between SDA Church and South C - Primary School allocated to a developer.; Source/complainant: 7/1/2004,",none,"Complaint: Urban land, South C, Nairobi",0
annex_19_complaint_0060,"L.R 209/10282/95-F1 187/43, Urban land, Nairobi",,unknown,public_complaint,The Commissioner of Lands allocated a Public utility to and individual.,"6/1/2004, Amolak Singh, P.O Box 26297",,Nairobi Province,,,2,696,annex_19_complaints_from_the_public.csv,"S/No: 60; Planned user: Playground; Case summary: The Commissioner of Lands allocated a Public utility to and individual.; Source/complainant: 6/1/2004, Amolak Singh, P.O Box 26297",none,"Complaint: L.R 209/10282/95-F1 187/43, Urban land, Nairobi",0
annex_19_complaint_0061,"Kyoga Crescent, Kyoga Charcoal Dump, Urban land, Maringo Estate",,unknown,public_complaint,"The City Council of Nairobi allocated a Public utility plot in Maringo Estate, which had existed as an open space for 42 years despite objections from the residents.","29/9/2003, Maringo Residents Association, P.O Box 44824-00100, Nairobi",,Nairobi Province,,,2,696,annex_19_complaints_from_the_public.csv,"S/No: 61; Planned user: Not indicated; Case summary: The City Council of Nairobi allocated a Public utility plot in Maringo Estate, which had existed as an open space for 42 years despite objections from the residents.; Source/complainant: 29/9/2003, Maringo Residents Association, P.O Box 44824-00100, Nairobi",none,"Complaint: Kyoga Crescent, Kyoga Charcoal Dump, Urban land, Maringo Estate",0
annex_19_complaint_0062,"Nairobi/Block 76/579, Urban land, Buruburu III",,unknown,public_complaint,The developer of the said plot grabbed a public recreational facility for the residents of Buruburu III. He proceeded to excavate the site despite the protestations by the residents.,"19/9/2003, Buruburu Residents Association, P.O. Box 1175 Nairobi",,Nairobi Province,,,2,697,annex_19_complaints_from_the_public.csv,"S/No: 62; Planned user: Recreation; Case summary: The developer of the said plot grabbed a public recreational facility for the residents of Buruburu III. He proceeded to excavate the site despite the protestations by the residents.; Source/complainant: 19/9/2003, Buruburu Residents Association, P.O. Box 1175 Nairobi",none,"Complaint: Nairobi/Block 76/579, Urban land, Buruburu III",0
annex_19_complaint_0063,"Urban land, Nairobi Harambee Estate A and B",,unknown,public_complaint,Public land grabbed by a private developer.,"29/9/2003, Ministry of Roads & Public Works, Tel: 3740610",,Nairobi Province,,,2,697,annex_19_complaints_from_the_public.csv,"S/No: 63; Planned user: Road reserve; Case summary: Public land grabbed by a private developer.; Source/complainant: 29/9/2003, Ministry of Roads & Public Works, Tel: 3740610",none,"Complaint: Urban land, Nairobi Harambee Estate A and B",0
annex_19_complaint_0064,"Block V5 - Spine road, Kayole, Urban land, Kayole",,unknown,public_complaint,Parking area used by JUA KALI ARTISANS allocated to individuals.,"10/9/2003, Spineroad Jua Kali, P.O Box 1713, Nairobi",,Nairobi Province,,,2,697,annex_19_complaints_from_the_public.csv,"S/No: 64; Planned user: Parking lots; Case summary: Parking area used by JUA KALI ARTISANS allocated to individuals.; Source/complainant: 10/9/2003, Spineroad Jua Kali, P.O Box 1713, Nairobi",none,"Complaint: Block V5 - Spine road, Kayole, Urban land, Kayole",0
annex_19_complaint_0065,"Dandora III - Car park No.32104A, Dandora New paradise building III",,unknown,public_complaint,Public land allocated to individuals.,"19/9/2003, John Muthoga, P.O. Box 58420-02-200, Nairobi",,Nairobi Province,,,2,697,annex_19_complaints_from_the_public.csv,"S/No: 65; Planned user: Parking lots; Case summary: Public land allocated to individuals.; Source/complainant: 19/9/2003, John Muthoga, P.O. Box 58420-02-200, Nairobi",none,"Complaint: Dandora III - Car park No.32104A, Dandora New paradise building III",0
annex_19_complaint_0066,"Dandora-Plot No.171 &178,210&211, Urban land, Dandora Phase I, Nairobi",,unknown,public_complaint,Public utilities allocated to individuals.,"5/9/2003, Silvano Muraguri, 6/10/2003, P.O. Box 8332-0300-Nairobi",,Nairobi Province,,,2,697,annex_19_complaints_from_the_public.csv,"S/No: 66; Planned user: Playground and Access road; Case summary: Public utilities allocated to individuals.; Source/complainant: 5/9/2003, Silvano Muraguri, 6/10/2003, P.O. Box 8332-0300-Nairobi",none,"Complaint: Dandora-Plot No.171 &178,210&211, Urban land, Dandora Phase I, Nairobi",0
annex_19_complaint_0067,"209/14272 - Upper Hill, Urban land, Upper Hill Nairobi - Matumbato Road",,unknown,public_complaint,Land set aside for a public purpose allocated to an individual. Matter to be investigated.,"25/9/2003,Residents South Hill Mess, P.O Box 30195 Nairobi",,Nairobi Province,,,2,697,annex_19_complaints_from_the_public.csv,"S/No: 67; Planned user: Non indicated; Case summary: Land set aside for a public purpose allocated to an individual. Matter to be investigated.; Source/complainant: 25/9/2003,Residents South Hill Mess, P.O Box 30195 Nairobi",none,"Complaint: 209/14272 - Upper Hill, Urban land, Upper Hill Nairobi - Matumbato Road",0
annex_19_complaint_0068,"Plot No.209/5041,Urban land, Mahuti Crescent, Nairobi, South 'C'",,unknown,public_complaint,Public land allocated to an individual who has constructed a three-storey building at the centre of Mahuti Crescent. Matter should be investigated.,"16/9/2003, George Cheyne, P.O Box 4068 - 00100, Nairobi",,Nairobi Province,,,2,697,annex_19_complaints_from_the_public.csv,"S/No: 68; Planned user: Non indicated; Case summary: Public land allocated to an individual who has constructed a three-storey building at the centre of Mahuti Crescent. Matter should be investigated.; Source/complainant: 16/9/2003, George Cheyne, P.O Box 4068 - 00100, Nairobi",none,"Complaint: Plot No.209/5041,Urban land, Mahuti Crescent, Nairobi, South 'C'",0
annex_19_complaint_0069,"4920/3/R44921/3/R-Thika Road, Urban land, Thika",,unknown,public_complaint,Open space allocated to a church. Matter should be investigated.,"5/11/2003, Thome V Residents, Nairobi",,Nairobi Province,,,2,697,annex_19_complaints_from_the_public.csv,"S/No: 69; Planned user: Open space; Case summary: Open space allocated to a church. Matter should be investigated.; Source/complainant: 5/11/2003, Thome V Residents, Nairobi",none,"Complaint: 4920/3/R44921/3/R-Thika Road, Urban land, Thika",0
annex_19_complaint_0070,"L.R 12672/189,153,151, 12672/189 - 5 acres, 12672/153 - 1 acre, 12672/151 - 1 acre, Primary school, Nursery school, Health Centre, Urban land, Kigwaru Estate next to Runda Nairobi",,unknown,public_complaint,"Geoffrey Asanyo charged Plot Nos.12672/189 and 12672/151 to Co-operative Bank of Kenya. Plot No.12672/159 secured kshs.2, 400,000 and Plot No.12672/189 secured 12,000,000. Plot No.12672/153 was transferred to Jane Wangui Magondu for Kshs.500,000. Wakam Enterprises has been allocated L.R.No.12672/53 for Kshs.1,000,000.","23/10/2003, Ite Farmers Co-operative Society Ltd., P.O Box 42041, Nairobi",,Nairobi Province,,,2,698,annex_19_complaints_from_the_public.csv,"S/No: 70; Planned user: 12672/189 - 5 acres, 12672/153 - 1 acre, 12672/151 - 1 acre, Primary school, Nursery school, Health Centre; Case summary: Geoffrey Asanyo charged Plot Nos.12672/189 and 12672/151 to Co-operative Bank of Kenya. Plot No.12672/159 secured kshs.2, 400,000 and Plot No.12672/189 secured 12,000,000. Plot No.12672/153 was transferred to Jane Wangui Magondu for Kshs.500,000. Wakam Enterprises has been allocated L.R.No.12672/53 for Kshs.1,000,000.; Source/complainant: 23/10/2003, Ite Farmers Co-operative Society Ltd., P.O Box 42041, Nairobi",none,"Complaint: L.R 12672/189,153,151, 12672/189 - 5 acres, 12672/153 - 1 acre, 12672/151 - 1 acre, Primary school, Nursery school, Health Centre, Urban land, Kigwaru Estate next to Runda Nairobi",0
annex_19_complaint_0071,"Forest land (Ngong Forest), Next to St. Mary's Hospital/Dog section (Nairobi)",,unknown,public_complaint,Forest land allocated to private developers. Matter to be investigated.,"23/10/2003,Concerned City Residents, Not indicated",,Nairobi Province,,,2,698,annex_19_complaints_from_the_public.csv,"S/No: 71; Planned user: Forest; Case summary: Forest land allocated to private developers. Matter to be investigated.; Source/complainant: 23/10/2003,Concerned City Residents, Not indicated",none,"Complaint: Forest land (Ngong Forest), Next to St. Mary's Hospital/Dog section (Nairobi)",0
annex_19_complaint_0072,"Nairobi Block 122 Kasarani, Urban land, Kasarani - Nairobi",,unknown,public_complaint,Land surrendered to the Government for public purposes sub divided and allocated to individuals. Matter to be investigated.,"9/2/2004,John Muriithi, P.O Box 50512, Nairobi",,Nairobi Province,,,2,698,annex_19_complaints_from_the_public.csv,"S/No: 72; Planned user: Road reserves; Case summary: Land surrendered to the Government for public purposes sub divided and allocated to individuals. Matter to be investigated.; Source/complainant: 9/2/2004,John Muriithi, P.O Box 50512, Nairobi",none,"Complaint: Nairobi Block 122 Kasarani, Urban land, Kasarani - Nairobi",0
annex_19_complaint_0073,"Ngundu Nairobi Block 126, Urban land, Ngundu - Nairobi (Ruai)",,unknown,public_complaint,Title deed issued over Public land to Mr. Muriithi.,"28/1/2004, Area Residents, Not indicated",,Nairobi Province,,,2,698,annex_19_complaints_from_the_public.csv,"S/No: 73; Planned user: 15 acres, Primary School & Health Centre; Case summary: Title deed issued over Public land to Mr. Muriithi.; Source/complainant: 28/1/2004, Area Residents, Not indicated",none,"Complaint: Ngundu Nairobi Block 126, Urban land, Ngundu - Nairobi (Ruai)",0
annex_19_complaint_0074,"L.R 8947 Karen, Urban land, Karen Shopping Centre",,unknown,public_complaint,A Public utility plot adjacent to Horseman Restaurant situated in Karen Shopping Centre allocated to individual. Matter to be investigated.,"30/1/2004, Karen & Langata District Association, P.O Box 15226, 0059 Langata",,Nairobi Province,,,2,698,annex_19_complaints_from_the_public.csv,"S/No: 74; Planned user: Public utility plot; Case summary: A Public utility plot adjacent to Horseman Restaurant situated in Karen Shopping Centre allocated to individual. Matter to be investigated.; Source/complainant: 30/1/2004, Karen & Langata District Association, P.O Box 15226, 0059 Langata",none,"Complaint: L.R 8947 Karen, Urban land, Karen Shopping Centre",0
annex_19_complaint_0075,"209/13778, 209/12147, Urban land, Hill Area - Nairobi",,unknown,public_complaint,Plot LR.NO.209/13778 and LR.209/12147 were curved out of 25 metres road LR.209/11077 at Hill area - Nairobi. Matter to be investigated.,"19/12/2003, Racom Limited, P.O Box 43169 Nairobi",,Nairobi Province,,,2,699,annex_19_complaints_from_the_public.csv,"S/No: 75; Planned user: Road reserve; Case summary: Plot LR.NO.209/13778 and LR.209/12147 were curved out of 25 metres road LR.209/11077 at Hill area - Nairobi. Matter to be investigated.; Source/complainant: 19/12/2003, Racom Limited, P.O Box 43169 Nairobi",none,"Complaint: 209/13778, 209/12147, Urban land, Hill Area - Nairobi",0
annex_19_complaint_0076,"Plot No.209, Urban land, Sungura Road South 'C'",,unknown,public_complaint,Public land allocated to an individual. Matter to be investigated.,"22/1/2004, Concerned Residents, South C - Kaisungur Road",,Nairobi Province,,,2,699,annex_19_complaints_from_the_public.csv,"S/No: 76; Planned user: 0.2018 ha, Parking Area; Case summary: Public land allocated to an individual. Matter to be investigated.; Source/complainant: 22/1/2004, Concerned Residents, South C - Kaisungur Road",none,"Complaint: Plot No.209, Urban land, Sungura Road South 'C'",0
annex_19_complaint_0077,"209/12596, Urban land, South 'C' Nairobi",,unknown,public_complaint,Public land subdivided and allocated to private developers.,"22/1/2004, South 'C' Registered Owners, P.O Box 26679 - 00504 Nairobi",,Nairobi Province,,,2,699,annex_19_complaints_from_the_public.csv,"S/No: 77; Planned user: Road reserve; Case summary: Public land subdivided and allocated to private developers.; Source/complainant: 22/1/2004, South 'C' Registered Owners, P.O Box 26679 - 00504 Nairobi",none,"Complaint: 209/12596, Urban land, South 'C' Nairobi",0
annex_19_complaint_0078,"209/10684, Urban land, Madaraka Estate, Nairobi",,unknown,public_complaint,The road is an extension of Ole Sangale Road that links Strathmore University. A block of flats neighboring the University took it up. Matter to be investigated.,"22/1/2004, Strathmore University, P.O Box 59857 00200 Nairobi",,Nairobi Province,,,2,699,annex_19_complaints_from_the_public.csv,"S/No: 78; Planned user: Road reserve; Case summary: The road is an extension of Ole Sangale Road that links Strathmore University. A block of flats neighboring the University took it up. Matter to be investigated.; Source/complainant: 22/1/2004, Strathmore University, P.O Box 59857 00200 Nairobi",none,"Complaint: 209/10684, Urban land, Madaraka Estate, Nairobi",0
annex_19_complaint_0079,"209/10774 & 209/11613, Urban land, Madaraka Estate, Nairobi",,unknown,public_complaint,"Public land allocated to private developers. Allottees have also encroached on to the buffer zone, which is situated nearby.","22/1/2004, Strathmore University, P.O Box 59857 00200 Nairobi",,Nairobi Province,,,2,699,annex_19_complaints_from_the_public.csv,"S/No: 79; Planned user: 0.0338 ha, Access road to LR.209/9055,209/9062,209/9065; Case summary: Public land allocated to private developers. Allottees have also encroached on to the buffer zone, which is situated nearby.; Source/complainant: 22/1/2004, Strathmore University, P.O Box 59857 00200 Nairobi",none,"Complaint: 209/10774 & 209/11613, Urban land, Madaraka Estate, Nairobi",0
annex_19_complaint_0080,"209/14688, Urban land, Madaraka Shopping Centre",,unknown,public_complaint,Public land allocated to private developers.,"27/1/2004, Madaraka Landlords Association, P.O Box 73105, Nairobi",,Nairobi Province,,,2,699,annex_19_complaints_from_the_public.csv,"S/No: 80; Planned user: 0.1545 ha, Access road; Case summary: Public land allocated to private developers.; Source/complainant: 27/1/2004, Madaraka Landlords Association, P.O Box 73105, Nairobi",none,"Complaint: 209/14688, Urban land, Madaraka Shopping Centre",0
annex_19_complaint_0081,"75190, Urban land, Road branching off Processed Way opposite Alico Building",,unknown,public_complaint,Public land allocated to individuals.,"27/1/2004, Concerned Residents, Not indicated",,Nairobi Province,,,2,699,annex_19_complaints_from_the_public.csv,"S/No: 81; Planned user: Road reserve; Case summary: Public land allocated to individuals.; Source/complainant: 27/1/2004, Concerned Residents, Not indicated",none,"Complaint: 75190, Urban land, Road branching off Processed Way opposite Alico Building",0
annex_19_complaint_0082,"Block 60/470,471,472, Urban land, Langata - Nairobi",,unknown,public_complaint,Public land allocated to individuals who want to evict the World Outreach Centre who have been using the land.,"27/1/2004, World Outreach Christian Centre, P.O Box 3091-00200 Nairobi",,Nairobi Province,,,2,700,annex_19_complaints_from_the_public.csv,"S/No: 82; Planned user: Church; Case summary: Public land allocated to individuals who want to evict the World Outreach Centre who have been using the land.; Source/complainant: 27/1/2004, World Outreach Christian Centre, P.O Box 3091-00200 Nairobi",none,"Complaint: Block 60/470,471,472, Urban land, Langata - Nairobi",0
annex_19_complaint_0083,"11307, Urban land, Mukuru Kwa Njenga Nairobi",,unknown,public_complaint,Part of Public land allocated to individuals.,"17/10/2003, CBO's Mukuru Kwa Njenga & Kware Village, P.O Box 44587 - 00100 Nairobi",,Nairobi Province,,,2,700,annex_19_complaints_from_the_public.csv,"S/No: 83; Planned user: Open Air Market; Case summary: Part of Public land allocated to individuals.; Source/complainant: 17/10/2003, CBO's Mukuru Kwa Njenga & Kware Village, P.O Box 44587 - 00100 Nairobi",none,"Complaint: 11307, Urban land, Mukuru Kwa Njenga Nairobi",0
annex_19_complaint_0084,"Urban land, Uthiru High School, Kapenguria Road Kabete",,unknown,public_complaint,In unexplainable circumstances the plot in question was transferred to a Mr. Kariuki Wambagi who swapped it with his 1 1/2 acres land.,"19/12/2003, Samuel K. Kahara, C/O Uthiru Primary School, P.O Upper Kabete",,Nairobi Province,,,2,700,annex_19_complaints_from_the_public.csv,"S/No: 84; Planned user: 6 acres, Expansion of Uthiru High School; Case summary: In unexplainable circumstances the plot in question was transferred to a Mr. Kariuki Wambagi who swapped it with his 1 1/2 acres land.; Source/complainant: 19/12/2003, Samuel K. Kahara, C/O Uthiru Primary School, P.O Upper Kabete",none,"Complaint: Urban land, Uthiru High School, Kapenguria Road Kabete",0
annex_19_complaint_0085,"Nairobi Block.60/494,72/276,56,139 & 60/400/44, Urban land, Nairobi",,unknown,public_complaint,The SDA Church has encroached upon a site used by the Jua Kali Artisans and claimed it. This site encroaches into a road reserve.,"14/1/2004, Mugumo-ini Open Air Garage, P.O Box 51946. Nairobi",,Nairobi Province,,,2,700,annex_19_complaints_from_the_public.csv,"S/No: 85; Planned user: 0.4414 Ha, Road Reserve,Markets, Parking Space & Petrol Station allocated without consultation; Case summary: The SDA Church has encroached upon a site used by the Jua Kali Artisans and claimed it. This site encroaches into a road reserve.; Source/complainant: 14/1/2004, Mugumo-ini Open Air Garage, P.O Box 51946. Nairobi",none,"Complaint: Nairobi Block.60/494,72/276,56,139 & 60/400/44, Urban land, Nairobi",0
annex_19_complaint_0086,"209/53, Urban land, Kaisungor Road off Muhoho Avenue opposite Khalsa Boys & Girls School",,unknown,public_complaint,Public land allocated to a private developer. Matter to be investigated.,"13/1/2004, M.J Fernades, P.O Box 43481, Nairobi",,Nairobi Province,,,2,700,annex_19_complaints_from_the_public.csv,"S/No: 86; Planned user: Playground; Case summary: Public land allocated to a private developer. Matter to be investigated.; Source/complainant: 13/1/2004, M.J Fernades, P.O Box 43481, Nairobi",none,"Complaint: 209/53, Urban land, Kaisungor Road off Muhoho Avenue opposite Khalsa Boys & Girls School",0
annex_19_complaint_0087,"Urban land, next to Army Barracks - Nairobi",,unknown,public_complaint,Road reserve allocated to private developers who have constructed shops on it. Matter to be investigated.,"16/2/2004, Association for the Physically Disabled of Kenya, P.O Box 46747 - 00100, Nairobi",,Nairobi Province,,,2,700,annex_19_complaints_from_the_public.csv,"S/No: 87; Planned user: Road Reserve; Case summary: Road reserve allocated to private developers who have constructed shops on it. Matter to be investigated.; Source/complainant: 16/2/2004, Association for the Physically Disabled of Kenya, P.O Box 46747 - 00100, Nairobi",none,"Complaint: Urban land, next to Army Barracks - Nairobi",0
annex_19_complaint_0088,"Originally - LR.No.209/11074 Currently - LR.No.209/127/60, Wetland, Nairobi",,unknown,public_complaint,The plot in question fronts river Kichwa Kubwa. Approval of the plan for the construction of flats on the riparian reserve was based on inaccurate information on the distances between the highest watermark (Beacons B3 and B2) and the river. Matter to be investigated.,"16/2/2004,Galana Court Management Ltd, Pharaohs Court, Galana Road, Kilimani, Nairobi",,Nairobi Province,,,2,701,annex_19_complaints_from_the_public.csv,"S/No: 88; Planned user: Riparian Reserve; Case summary: The plot in question fronts river Kichwa Kubwa. Approval of the plan for the construction of flats on the riparian reserve was based on inaccurate information on the distances between the highest watermark (Beacons B3 and B2) and the river. Matter to be investigated.; Source/complainant: 16/2/2004,Galana Court Management Ltd, Pharaohs Court, Galana Road, Kilimani, Nairobi",none,"Complaint: Originally - LR.No.209/11074 Currently - LR.No.209/127/60, Wetland, Nairobi",0
annex_19_complaint_0089,"9294, Urban land, Nairobi",,unknown,public_complaint,Public land allocated to Kenya Tyres who have fenced off the plot and are threatening to evict the Jua Kali Artisans. Matter to be investigated.,"16/2/2004, Gabriel Chege, P.O Box 53, Ruiru",,Nairobi Province,,,2,701,annex_19_complaints_from_the_public.csv,"S/No: 89; Planned user: Jua Kali Artisans; Case summary: Public land allocated to Kenya Tyres who have fenced off the plot and are threatening to evict the Jua Kali Artisans. Matter to be investigated.; Source/complainant: 16/2/2004, Gabriel Chege, P.O Box 53, Ruiru",none,"Complaint: 9294, Urban land, Nairobi",0
annex_19_complaint_0090,"Urban Land, South C Nairobi",,unknown,public_complaint,Public land allocated to a private developer who has no foundation. Electricity used for the construction was tapped directly from the street light poles.,"13/1/2004, J. Parabi, Kaisungur Road South C Nairobi",,Nairobi Province,,,2,701,annex_19_complaints_from_the_public.csv,"S/No: 90; Planned user: Estate playground; Case summary: Public land allocated to a private developer who has no foundation. Electricity used for the construction was tapped directly from the street light poles.; Source/complainant: 13/1/2004, J. Parabi, Kaisungur Road South C Nairobi",none,"Complaint: Urban Land, South C Nairobi",0
annex_19_complaint_0091,"Urban land, Kaisungur Road off Muhoho Avenue, Nairobi",,unknown,public_complaint,Public land allocated to a private developer.,"13/1/2004, Paul Murage Chege, Not indicated",,Nairobi Province,,,2,701,annex_19_complaints_from_the_public.csv,"S/No: 91; Planned user: Playground; Case summary: Public land allocated to a private developer.; Source/complainant: 13/1/2004, Paul Murage Chege, Not indicated",none,"Complaint: Urban land, Kaisungur Road off Muhoho Avenue, Nairobi",0
annex_19_complaint_0092,"75190, Urban land, Road branching off Processional Way opposite Alico Building",,unknown,public_complaint,Public land allocated to private developers.,"27/11/2004, Concerned Residents, Not indicated",,Nairobi Province,,,2,701,annex_19_complaints_from_the_public.csv,"S/No: 92; Planned user: 0.1545 ha, Access Road; Case summary: Public land allocated to private developers.; Source/complainant: 27/11/2004, Concerned Residents, Not indicated",none,"Complaint: 75190, Urban land, Road branching off Processional Way opposite Alico Building",0
annex_19_complaint_0093,"Plot No. S 120 Kangemi, Trust Land, Westlands Nairobi",,unknown,public_complaint,Public land allocated to an individual who later transferred it to a third party.,"23/02/04, Kangemi City Residents, Kangemi City Residents",,Nairobi Province,,,2,701,annex_19_complaints_from_the_public.csv,"S/No: 93; Planned user: Maternity Ward Hospital; Case summary: Public land allocated to an individual who later transferred it to a third party.; Source/complainant: 23/02/04, Kangemi City Residents, Kangemi City Residents",none,"Complaint: Plot No. S 120 Kangemi, Trust Land, Westlands Nairobi",0
annex_19_complaint_0094,"Urban land, Nairobi (Kayole, Embakasi, Dandora)",,unknown,public_complaint,Various Public utilities allocated to private developers. The Nairobi City Council Housing Development Department (Dandora) has been instrumental in the allocations.,"17/02/2004, Kenya National Hawkers Association, P.O Box 75765 Nairobi",,Nairobi Province,,,2,702,annex_19_complaints_from_the_public.csv,"S/No: 94; Planned user: Various(Shopping Centres, Markets, Playgrounds, Schools); Case summary: Various Public utilities allocated to private developers. The Nairobi City Council Housing Development Department (Dandora) has been instrumental in the allocations.; Source/complainant: 17/02/2004, Kenya National Hawkers Association, P.O Box 75765 Nairobi",none,"Complaint: Urban land, Nairobi (Kayole, Embakasi, Dandora)",0
annex_19_complaint_0095,"19090/1-4, National Forest (Karura Forest), Nairobi",,unknown,public_complaint,Forest land allocated to an individual who sub-divided it into 4 plots (19090/1-4). Road reserve which passes along the whole forest also allocated to individuals. Map demonstrating the four plots is enclosed.,"12/3/2004, S.M Ngamau, Not indicated",,Nairobi Province,,,2,702,annex_19_complaints_from_the_public.csv,"S/No: 95; Planned user: Forest; Case summary: Forest land allocated to an individual who sub-divided it into 4 plots (19090/1-4). Road reserve which passes along the whole forest also allocated to individuals. Map demonstrating the four plots is enclosed.; Source/complainant: 12/3/2004, S.M Ngamau, Not indicated",none,"Complaint: 19090/1-4, National Forest (Karura Forest), Nairobi",0
annex_19_complaint_0096,"Government Land, Mombasa Road, Nairobi",,unknown,public_complaint,Public land allocated to private developers.,"10/3/2004, Agnes W. Muindi, 75241, 00200 Nairobi",,Nairobi Province,,,2,702,annex_19_complaints_from_the_public.csv,"S/No: 96; Planned user: Kenya Police Department; Case summary: Public land allocated to private developers.; Source/complainant: 10/3/2004, Agnes W. Muindi, 75241, 00200 Nairobi",none,"Complaint: Government Land, Mombasa Road, Nairobi",0
annex_19_complaint_0097,"4920/3/R & 4921/3/R, Urban land, Thome V Nairobi",,unknown,public_complaint,Public land allocated to private developers.,"1/3/2004, Wilson N. Njoroge, P.O Box 174 - 00600 Nairobi",,Nairobi Province,,,2,702,annex_19_complaints_from_the_public.csv,"S/No: 97; Planned user: Open spaces, Road reserves and Playground; Case summary: Public land allocated to private developers.; Source/complainant: 1/3/2004, Wilson N. Njoroge, P.O Box 174 - 00600 Nairobi",none,"Complaint: 4920/3/R & 4921/3/R, Urban land, Thome V Nairobi",0
annex_19_complaint_0098,"2/39, Urban land, Milimani, Nairobi",,unknown,public_complaint,Public land allocated to an individual and registered as Land Reference No.209/11609.,"20/2/2004, Concerned citizens, Not indicated",,Nairobi Province,,,2,702,annex_19_complaints_from_the_public.csv,"S/No: 98; Planned user: 7.831 acres, Milimani Primary School; Case summary: Public land allocated to an individual and registered as Land Reference No.209/11609.; Source/complainant: 20/2/2004, Concerned citizens, Not indicated",none,"Complaint: 2/39, Urban land, Milimani, Nairobi",0
annex_19_complaint_0099,"209/14688, Urban land Nairobi",,unknown,public_complaint,Public utilities allocated to individuals.,"20/2/2004, Madaraka Land Lords Association, P.O Box 73105, Nairobi",,Nairobi Province,,,2,702,annex_19_complaints_from_the_public.csv,"S/No: 99; Planned user: Way leaves and Road Reserve; Case summary: Public utilities allocated to individuals.; Source/complainant: 20/2/2004, Madaraka Land Lords Association, P.O Box 73105, Nairobi",none,"Complaint: 209/14688, Urban land Nairobi",0
annex_19_complaint_0100,"209/3271/50, Urban land, Nairobi",,unknown,public_complaint,Public land allocated to an individual who thereafter transferred it to private developers. The developers were taken to a Court of Law (Criminal Case No.M.47 (A) of 2003) and denied ever making any developments on the said land. They were discharged.,"2/3/2004, Operation Firimbi, P.O Box 75689 - 00200",,Nairobi Province,,,2,703,annex_19_complaints_from_the_public.csv,"S/No: 100; Planned user: School, Hospital; Case summary: Public land allocated to an individual who thereafter transferred it to private developers. The developers were taken to a Court of Law (Criminal Case No.M.47 (A) of 2003) and denied ever making any developments on the said land. They were discharged.; Source/complainant: 2/3/2004, Operation Firimbi, P.O Box 75689 - 00200",none,"Complaint: 209/3271/50, Urban land, Nairobi",0
annex_19_complaint_0101,"209/13239 (HG.38) Mathiagara, Government Land, Not indicated",,unknown,public_complaint,Government house allocated to an individual.,"Dr. Nathaniel Song'ok, P.O Box 53949, Nairobi",,Nairobi Province,,,2,703,annex_19_complaints_from_the_public.csv,"S/No: 101; Planned user: Government house; Case summary: Government house allocated to an individual.; Source/complainant: Dr. Nathaniel Song'ok, P.O Box 53949, Nairobi",none,"Complaint: 209/13239 (HG.38) Mathiagara, Government Land, Not indicated",0
annex_19_complaint_0102,"Block No.106274, Urban land, Kibera - Nairobi",,unknown,public_complaint,School playground allocated to individuals.,"Rev. Chrispinus Okumu, P.O Box 41686, Nairobi",,Nairobi Province,,,2,703,annex_19_complaints_from_the_public.csv,"S/No: 102; Planned user: 0.18 ha, School playground; Case summary: School playground allocated to individuals.; Source/complainant: Rev. Chrispinus Okumu, P.O Box 41686, Nairobi",none,"Complaint: Block No.106274, Urban land, Kibera - Nairobi",0
annex_19_complaint_0103,"Urban land, Mukuru Kwa Njenga slums",,unknown,public_complaint,Public land allocated to individuals. It is alleged that the immediate former Managing Director of Athi River Cement is involved.,"8/3/2004, LATF/LASDAP and Other Embakasi Constituency Development Implementation Committee, P.O Box 75765, NAIROBI",,Nairobi Province,,,2,703,annex_19_complaints_from_the_public.csv,"S/No: 103; Planned user: Reuben Primary School; Case summary: Public land allocated to individuals. It is alleged that the immediate former Managing Director of Athi River Cement is involved.; Source/complainant: 8/3/2004, LATF/LASDAP and Other Embakasi Constituency Development Implementation Committee, P.O Box 75765, NAIROBI",none,"Complaint: Urban land, Mukuru Kwa Njenga slums",0
annex_19_complaint_0104,"Dagoretti/Kangemi/700, Urban land, Dagoretti, Nairobi",,unknown,public_complaint,Public utility plot allocated to individuals.,"5/3/2004, Joseph Mwaura Ngure, P.O Box 212, Nairobi",,Nairobi Province,,,2,703,annex_19_complaints_from_the_public.csv,"S/No: 104; Planned user: Access Road; Case summary: Public utility plot allocated to individuals.; Source/complainant: 5/3/2004, Joseph Mwaura Ngure, P.O Box 212, Nairobi",none,"Complaint: Dagoretti/Kangemi/700, Urban land, Dagoretti, Nairobi",0
annex_19_complaint_0105,"Dagoretti/Kangemi/104, Urban land, Dagoretti, Nairobi",,unknown,public_complaint,Land set aside for a Public utility plot allocated to individuals.,"5/3/2004, Joseph Mwaura Ngure, P.O Box 30124, Nairobi",,Nairobi Province,,,2,703,annex_19_complaints_from_the_public.csv,"S/No: 105; Planned user: 0.4260 Ha, Road Reserve; Case summary: Land set aside for a Public utility plot allocated to individuals.; Source/complainant: 5/3/2004, Joseph Mwaura Ngure, P.O Box 30124, Nairobi",none,"Complaint: Dagoretti/Kangemi/104, Urban land, Dagoretti, Nairobi",0
annex_19_complaint_0106,"24937, Government land, Embakasi, Nairobi",,unknown,public_complaint,Public land located at the South East of Jomo Kenyatta International Airport allocated to private developers.,"30/12/2003, Joseph Wainaina, Josephwainaina<marketinglink@yahoo.com",,Nairobi Province,,,2,703,annex_19_complaints_from_the_public.csv,"S/No: 106; Planned user: 4674.6 Ha, Airport; Case summary: Public land located at the South East of Jomo Kenyatta International Airport allocated to private developers.; Source/complainant: 30/12/2003, Joseph Wainaina, Josephwainaina<marketinglink@yahoo.com",none,"Complaint: 24937, Government land, Embakasi, Nairobi",0
annex_19_complaint_0107,"7107/6/R, Government Land, Embakasi, Nairobi",,unknown,public_complaint,Public land allocated to an individual.,"23/2/04, Residents of Lucky Summer Estate, Nairobi, Not indicated",,Nairobi Province,,,2,704,annex_19_complaints_from_the_public.csv,"S/No: 107; Planned user: Roads and Railway land; Case summary: Public land allocated to an individual.; Source/complainant: 23/2/04, Residents of Lucky Summer Estate, Nairobi, Not indicated",none,"Complaint: 7107/6/R, Government Land, Embakasi, Nairobi",0
annex_19_complaint_0108,"Formerly 7107/1, Currently BK113, Urban land, Embakasi, Nairobi",,unknown,public_complaint,Some individuals in collusion with officers from the Nairobi City Council purported to prepare an 'amended subdivision scheme' through which numerous plots were curved out of land set aside for Public utilities. Matter should be investigated to ascertain the facts.,"23/2/04, Residents of Lucky Summer Estate, Nairobi, Not indicated",,Nairobi Province,,,2,704,annex_19_complaints_from_the_public.csv,"S/No: 108; Planned user: Various (Primary schools, nurseries, playing fields etc); Case summary: Some individuals in collusion with officers from the Nairobi City Council purported to prepare an 'amended subdivision scheme' through which numerous plots were curved out of land set aside for Public utilities. Matter should be investigated to ascertain the facts.; Source/complainant: 23/2/04, Residents of Lucky Summer Estate, Nairobi, Not indicated",none,"Complaint: Formerly 7107/1, Currently BK113, Urban land, Embakasi, Nairobi",0
annex_19_complaint_0109,"Urban land, Nairobi (Kayole, Embakasi, Dandora)",,unknown,public_complaint,"Various Public utilities allocated to private developers. The Nairobi City Council Housing Development Department in Dandora, Embakasi division, has been instrumental in these allocations. Matter to be investigated.","17/2/2004, Kenya National Hawkers Association, P.O Box 75765, Nairobi",,Nairobi Province,,,2,704,annex_19_complaints_from_the_public.csv,"S/No: 109; Planned user: Various (shopping centres, markets, playgrounds, schools); Case summary: Various Public utilities allocated to private developers. The Nairobi City Council Housing Development Department in Dandora, Embakasi division, has been instrumental in these allocations. Matter to be investigated.; Source/complainant: 17/2/2004, Kenya National Hawkers Association, P.O Box 75765, Nairobi",none,"Complaint: Urban land, Nairobi (Kayole, Embakasi, Dandora)",0
annex_19_complaint_0110,"Urban land, Dandora",,unknown,public_complaint,Public utilities allocated to individuals. The details are scanty and investigations should be conducted to ascertain the facts.,"27/10/2003, Dandora Resident's Association, P.O. Box 58078 Nairobi",,Nairobi Province,,,2,704,annex_19_complaints_from_the_public.csv,"S/No: 110; Planned user: Open space; Case summary: Public utilities allocated to individuals. The details are scanty and investigations should be conducted to ascertain the facts.; Source/complainant: 27/10/2003, Dandora Resident's Association, P.O. Box 58078 Nairobi",none,"Complaint: Urban land, Dandora",0
annex_19_complaint_0111,"B4-163- B-4-154, Urban land, Kayole-Nairobi",,unknown,public_complaint,Public utility plot allocated to a private developer. Matter should be investigated further to ascertain the facts.,"30/10/2003, Robert Njagi, P. O. Box 8835 Nairobi",,Nairobi Province,,,2,704,annex_19_complaints_from_the_public.csv,"S/No: 111; Planned user: Parking Space; Case summary: Public utility plot allocated to a private developer. Matter should be investigated further to ascertain the facts.; Source/complainant: 30/10/2003, Robert Njagi, P. O. Box 8835 Nairobi",none,"Complaint: B4-163- B-4-154, Urban land, Kayole-Nairobi",0
annex_19_complaint_0112,"Block No. 93/1424, Wetland, Nairobi",,unknown,public_complaint,Riparian reserve allocated to an individual.,"22/10/2003, Ahmed Yussuf, P. O. Box 70541-00400 Nairobi",,Nairobi Province,,,2,704,annex_19_complaints_from_the_public.csv,"S/No: 112; Planned user: Riparian Reserve; Case summary: Riparian reserve allocated to an individual.; Source/complainant: 22/10/2003, Ahmed Yussuf, P. O. Box 70541-00400 Nairobi",none,"Complaint: Block No. 93/1424, Wetland, Nairobi",0
annex_19_complaint_0113,"Urban land, Mukuru-Nairobi",,unknown,public_complaint,Land was set apart as an open Air market for Mukuru residents allocated to individuals.,"17/10/2003, James G. Kariuki, P. O. Box 44587-00100",,Nairobi Province,,,2,705,annex_19_complaints_from_the_public.csv,"S/No: 113; Planned user: 15 acres, Open Air Market; Case summary: Land was set apart as an open Air market for Mukuru residents allocated to individuals.; Source/complainant: 17/10/2003, James G. Kariuki, P. O. Box 44587-00100",none,"Complaint: Urban land, Mukuru-Nairobi",0
annex_19_complaint_0114,"209/8254, Urban land, Mariakani Nairobi",,unknown,public_complaint,A Public utility set aside as a playground for Mariakani Primary School allocated to Simon Limo.,"30/9/2003, Mukuru Promotion Centre, P. O. Box 17837 Nairobi",,Nairobi Province,,,2,705,annex_19_complaints_from_the_public.csv,"S/No: 114; Planned user: 1.48 ha, Playground for school; Case summary: A Public utility set aside as a playground for Mariakani Primary School allocated to Simon Limo.; Source/complainant: 30/9/2003, Mukuru Promotion Centre, P. O. Box 17837 Nairobi",none,"Complaint: 209/8254, Urban land, Mariakani Nairobi",0
annex_19_complaint_0115,"Nairobi/Block 76/579, Urban land, Nairobi-Buruburu",,unknown,public_complaint,The plots in issue are Public utilities in which a transformer and server are erected.,"12/9/2003, BURUBURU RESIDENTS WELFARE ASSOCIATION, P. O. Box 1175- 0515 Nairobi",,Nairobi Province,,,2,705,annex_19_complaints_from_the_public.csv,"S/No: 115; Planned user: Non indicated; Case summary: The plots in issue are Public utilities in which a transformer and server are erected.; Source/complainant: 12/9/2003, BURUBURU RESIDENTS WELFARE ASSOCIATION, P. O. Box 1175- 0515 Nairobi",none,"Complaint: Nairobi/Block 76/579, Urban land, Nairobi-Buruburu",0
annex_19_complaint_0116,"NGONG ROAD/KARE ROAD PDP 33408/111/158A, Government Land, Ngong Road & Karen road",,unknown,public_complaint,The land in question was allocated to Nyumbani Children Home but portion of it (5 acres) was granted to ''Orphans Hospital Limited'' The land was later reclaimed by the Department of Defence.,"15/10/2003, B. M. Musau & Advocates, P. O. Box 16393-00100 Nairobi",,Nairobi Province,,,2,705,annex_19_complaints_from_the_public.csv,"S/No: 116; Planned user: Home for HIV Positive Children; Case summary: The land in question was allocated to Nyumbani Children Home but portion of it (5 acres) was granted to ''Orphans Hospital Limited'' The land was later reclaimed by the Department of Defence.; Source/complainant: 15/10/2003, B. M. Musau & Advocates, P. O. Box 16393-00100 Nairobi",none,"Complaint: NGONG ROAD/KARE ROAD PDP 33408/111/158A, Government Land, Ngong Road & Karen road",0
annex_19_complaint_0117,"72/2272, Urban land, Mugumo-ini Langata-Nairobi",,unknown,public_complaint,Public utility plot allocated to individuals.,"28/10/2003, Mugumoini Residents Association, P. O. Box 30075 Nairobi",,Nairobi Province,,,2,705,annex_19_complaints_from_the_public.csv,"S/No: 117; Planned user: Non indicated; Case summary: Public utility plot allocated to individuals.; Source/complainant: 28/10/2003, Mugumoini Residents Association, P. O. Box 30075 Nairobi",none,"Complaint: 72/2272, Urban land, Mugumo-ini Langata-Nairobi",0
annex_19_complaint_0118,"12661/2 and 19095, Urban land, Park View Estate-Nairobi",,unknown,public_complaint,The land in question was surrendered and granted to Nairobi City Council and given Land Reference Number 19095 with special conditions that building be used for educational purposes. The plot was subsequently allocated to individuals.,"28/10/2003, Muturi Gakuo & Co Advocates, P. O. Box 44920 Nairobi",,Nairobi Province,,,2,705,annex_19_complaints_from_the_public.csv,"S/No: 118; Planned user: 1.961 Ha, Educational use; Case summary: The land in question was surrendered and granted to Nairobi City Council and given Land Reference Number 19095 with special conditions that building be used for educational purposes. The plot was subsequently allocated to individuals.; Source/complainant: 28/10/2003, Muturi Gakuo & Co Advocates, P. O. Box 44920 Nairobi",none,"Complaint: 12661/2 and 19095, Urban land, Park View Estate-Nairobi",0
annex_19_complaint_0119,"61/690 - Kibera, Urban land, Kibera-Karanja Road, Nairobi",,unknown,public_complaint,Public utility meant for open space allocated to an individual.,"30/10/2003, Joseph K. Bett, P. O. Box 12364-00",,Nairobi Province,,,2,705,annex_19_complaints_from_the_public.csv,"S/No: 119; Planned user: Open space; Case summary: Public utility meant for open space allocated to an individual.; Source/complainant: 30/10/2003, Joseph K. Bett, P. O. Box 12364-00",none,"Complaint: 61/690 - Kibera, Urban land, Kibera-Karanja Road, Nairobi",0
annex_19_complaint_0120,"61/222, 61/715, 61/690, Urban land, Kibera Nairobi",,unknown,public_complaint,Public utility plots allocated to individuals.,"23/10/2003, Karanja Mungai, P. O. Box 74720 Nairobi",,Nairobi Province,,,2,706,annex_19_complaints_from_the_public.csv,"S/No: 120; Planned user: Parking space and Shopping space; Case summary: Public utility plots allocated to individuals.; Source/complainant: 23/10/2003, Karanja Mungai, P. O. Box 74720 Nairobi",none,"Complaint: 61/222, 61/715, 61/690, Urban land, Kibera Nairobi",0
annex_19_complaint_0121,"1702/6944, 1702/6796, Urban land, Langata - Nairobi",,unknown,public_complaint,The plot in issue was used as an access road and children playground in Jambo Estate - Langata. It was subsequently allocated to an individual.,"22/10/2003, Jambo Estate Welfare Association, P. O. Box 4413-00506 Nyayo Stadium",,Nairobi Province,,,2,706,annex_19_complaints_from_the_public.csv,"S/No: 121; Planned user: Playground and Access road; Case summary: The plot in issue was used as an access road and children playground in Jambo Estate - Langata. It was subsequently allocated to an individual.; Source/complainant: 22/10/2003, Jambo Estate Welfare Association, P. O. Box 4413-00506 Nyayo Stadium",none,"Complaint: 1702/6944, 1702/6796, Urban land, Langata - Nairobi",0
annex_19_complaint_0122,"209/11118, Urban land, South C- Mugoya",,unknown,public_complaint,The land in question was a Public utility used by local residents as parking and for amenities. It was allocated despite objections from residents.,"8/10/2003, Mathew Ndonga Kabau, P. O. Box 51484-00200 Nairobi",,Nairobi Province,,,2,706,annex_19_complaints_from_the_public.csv,"S/No: 122; Planned user: Car park & drainage; Case summary: The land in question was a Public utility used by local residents as parking and for amenities. It was allocated despite objections from residents.; Source/complainant: 8/10/2003, Mathew Ndonga Kabau, P. O. Box 51484-00200 Nairobi",none,"Complaint: 209/11118, Urban land, South C- Mugoya",0
annex_19_complaint_0123,"209/3294, Urban land, South C- Nairobi",,unknown,public_complaint,Publicutility plot allocated to an individual who has proceeded to excavate it for development.,"12/10/2003, Residents - United Housing Estate, P. O. Box 26654 Nairobi",,Nairobi Province,,,2,706,annex_19_complaints_from_the_public.csv,"S/No: 123; Planned user: Playground; Case summary: Publicutility plot allocated to an individual who has proceeded to excavate it for development.; Source/complainant: 12/10/2003, Residents - United Housing Estate, P. O. Box 26654 Nairobi",none,"Complaint: 209/3294, Urban land, South C- Nairobi",0
annex_19_complaint_0124,"209/14392, Urban land, South B",,unknown,public_complaint,Public utility plot allocated to CAB Investments.,"17/11/2003, Mathenge P W, P. O. Box 44371 0100 Nairobi",,Nairobi Province,,,2,706,annex_19_complaints_from_the_public.csv,"S/No: 124; Planned user: 1.394 Ha, Public utilities; Case summary: Public utility plot allocated to CAB Investments.; Source/complainant: 17/11/2003, Mathenge P W, P. O. Box 44371 0100 Nairobi",none,"Complaint: 209/14392, Urban land, South B",0
annex_19_complaint_0125,"Block 72/2425, Urban land, Southland Lang'ata Nairobi",,unknown,public_complaint,Public utility plots allocated to an individual.,"4/10/2003, A. M. Gitiche, P. O. Box 22876 Nairobi",,Nairobi Province,,,2,706,annex_19_complaints_from_the_public.csv,"S/No: 125; Planned user: Parking lot; Case summary: Public utility plots allocated to an individual.; Source/complainant: 4/10/2003, A. M. Gitiche, P. O. Box 22876 Nairobi",none,"Complaint: Block 72/2425, Urban land, Southland Lang'ata Nairobi",0
annex_19_complaint_0126,"72/1031, Urban land, Akiba Estate- Nairobi",,unknown,public_complaint,Public land allocated to individuals.,"12/11/2003, Nonindicated",,Nairobi Province,,,2,706,annex_19_complaints_from_the_public.csv,"S/No: 126; Planned user: Non indicated; Case summary: Public land allocated to individuals.; Source/complainant: 12/11/2003, Nonindicated",none,"Complaint: 72/1031, Urban land, Akiba Estate- Nairobi",0
annex_19_complaint_0127,"209/9793, 132 482, 13 12564, 3250, 13251, 14354, Urban land, South B - Zanzibar Rd",,unknown,public_complaint,The plots in issue are public utilities set apart for access roads for the local residents and Highway Secondary School in Nairobi. They were allocated to individuals.,"1/10/2003, ZANZIBAR Road Residents, P. O. Box 55103 Nairobi",,Nairobi Province,,,2,706,annex_19_complaints_from_the_public.csv,"S/No: 127; Planned user: 249, Access roads, playgrounds; Case summary: The plots in issue are public utilities set apart for access roads for the local residents and Highway Secondary School in Nairobi. They were allocated to individuals.; Source/complainant: 1/10/2003, ZANZIBAR Road Residents, P. O. Box 55103 Nairobi",none,"Complaint: 209/9793, 132 482, 13 12564, 3250, 13251, 14354, Urban land, South B - Zanzibar Rd",0
annex_19_complaint_0128,"72/2634, 72/2937, 72/2272, Urban land, Mugumo-ini Langata-Nairobi",,unknown,public_complaint,Public utilities allocated to individuals.,"10/11/2003, MUGUMO-INI Residents Association, P. O. Box 30075 Nairobi",,Nairobi Province,,,2,706,annex_19_complaints_from_the_public.csv,"S/No: 128; Planned user: Public parking, Community Social; Case summary: Public utilities allocated to individuals.; Source/complainant: 10/11/2003, MUGUMO-INI Residents Association, P. O. Box 30075 Nairobi",none,"Complaint: 72/2634, 72/2937, 72/2272, Urban land, Mugumo-ini Langata-Nairobi",0
annex_19_complaint_0129,"14626, 14622, 14623, Urban land, Karen",,unknown,public_complaint,Public utility plots alienated subdivided and sold to individuals.,"11/10/2003, Karen Plains Residents, P.O. Box 10676 Nairobi",,Nairobi Province,,,2,707,annex_19_complaints_from_the_public.csv,"S/No: 129; Planned user: 3.9 Ha, Access Roads; Case summary: Public utility plots alienated subdivided and sold to individuals.; Source/complainant: 11/10/2003, Karen Plains Residents, P.O. Box 10676 Nairobi",none,"Complaint: 14626, 14622, 14623, Urban land, Karen",0
annex_19_complaint_0130,"Plot 223x222 Kibera, Urban land, Kibera",,unknown,public_complaint,Public utility plot allocated to an individual. Matter should be investigated to ascertain the facts.,"10/9/2003, Karanja Mungai, P.O. Box 74720 Nairobi",,Nairobi Province,,,2,707,annex_19_complaints_from_the_public.csv,"S/No: 130; Planned user: Shopping Centre and Parking Area; Case summary: Public utility plot allocated to an individual. Matter should be investigated to ascertain the facts.; Source/complainant: 10/9/2003, Karanja Mungai, P.O. Box 74720 Nairobi",none,"Complaint: Plot 223x222 Kibera, Urban land, Kibera",0
annex_19_complaint_0131,"60/491 & 60/492, Urban land, Lang'ata Nairobi",,unknown,public_complaint,Public utility land allocated to an individual.,"10/9/2003, Lang'ata - Mugumoini, P.O Box 74756 Nairobi",,Nairobi Province,,,2,707,annex_19_complaints_from_the_public.csv,"S/No: 131; Planned user: Open space; Case summary: Public utility land allocated to an individual.; Source/complainant: 10/9/2003, Lang'ata - Mugumoini, P.O Box 74756 Nairobi",none,"Complaint: 60/491 & 60/492, Urban land, Lang'ata Nairobi",0
annex_19_complaint_0132,"Nairobi/Block 91/411 and others that have not been indicated, Government Land, Nairobi",,unknown,public_complaint,"Two roads were constructed through Kenya Technical Teachers College and in compensation, the College was to be allocated 20 Ha of Land from Karura Forest. This allocation has not materialized.","1/10/2003, The Board of Directors, Kenya Technical Teachers College, P.O Box 44600, Nairobi",,Nairobi Province,,,2,707,annex_19_complaints_from_the_public.csv,"S/No: 132; Planned user: 34.79 Ha, Compensation for an Access Road; Case summary: Two roads were constructed through Kenya Technical Teachers College and in compensation, the College was to be allocated 20 Ha of Land from Karura Forest. This allocation has not materialized.; Source/complainant: 1/10/2003, The Board of Directors, Kenya Technical Teachers College, P.O Box 44600, Nairobi",none,"Complaint: Nairobi/Block 91/411 and others that have not been indicated, Government Land, Nairobi",0
annex_19_complaint_0133,"209/12084, Urban land, Ring Road Westlands",,unknown,public_complaint,Road reserve first allocated on temporary license and later converted to permanent status.,"23-02-2004, Councilor Hezbon Ngayi, Kawangware Ward",,Nairobi Province,,,2,707,annex_19_complaints_from_the_public.csv,"S/No: 133; Planned user: Road reserve; Case summary: Road reserve first allocated on temporary license and later converted to permanent status.; Source/complainant: 23-02-2004, Councilor Hezbon Ngayi, Kawangware Ward",none,"Complaint: 209/12084, Urban land, Ring Road Westlands",0
annex_19_complaint_0134,"1870/IX/170, Urban land, Westlands Nairobi",,unknown,public_complaint,Public land allocated to private developers and Stall Owners of the Westlands Market issued with an eviction notice.,"23-02-2004, Westlands Permanent Market, P.O Box 30075, Nairobi",,Nairobi Province,,,2,707,annex_19_complaints_from_the_public.csv,"S/No: 134; Planned user: Westlands Market; Case summary: Public land allocated to private developers and Stall Owners of the Westlands Market issued with an eviction notice.; Source/complainant: 23-02-2004, Westlands Permanent Market, P.O Box 30075, Nairobi",none,"Complaint: 1870/IX/170, Urban land, Westlands Nairobi",0
annex_19_complaint_0135,"Urban land, Langata Road",,unknown,public_complaint,Part of Langata road reserve allocated to an individual.,"23-02-2004, Jane Njiru, P.O Box 500461, Nairobi",,Nairobi Province,,,2,707,annex_19_complaints_from_the_public.csv,"S/No: 135; Planned user: Road reserve; Case summary: Part of Langata road reserve allocated to an individual.; Source/complainant: 23-02-2004, Jane Njiru, P.O Box 500461, Nairobi",none,"Complaint: Urban land, Langata Road",0
annex_19_complaint_0136,"209/5909/6, Urban land, South C Nairobi - Pundamilia Crescent",,unknown,public_complaint,Playground allocated to individuals.,"23-02-2004, Anonymous, Not indicated",,Nairobi Province,,,2,707,annex_19_complaints_from_the_public.csv,"S/No: 136; Planned user: Recreational field; Case summary: Playground allocated to individuals.; Source/complainant: 23-02-2004, Anonymous, Not indicated",none,"Complaint: 209/5909/6, Urban land, South C Nairobi - Pundamilia Crescent",0
annex_19_complaint_0137,"15153, Forest, Kiambu, Forest off Kiambu Road",,unknown,public_complaint,Forest allocated to individuals. Indigenous trees destroyed.,"23-02-2004, H. B Strutchbury, Box 16526 Nairobi",,Nairobi Province,,,2,708,annex_19_complaints_from_the_public.csv,"S/No: 137; Planned user: 70 acres, Forest; Case summary: Forest allocated to individuals. Indigenous trees destroyed.; Source/complainant: 23-02-2004, H. B Strutchbury, Box 16526 Nairobi",none,"Complaint: 15153, Forest, Kiambu, Forest off Kiambu Road",0
annex_19_complaint_0138,"Government Land, Lavington, Nairobi",,unknown,public_complaint,James Gichuru Road intersection with Waiyaki Way to Limuru road set aside for expansion of road allocated to individuals.,"23-02-2004, P. K. Karimi, Box 42975, Nairobi",,Nairobi Province,,,2,708,annex_19_complaints_from_the_public.csv,"S/No: 138; Planned user: Road reserve; Case summary: James Gichuru Road intersection with Waiyaki Way to Limuru road set aside for expansion of road allocated to individuals.; Source/complainant: 23-02-2004, P. K. Karimi, Box 42975, Nairobi",none,"Complaint: Government Land, Lavington, Nairobi",0
annex_19_complaint_0139,"Government Land, Nairobi, Githunguri Down, Kileleshwa",,unknown,public_complaint,Part of road reserves allocated to private developers who have fenced them off thus blocking access to the main road.,"23-02-2004, Anonymous, Not indicated",,Nairobi Province,,,2,708,annex_19_complaints_from_the_public.csv,"S/No: 139; Planned user: Road Reserves; Case summary: Part of road reserves allocated to private developers who have fenced them off thus blocking access to the main road.; Source/complainant: 23-02-2004, Anonymous, Not indicated",none,"Complaint: Government Land, Nairobi, Githunguri Down, Kileleshwa",0
annex_19_complaint_0140,"8788/6, Urban land, Githurai 145",,unknown,public_complaint,Public utilities allocated to individuals who thereafter dug a trench blocking access to the feeder roads. The land was later transferred to other people.,"23-02-2004, Dandora Health Centre, Box 30108 Nairobi",,Nairobi Province,,,2,708,annex_19_complaints_from_the_public.csv,"S/No: 140; Planned user: Non indicated; Case summary: Public utilities allocated to individuals who thereafter dug a trench blocking access to the feeder roads. The land was later transferred to other people.; Source/complainant: 23-02-2004, Dandora Health Centre, Box 30108 Nairobi",none,"Complaint: 8788/6, Urban land, Githurai 145",0
annex_19_complaint_0141,"Plot No 42, Urban land, Kahawa West",,unknown,public_complaint,Francis Kimari was allocated part of a road reserve which he subsequently sub divided. He tried to put up a wall but the residents razed it down.,"23-02-2004, Francis Kimari, Box 65797, Nairobi",,Nairobi Province,,,2,708,annex_19_complaints_from_the_public.csv,"S/No: 141; Planned user: Road reserve; Case summary: Francis Kimari was allocated part of a road reserve which he subsequently sub divided. He tried to put up a wall but the residents razed it down.; Source/complainant: 23-02-2004, Francis Kimari, Box 65797, Nairobi",none,"Complaint: Plot No 42, Urban land, Kahawa West",0
annex_19_complaint_0142,"Urban land, Landies Road Nairobi",,unknown,public_complaint,KANU was allocated part of the Country Bus Station wherefore it proceeded to build its offices.,"23-02-2004, Mwaura Kinuthia, Box 67525, Nairobi",,Nairobi Province,,,2,708,annex_19_complaints_from_the_public.csv,"S/No: 142; Planned user: Country Bus Station; Case summary: KANU was allocated part of the Country Bus Station wherefore it proceeded to build its offices.; Source/complainant: 23-02-2004, Mwaura Kinuthia, Box 67525, Nairobi",none,"Complaint: Urban land, Landies Road Nairobi",0
annex_19_complaint_0143,"Government Land, Loresho, Kabete, Hill View Estate, Soweto",,unknown,public_complaint,Land set aside for playground grabbed.,"23-02-2004, Anonymous, Not indicated",,Nairobi Province,,,2,708,annex_19_complaints_from_the_public.csv,"S/No: 143; Planned user: Playground; Case summary: Land set aside for playground grabbed.; Source/complainant: 23-02-2004, Anonymous, Not indicated",none,"Complaint: Government Land, Loresho, Kabete, Hill View Estate, Soweto",0
annex_19_complaint_0144,"97/1505, Urban land, Off Outer Ring Road, Nairobi",,unknown,public_complaint,"Public land allocated to private developers. There are also allegations that LR 97/1730, a public utility might suffer the same fate.","23-02-2004, Ayodi & Dr. Faya, Box 77513, Nairobi",,Nairobi Province,,,2,709,annex_19_complaints_from_the_public.csv,"S/No: 144; Planned user: Recreational; Case summary: Public land allocated to private developers. There are also allegations that LR 97/1730, a public utility might suffer the same fate.; Source/complainant: 23-02-2004, Ayodi & Dr. Faya, Box 77513, Nairobi",none,"Complaint: 97/1505, Urban land, Off Outer Ring Road, Nairobi",0
annex_19_complaint_0145,"Urban land, Kasarani",,unknown,public_complaint,Plots next to Kasarani Police Station allocated to individuals and walls erected. One of the walls has encroached on the police post.,"23-02-2004, John Waruri, Box 61071, Nairobi",,Nairobi Province,,,2,709,annex_19_complaints_from_the_public.csv,"S/No: 145; Planned user: Non indicated; Case summary: Plots next to Kasarani Police Station allocated to individuals and walls erected. One of the walls has encroached on the police post.; Source/complainant: 23-02-2004, John Waruri, Box 61071, Nairobi",none,"Complaint: Urban land, Kasarani",0
annex_19_complaint_0146,"21129, Wetland, Nairobi",,unknown,public_complaint,Developers fenced off the area and encroached on a river.,"23-02-2004, Galana Court Management, Box 53195 Nairobi",,Nairobi Province,,,2,709,annex_19_complaints_from_the_public.csv,"S/No: 146; Planned user: Riparian reserves; Case summary: Developers fenced off the area and encroached on a river.; Source/complainant: 23-02-2004, Galana Court Management, Box 53195 Nairobi",none,"Complaint: 21129, Wetland, Nairobi",0
annex_19_complaint_0147,"Urban land, Nairobi",,unknown,public_complaint,Public utility plots allocated to an individual who has closed access to the main road. The developer has also fenced off the land which used to be a playground for local children and turned it to a petrol depot.,"23-02-2004, Residents of Umoja I, Not indicated",,Nairobi Province,,,2,709,annex_19_complaints_from_the_public.csv,"S/No: 147; Planned user: Playground and Access Road; Case summary: Public utility plots allocated to an individual who has closed access to the main road. The developer has also fenced off the land which used to be a playground for local children and turned it to a petrol depot.; Source/complainant: 23-02-2004, Residents of Umoja I, Not indicated",none,"Complaint: Urban land, Nairobi",0
annex_19_complaint_0148,"4-15, 4-14, 4-36, 4-35, Urban land, Nairobi, Mathare",,unknown,public_complaint,Access roads serving houses in Mathare 4 and playgrounds allocated to private developers.,"23-02-2004, George Muiva, Box 11213, Nairobi",,Nairobi Province,,,2,709,annex_19_complaints_from_the_public.csv,"S/No: 148; Planned user: Access roads, playground; Case summary: Access roads serving houses in Mathare 4 and playgrounds allocated to private developers.; Source/complainant: 23-02-2004, George Muiva, Box 11213, Nairobi",none,"Complaint: 4-15, 4-14, 4-36, 4-35, Urban land, Nairobi, Mathare",0
annex_19_complaint_0149,"5458, Urban land, Nairobi Jevanjee Estates",,unknown,public_complaint,Open spaces used by residents of Jevanjee Estates allocated to individuals.,"23-02-2004, Edward Obonyo, Box 43155 Nairobi",,Nairobi Province,,,2,709,annex_19_complaints_from_the_public.csv,"S/No: 149; Planned user: Open space; Case summary: Open spaces used by residents of Jevanjee Estates allocated to individuals.; Source/complainant: 23-02-2004, Edward Obonyo, Box 43155 Nairobi",none,"Complaint: 5458, Urban land, Nairobi Jevanjee Estates",0
annex_19_complaint_0150,"Urban land, Elgeyo Marakwet Close- Off Ngong Road",,unknown,public_complaint,Land belonging to the City Mortuary allocated to a high-ranking civil servant.,"23-02-2004, A.F Gross, Box 577792 Nairobi",,Nairobi Province,,,2,709,annex_19_complaints_from_the_public.csv,"S/No: 150; Planned user: Mortuary; Case summary: Land belonging to the City Mortuary allocated to a high-ranking civil servant.; Source/complainant: 23-02-2004, A.F Gross, Box 577792 Nairobi",none,"Complaint: Urban land, Elgeyo Marakwet Close- Off Ngong Road",0
annex_19_complaint_0151,"209/871/10, Urban land, City park Shopping Centre, Parklands",,unknown,public_complaint,Public land allocated to private developers.,"18/02/2004, Owners & Tenants near City Park Shopping Centre, Box 46163 NAIROBI",,Nairobi Province,,,2,710,annex_19_complaints_from_the_public.csv,"S/No: 151; Planned user: Road reserve & Parking area; Case summary: Public land allocated to private developers.; Source/complainant: 18/02/2004, Owners & Tenants near City Park Shopping Centre, Box 46163 NAIROBI",none,"Complaint: 209/871/10, Urban land, City park Shopping Centre, Parklands",0
annex_19_complaint_0152,"209/7383/285, Urban land, Eldoret Road Estate along Heshima road, Eastlands",,unknown,public_complaint,Public land allocated to an individual.,"18/02/2004, Godfrey M. Githendu, P.O Box 52872, Nairobi",,Nairobi Province,,,2,710,annex_19_complaints_from_the_public.csv,"S/No: 152; Planned user: Playground; Case summary: Public land allocated to an individual.; Source/complainant: 18/02/2004, Godfrey M. Githendu, P.O Box 52872, Nairobi",none,"Complaint: 209/7383/285, Urban land, Eldoret Road Estate along Heshima road, Eastlands",0
annex_19_complaint_0153,"Urban Land, Nairobi",,unknown,public_complaint,Land used to access the main road for houses 1 to 13 in Bumbani Court allocated to individuals.,"18/02/2004, Bumbani Court Residents, P. O Box 73229, Kapsabet",,Nairobi Province,,,2,710,annex_19_complaints_from_the_public.csv,"S/No: 153; Planned user: Road Access; Case summary: Land used to access the main road for houses 1 to 13 in Bumbani Court allocated to individuals.; Source/complainant: 18/02/2004, Bumbani Court Residents, P. O Box 73229, Kapsabet",none,"Complaint: Urban Land, Nairobi",0
annex_19_complaint_0154,"125/388, 390, 391, 75-12, Urban land, Imara Daima, Nairobi",,unknown,public_complaint,Public land allocated to an individual.,"18/02/2004, Residents of Imara Daima, P.O Box 41, Moiben",,Nairobi Province,,,2,710,annex_19_complaints_from_the_public.csv,"S/No: 154; Planned user: Recreation; Case summary: Public land allocated to an individual.; Source/complainant: 18/02/2004, Residents of Imara Daima, P.O Box 41, Moiben",none,"Complaint: 125/388, 390, 391, 75-12, Urban land, Imara Daima, Nairobi",0
annex_19_complaint_0155,"209/12505 & 209/127, Urban land, Mwanzi Road off Lower Kabete",,unknown,public_complaint,Road reserve allocated to an individual narrows the Kabete-Brookside junction.,"18/02/2004, S.K Shah, Ammeer Peermohammed & Dr. Leaornard Munyua, P.O Box 11416, Nairobi",,Nairobi Province,,,2,710,annex_19_complaints_from_the_public.csv,"S/No: 155; Planned user: Road reserve; Case summary: Road reserve allocated to an individual narrows the Kabete-Brookside junction.; Source/complainant: 18/02/2004, S.K Shah, Ammeer Peermohammed & Dr. Leaornard Munyua, P.O Box 11416, Nairobi",none,"Complaint: 209/12505 & 209/127, Urban land, Mwanzi Road off Lower Kabete",0
annex_19_complaint_0156,"111/1507, Urban land, House No. 201 to 291",,unknown,public_complaint,Open space planed for a nursery school allocated to an individual.,"18/02/2004, Komorock Estate Phase I, P.O Box 78832 Nairobi",,Nairobi Province,,,2,710,annex_19_complaints_from_the_public.csv,"S/No: 156; Planned user: Nursery school; Case summary: Open space planed for a nursery school allocated to an individual.; Source/complainant: 18/02/2004, Komorock Estate Phase I, P.O Box 78832 Nairobi",none,"Complaint: 111/1507, Urban land, House No. 201 to 291",0
annex_19_complaint_0157,"Urban land, Buru Buru Phase III",,unknown,public_complaint,A Public utility plot used by the area residents for recreation purposes allocated to an individual. To be investigated.,"18/02/2004, Wallace Gichere, Tel: 781505",,Nairobi Province,,,2,710,annex_19_complaints_from_the_public.csv,"S/No: 157; Planned user: Playground; Case summary: A Public utility plot used by the area residents for recreation purposes allocated to an individual. To be investigated.; Source/complainant: 18/02/2004, Wallace Gichere, Tel: 781505",none,"Complaint: Urban land, Buru Buru Phase III",0
annex_19_complaint_0158,"209/12682, Urban land, Industrial Area, Nairobi",,unknown,public_complaint,Road reserve allocated to individuals.,"18/02/2004, Betty Mwanganji, Tel: Box 43652 Nairobi",,Nairobi Province,,,2,710,annex_19_complaints_from_the_public.csv,"S/No: 158; Planned user: Road reserve; Case summary: Road reserve allocated to individuals.; Source/complainant: 18/02/2004, Betty Mwanganji, Tel: Box 43652 Nairobi",none,"Complaint: 209/12682, Urban land, Industrial Area, Nairobi",0
annex_19_complaint_0159,"Urban land, Lavington Emolo Drive",,unknown,public_complaint,Road reserve allocated to an individual.,"18/02/2004, Laban Kisiavuki, Box 25095 Nairobi",,Nairobi Province,,,2,711,annex_19_complaints_from_the_public.csv,"S/No: 159; Planned user: Road reserve; Case summary: Road reserve allocated to an individual.; Source/complainant: 18/02/2004, Laban Kisiavuki, Box 25095 Nairobi",none,"Complaint: Urban land, Lavington Emolo Drive",0
annex_19_complaint_0160,"209/11115, Urban land, Lavington, Emolo Drive",,unknown,public_complaint,Public land allocated to an individual who is about to develop it.,"18/02/2004, Adi Onyango, Not indicated",,Nairobi Province,,,2,711,annex_19_complaints_from_the_public.csv,"S/No: 160; Planned user: Road reserve & Parking Area; Case summary: Public land allocated to an individual who is about to develop it.; Source/complainant: 18/02/2004, Adi Onyango, Not indicated",none,"Complaint: 209/11115, Urban land, Lavington, Emolo Drive",0
annex_19_complaint_0161,"Urban land, Huruma",,unknown,public_complaint,Pastor Isaac Kamande allocated a Public utility plot.,"18/02/2004, Huruma Ex Grogan Residents, Box 450009, Nairobi",,Nairobi Province,,,2,711,annex_19_complaints_from_the_public.csv,"S/No: 161; Planned user: Not indicated; Case summary: Pastor Isaac Kamande allocated a Public utility plot.; Source/complainant: 18/02/2004, Huruma Ex Grogan Residents, Box 450009, Nairobi",none,"Complaint: Urban land, Huruma",0
annex_19_complaint_0162,"2018, Urban land, Uhuru Garden Estate",,unknown,public_complaint,Beacons planted on a plot set aside as a road reserve.,"18/02/2004, S.K Nkanata, Box 20064, Nairobi",,Nairobi Province,,,2,711,annex_19_complaints_from_the_public.csv,"S/No: 162; Planned user: Road reserve; Case summary: Beacons planted on a plot set aside as a road reserve.; Source/complainant: 18/02/2004, S.K Nkanata, Box 20064, Nairobi",none,"Complaint: 2018, Urban land, Uhuru Garden Estate",0
annex_19_complaint_0163,"Loc. 2/Makomboki/T, Urban land, Makomboki sub-location",,unknown,public_complaint,Refuse dump allocated to an individual.,"18/02/2004, Makomboki plot owners, Box 42568, Nairobi",,Nairobi Province,,,2,711,annex_19_complaints_from_the_public.csv,"S/No: 163; Planned user: Refuse dump; Case summary: Refuse dump allocated to an individual.; Source/complainant: 18/02/2004, Makomboki plot owners, Box 42568, Nairobi",none,"Complaint: Loc. 2/Makomboki/T, Urban land, Makomboki sub-location",0
annex_19_complaint_0164,"National Forest, Karura Behind St. Francis Church",,unknown,public_complaint,Forest land allocated to individuals.,"18/02/2004, Mike Mills, Box 15097 Nairobi",,Nairobi Province,,,2,711,annex_19_complaints_from_the_public.csv,"S/No: 164; Planned user: 240 acres, National Forest (Ngong Forest); Case summary: Forest land allocated to individuals.; Source/complainant: 18/02/2004, Mike Mills, Box 15097 Nairobi",none,"Complaint: National Forest, Karura Behind St. Francis Church",0
annex_19_complaint_0165,"825, Urban land, Alongside Doonholm Outer Ring Road",,unknown,public_complaint,Public land allocated to individuals.,"18/02/2004, M.N Muiruri, Box 34823 Nairobi",,Nairobi Province,,,2,711,annex_19_complaints_from_the_public.csv,"S/No: 165; Planned user: Playground; Case summary: Public land allocated to individuals.; Source/complainant: 18/02/2004, M.N Muiruri, Box 34823 Nairobi",none,"Complaint: 825, Urban land, Alongside Doonholm Outer Ring Road",0
annex_19_complaint_0166,"Plots no. 1617, 1119/10/13/06/07/12/14/20, Urban land, Umoja Estate, Nairobi",,unknown,public_complaint,"Public land allocated to individuals. On plot CF 18, a house is built over a main sewer pipe in the estate. On section 4 folio 2-224/20, a bar is built on land designated for a school or community housing and CF 25 land designated for a secondary school has been allocated to an individual. Cases to be investigated.","18/02/2004, Umoja Catholic Church, Box 30815 Nairobi",,Nairobi Province,,,2,711,annex_19_complaints_from_the_public.csv,"S/No: 166; Planned user: Public utilities; Case summary: Public land allocated to individuals. On plot CF 18, a house is built over a main sewer pipe in the estate. On section 4 folio 2-224/20, a bar is built on land designated for a school or community housing and CF 25 land designated for a secondary school has been allocated to an individual. Cases to be investigated.; Source/complainant: 18/02/2004, Umoja Catholic Church, Box 30815 Nairobi",none,"Complaint: Plots no. 1617, 1119/10/13/06/07/12/14/20, Urban land, Umoja Estate, Nairobi",0
annex_19_complaint_0167,"Urban land, Umoja estate, Osupoko Road, Nairobi",,unknown,public_complaint,Land used as a football field and playground allocated to individuals.,"18/02/2004, Umoja Development Committee, Box 60151 Nairobi",,Nairobi Province,,,2,712,annex_19_complaints_from_the_public.csv,"S/No: 167; Planned user: Recreation; Case summary: Land used as a football field and playground allocated to individuals.; Source/complainant: 18/02/2004, Umoja Development Committee, Box 60151 Nairobi",none,"Complaint: Urban land, Umoja estate, Osupoko Road, Nairobi",0
annex_19_complaint_0168,"Urban land, Buru Buru III, Nairobi",,unknown,public_complaint,Public land allocated to individuals.,"18/02/2004, Residents Buru Buru III, Not indicated",,Nairobi Province,,,2,712,annex_19_complaints_from_the_public.csv,"S/No: 168; Planned user: Open space; Case summary: Public land allocated to individuals.; Source/complainant: 18/02/2004, Residents Buru Buru III, Not indicated",none,"Complaint: Urban land, Buru Buru III, Nairobi",0
annex_19_complaint_0169,"Nairobi/Block61/113, Urban land, Kibera",,unknown,public_complaint,Public land allocated to an individual.,"18/02/2004, Mohamed Ahmed Noor, Box 46805 Nairobi",,Nairobi Province,,,2,712,annex_19_complaints_from_the_public.csv,"S/No: 169; Planned user: Parking Space; Case summary: Public land allocated to an individual.; Source/complainant: 18/02/2004, Mohamed Ahmed Noor, Box 46805 Nairobi",none,"Complaint: Nairobi/Block61/113, Urban land, Kibera",0
annex_19_complaint_0170,"209/3730 Nairobi, Urban land, South B, Nairobi",,unknown,public_complaint,Public land allocated to an individual. Graffex Construction Workers are on site to start the development of the same.,"18/02/2004, Kabiru Community Welfare, Box 447064, Nairobi",,Nairobi Province,,,2,712,annex_19_complaints_from_the_public.csv,"S/No: 170; Planned user: Non indicated; Case summary: Public land allocated to an individual. Graffex Construction Workers are on site to start the development of the same.; Source/complainant: 18/02/2004, Kabiru Community Welfare, Box 447064, Nairobi",none,"Complaint: 209/3730 Nairobi, Urban land, South B, Nairobi",0
annex_19_complaint_0171,"Urban land, Mathare North 4A behind the Sports Ground",,unknown,public_complaint,Public land allocated to individuals. Land is currently being sub divided and fenced.,"18/02/2004, Charles Mwangi, Box 5247, Nairobi",,Nairobi Province,,,2,712,annex_19_complaints_from_the_public.csv,"S/No: 171; Planned user: Parking area; Case summary: Public land allocated to individuals. Land is currently being sub divided and fenced.; Source/complainant: 18/02/2004, Charles Mwangi, Box 5247, Nairobi",none,"Complaint: Urban land, Mathare North 4A behind the Sports Ground",0
annex_19_complaint_0172,"12293, Urban land, Old Ring Road towards the Airport",,unknown,public_complaint,Wall built across a road from Plot No. 37341/180 to the boundary of Jaffery's Sports Club. Sports Club allocated public land and closed Sikh Temple on Braeburn side.,"18/02/2004, Eldelvale Homes, Box 17063, Nairobi",,Nairobi Province,,,2,712,annex_19_complaints_from_the_public.csv,"S/No: 172; Planned user: Non indicated; Case summary: Wall built across a road from Plot No. 37341/180 to the boundary of Jaffery's Sports Club. Sports Club allocated public land and closed Sikh Temple on Braeburn side.; Source/complainant: 18/02/2004, Eldelvale Homes, Box 17063, Nairobi",none,"Complaint: 12293, Urban land, Old Ring Road towards the Airport",0
annex_19_complaint_0173,"3734/180, Urban land, Lavington, Nairobi",,unknown,public_complaint,End of Suguta Road allocated to an individual.,"18/02/2004, Jaffery's Sports Club, Not indicated",,Nairobi Province,,,2,712,annex_19_complaints_from_the_public.csv,"S/No: 173; Planned user: Non indicated; Case summary: End of Suguta Road allocated to an individual.; Source/complainant: 18/02/2004, Jaffery's Sports Club, Not indicated",none,"Complaint: 3734/180, Urban land, Lavington, Nairobi",0
annex_19_complaint_0174,"Urban land, Suguta Road, Kileleshwa Makueni Road, Nairobi",,unknown,public_complaint,Public utility plot allocated to an individual.,"18/02/2004, C. Gitau, Box 59500, Nairobi",,Nairobi Province,,,2,712,annex_19_complaints_from_the_public.csv,"S/No: 174; Planned user: Access road; Case summary: Public utility plot allocated to an individual.; Source/complainant: 18/02/2004, C. Gitau, Box 59500, Nairobi",none,"Complaint: Urban land, Suguta Road, Kileleshwa Makueni Road, Nairobi",0
annex_19_complaint_0175,"Urban land, Windsor View Estate",,unknown,public_complaint,Public utility plot allocated to an individual.,"18/02/2004, John K Ngatia, Box 745377, Nairobi",,Nairobi Province,,,2,712,annex_19_complaints_from_the_public.csv,"S/No: 175; Planned user: School; Case summary: Public utility plot allocated to an individual.; Source/complainant: 18/02/2004, John K Ngatia, Box 745377, Nairobi",none,"Complaint: Urban land, Windsor View Estate",0
annex_19_complaint_0176,"Nairobi/111/1195, Urban land, Nairobi",,unknown,public_complaint,Public land allocated to a private developer.,"18/02/2004, Residents of Komarock Section II Estate, Box 74043, Nairobi",,Nairobi Province,,,2,713,annex_19_complaints_from_the_public.csv,"S/No: 176; Planned user: Nursery School; Case summary: Public land allocated to a private developer.; Source/complainant: 18/02/2004, Residents of Komarock Section II Estate, Box 74043, Nairobi",none,"Complaint: Nairobi/111/1195, Urban land, Nairobi",0
annex_19_complaint_0177,"209-01/206/68008, Urban land, Nairobi",,unknown,public_complaint,Access road fenced off and a semi permanent Kenya a National African Union (KANU) office erected.,"18/02/2004, Residents Tara Flats, Box 11034, Nairobi",,Nairobi Province,,,2,713,annex_19_complaints_from_the_public.csv,"S/No: 177; Planned user: Access road; Case summary: Access road fenced off and a semi permanent Kenya a National African Union (KANU) office erected.; Source/complainant: 18/02/2004, Residents Tara Flats, Box 11034, Nairobi",none,"Complaint: 209-01/206/68008, Urban land, Nairobi",0
annex_19_complaint_0178,"Urban land, House 6 635",,unknown,public_complaint,Public land allocated to a private developer.,"18/02/2004, Ebony Lane Court , Imara Daima, Box 46937 Nairobi",,Nairobi Province,,,2,713,annex_19_complaints_from_the_public.csv,"S/No: 178; Planned user: Playground; Case summary: Public land allocated to a private developer.; Source/complainant: 18/02/2004, Ebony Lane Court , Imara Daima, Box 46937 Nairobi",none,"Complaint: Urban land, House 6 635",0
annex_19_complaint_0179,"209/8254, Urban land, South B Nairobi",,unknown,public_complaint,Land set aside for expansion of Mariakani Primary School and playground for the children allocated to a private developer.,"18/02/2004, Sister Mary-Mariakani Mukuru Primary School, Mariakani Primary School",,Nairobi Province,,,2,713,annex_19_complaints_from_the_public.csv,"S/No: 179; Planned user: 3.65 acres, Primary School; Case summary: Land set aside for expansion of Mariakani Primary School and playground for the children allocated to a private developer.; Source/complainant: 18/02/2004, Sister Mary-Mariakani Mukuru Primary School, Mariakani Primary School",none,"Complaint: 209/8254, Urban land, South B Nairobi",0
annex_19_complaint_0180,"76/578, Urban land, Buruburu, Nairobi",,unknown,public_complaint,Access road allocated to a private developer.,"18/02/2004, Bumbani Court Residents, Box 73229, Nairobi",,Nairobi Province,,,2,713,annex_19_complaints_from_the_public.csv,"S/No: 180; Planned user: Access road; Case summary: Access road allocated to a private developer.; Source/complainant: 18/02/2004, Bumbani Court Residents, Box 73229, Nairobi",none,"Complaint: 76/578, Urban land, Buruburu, Nairobi",0
annex_19_complaint_0181,"Nairobi/90/229 & 307, Urban land, Loresho, Kaptagat Road, Nairobi",,unknown,public_complaint,Plot reserved for Water Reservoir and Police Post allocated to individuals after conversion to residential plots.,"18/02/2004, Richard Njoba, Box 73229, Nairobi",,Nairobi Province,,,2,713,annex_19_complaints_from_the_public.csv,"S/No: 181; Planned user: Police Post and Water Reservoir; Case summary: Plot reserved for Water Reservoir and Police Post allocated to individuals after conversion to residential plots.; Source/complainant: 18/02/2004, Richard Njoba, Box 73229, Nairobi",none,"Complaint: Nairobi/90/229 & 307, Urban land, Loresho, Kaptagat Road, Nairobi",0
annex_19_complaint_0182,"Nairobi20780 formerly 27/34, Government Land, Ridgeways Nairobi",,unknown,public_complaint,Government house allocated to an individual who evicted the occupier to take possession of the same.,"18/02/2004, Major (Rtd) Henry Mwitari, Box 30871, Nairobi",,Nairobi Province,,,2,713,annex_19_complaints_from_the_public.csv,"S/No: 182; Planned user: Government house; Case summary: Government house allocated to an individual who evicted the occupier to take possession of the same.; Source/complainant: 18/02/2004, Major (Rtd) Henry Mwitari, Box 30871, Nairobi",none,"Complaint: Nairobi20780 formerly 27/34, Government Land, Ridgeways Nairobi",0
annex_19_complaint_0183,"Urban land, Nile Road opposite Kanu Offafa Jericho, Nairobi",,unknown,public_complaint,Land set aside for Jua Kali Artisans appropriated by other individuals.,"18/02/2004, Johnson Mwai, Box 12777, Nairobi",,Nairobi Province,,,2,713,annex_19_complaints_from_the_public.csv,"S/No: 183; Planned user: Jua kali sheds; Case summary: Land set aside for Jua Kali Artisans appropriated by other individuals.; Source/complainant: 18/02/2004, Johnson Mwai, Box 12777, Nairobi",none,"Complaint: Urban land, Nile Road opposite Kanu Offafa Jericho, Nairobi",0
annex_19_complaint_0184,"934/6/8/9, Urban land, Dagoreti, Nairobi",,unknown,public_complaint,Case not clear. Complaint lacks detail. Further particulars to be sought.,"18/02/2004, Njeru Karukenya, BOX 28533 Nairobi",,Nairobi Province,,,2,713,annex_19_complaints_from_the_public.csv,"S/No: 184; Planned user: Jua kali sheds; Case summary: Case not clear. Complaint lacks detail. Further particulars to be sought.; Source/complainant: 18/02/2004, Njeru Karukenya, BOX 28533 Nairobi",none,"Complaint: 934/6/8/9, Urban land, Dagoreti, Nairobi",0
annex_19_complaint_0185,"Urban land, 1st Parklands, Nairobi",,unknown,public_complaint,Road reserve near Visa Oshwal Primary School allocated to an individual.,"18/02/2004, Anonymous, Not indicated",,Nairobi Province,,,2,714,annex_19_complaints_from_the_public.csv,"S/No: 185; Planned user: Road reserve; Case summary: Road reserve near Visa Oshwal Primary School allocated to an individual.; Source/complainant: 18/02/2004, Anonymous, Not indicated",none,"Complaint: Urban land, 1st Parklands, Nairobi",0
annex_19_complaint_0186,"Urban land, City Park, Nairobi",,unknown,public_complaint,Public land allocated to two individuals.,"18/02/2004, Anonymous, Not indicated",,Nairobi Province,,,2,714,annex_19_complaints_from_the_public.csv,"S/No: 186; Planned user: Recreation; Case summary: Public land allocated to two individuals.; Source/complainant: 18/02/2004, Anonymous, Not indicated",none,"Complaint: Urban land, City Park, Nairobi",0
annex_19_complaint_0187,"Government land, East Church Road, Nairobi",,unknown,public_complaint,Government employees evicted from Government houses and now suspect that the houses were about to be allocated.,"18/02/2004, J.K Kiiru, P.O Box 57811 Nairobi",,Nairobi Province,,,2,714,annex_19_complaints_from_the_public.csv,"S/No: 187; Planned user: Government houses; Case summary: Government employees evicted from Government houses and now suspect that the houses were about to be allocated.; Source/complainant: 18/02/2004, J.K Kiiru, P.O Box 57811 Nairobi",none,"Complaint: Government land, East Church Road, Nairobi",0
annex_19_complaint_0188,"36/V/21, Urban land, Mathare III, Nairobi",,unknown,public_complaint,School land curved out and allocated to individuals.,"18/02/2004, Kanja Kamole, BOX 7364 Nairobi",,Nairobi Province,,,2,714,annex_19_complaints_from_the_public.csv,"S/No: 188; Planned user: School land; Case summary: School land curved out and allocated to individuals.; Source/complainant: 18/02/2004, Kanja Kamole, BOX 7364 Nairobi",none,"Complaint: 36/V/21, Urban land, Mathare III, Nairobi",0
annex_19_complaint_0189,"Urban land, New Ngara Estate, Not indicated",,unknown,public_complaint,Playground next to the main road allocated to an individual.,"18/02/2004, Eric Konjella, BOX 11309 Nairobi",,Nairobi Province,,,2,714,annex_19_complaints_from_the_public.csv,"S/No: 189; Planned user: Playground; Case summary: Playground next to the main road allocated to an individual.; Source/complainant: 18/02/2004, Eric Konjella, BOX 11309 Nairobi",none,"Complaint: Urban land, New Ngara Estate, Not indicated",0
annex_19_complaint_0190,"Urban land, Ngei, Otiende & Moi Estates Not indicated",,unknown,public_complaint,Main route from estate and shopping centre allocated to individual.,"18/02/2004, Otiende Residents, BOX 5848 Nairobi",,Nairobi Province,,,2,714,annex_19_complaints_from_the_public.csv,"S/No: 190; Planned user: Access road; Case summary: Main route from estate and shopping centre allocated to individual.; Source/complainant: 18/02/2004, Otiende Residents, BOX 5848 Nairobi",none,"Complaint: Urban land, Ngei, Otiende & Moi Estates Not indicated",0
annex_19_complaint_0191,"Forest, State House Road, Nairobi",,unknown,public_complaint,"Part of the Arboretum Forest allocated to individuals for Kshs. 35,000,000.","18/02/2004, Anonymous, Not indicated",,Nairobi Province,,,2,714,annex_19_complaints_from_the_public.csv,"S/No: 191; Planned user: Forest; Case summary: Part of the Arboretum Forest allocated to individuals for Kshs. 35,000,000.; Source/complainant: 18/02/2004, Anonymous, Not indicated",none,"Complaint: Forest, State House Road, Nairobi",0
annex_19_complaint_0192,"Urban land, At end of Wanga-Pala Road",,unknown,public_complaint,It is alleged that the Commissioner of Lands created a plot on a roundabout that accesses all houses in the area.,"18/02/2004, Naresh Shah, Box 30870 Nairobi",,Nairobi Province,,,2,714,annex_19_complaints_from_the_public.csv,"S/No: 192; Planned user: Access road; Case summary: It is alleged that the Commissioner of Lands created a plot on a roundabout that accesses all houses in the area.; Source/complainant: 18/02/2004, Naresh Shah, Box 30870 Nairobi",none,"Complaint: Urban land, At end of Wanga-Pala Road",0
annex_19_complaint_0193,"Urban land, At end of Wanga-Pala Road, Nairobi",,unknown,public_complaint,Public land allocated to an individual.,"18/02/2004, Area residents of Riruta Satellite East, Box 30870 Nairobi",,Nairobi Province,,,2,714,annex_19_complaints_from_the_public.csv,"S/No: 193; Planned user: Parking space, Way Leave; Case summary: Public land allocated to an individual.; Source/complainant: 18/02/2004, Area residents of Riruta Satellite East, Box 30870 Nairobi",none,"Complaint: Urban land, At end of Wanga-Pala Road, Nairobi",0
annex_19_complaint_0194,"Urban land, Soweto Estate in Eastlands, Nairobi",,unknown,public_complaint,Public land allocated to a private developer.,"18/02/2004, Soweto Residents, Not indicated",,Nairobi Province,,,2,714,annex_19_complaints_from_the_public.csv,"S/No: 194; Planned user: Access road; Case summary: Public land allocated to a private developer.; Source/complainant: 18/02/2004, Soweto Residents, Not indicated",none,"Complaint: Urban land, Soweto Estate in Eastlands, Nairobi",0
annex_19_complaint_0195,"Urban land, Next to Ofafa I City Council Clinic, Nairobi",,unknown,public_complaint,Volleyball pitch allocated to unidentified Church Group.,"18/02/2004, Residents Ofafa Jericho, Not indicated",,Nairobi Province,,,2,714,annex_19_complaints_from_the_public.csv,"S/No: 195; Planned user: Recreation; Case summary: Volleyball pitch allocated to unidentified Church Group.; Source/complainant: 18/02/2004, Residents Ofafa Jericho, Not indicated",none,"Complaint: Urban land, Next to Ofafa I City Council Clinic, Nairobi",0
annex_19_complaint_0196,"Urban land, Forest Road & Forest Lane, Nairobi",,unknown,public_complaint,Access road on Forest Lane allocated to an individual.,"18/02/2004, Residents of Forest Lane, Box 63113, Nairobi",,Nairobi Province,,,2,715,annex_19_complaints_from_the_public.csv,"S/No: 196; Planned user: Access road; Case summary: Access road on Forest Lane allocated to an individual.; Source/complainant: 18/02/2004, Residents of Forest Lane, Box 63113, Nairobi",none,"Complaint: Urban land, Forest Road & Forest Lane, Nairobi",0
annex_19_complaint_0197,"Urban land, Dandora Phase II, Nairobi",,unknown,public_complaint,Public land allocated to an individual.,"18/02/2004, Rose Wairimu, Box 28475, Nairobi",,Nairobi Province,,,2,715,annex_19_complaints_from_the_public.csv,"S/No: 197; Planned user: Parking space; Case summary: Public land allocated to an individual.; Source/complainant: 18/02/2004, Rose Wairimu, Box 28475, Nairobi",none,"Complaint: Urban land, Dandora Phase II, Nairobi",0
annex_19_complaint_0198,"209/5041, Urban land, South C, Mihuti Residents",,unknown,public_complaint,Public land allocated to an individual.,"18/02/2004, M.G Abbass, 78361, Nairobi",,Nairobi Province,,,2,715,annex_19_complaints_from_the_public.csv,"S/No: 198; Planned user: Recreation; Case summary: Public land allocated to an individual.; Source/complainant: 18/02/2004, M.G Abbass, 78361, Nairobi",none,"Complaint: 209/5041, Urban land, South C, Mihuti Residents",0
annex_19_complaint_0199,"12596/6766, 63, 62, Urban land, Off Enterprise Road, Nairobi",,unknown,public_complaint,Road reserve allocated to individuals who commenced construction.,"18/02/2004, Auto Diesel &Electrical Services Ltd, Box 18586, Nairobi",,Nairobi Province,,,2,715,annex_19_complaints_from_the_public.csv,"S/No: 199; Planned user: Road reserve; Case summary: Road reserve allocated to individuals who commenced construction.; Source/complainant: 18/02/2004, Auto Diesel &Electrical Services Ltd, Box 18586, Nairobi",none,"Complaint: 12596/6766, 63, 62, Urban land, Off Enterprise Road, Nairobi",0
annex_19_complaint_0200,"Urban land, Masaba Road-Off Bunyala Road, Upper Hill",,unknown,public_complaint,Public utility plots allocated to individuals.,"18/02/2004, A. P Odhiambo, Box 56152, Nairobi",,Nairobi Province,,,2,715,annex_19_complaints_from_the_public.csv,"S/No: 200; Planned user: Non indicated; Case summary: Public utility plots allocated to individuals.; Source/complainant: 18/02/2004, A. P Odhiambo, Box 56152, Nairobi",none,"Complaint: Urban land, Masaba Road-Off Bunyala Road, Upper Hill",0
annex_19_complaint_0201,"Urban land, Between Mama Ngina Children Home & Ole Shapara Road South C",,unknown,public_complaint,An allottee has encroached on the buffer zone at Uhuru Garden Estate.,"18/02/2004, Gatheru Gathemia, Box 8058, Nairobi",,Nairobi Province,,,2,715,annex_19_complaints_from_the_public.csv,"S/No: 201; Planned user: Not indicated; Case summary: An allottee has encroached on the buffer zone at Uhuru Garden Estate.; Source/complainant: 18/02/2004, Gatheru Gathemia, Box 8058, Nairobi",none,"Complaint: Urban land, Between Mama Ngina Children Home & Ole Shapara Road South C",0
annex_19_complaint_0202,"Urban land, Uhuru Garden Estate",,unknown,public_complaint,A Jua Kali Group erected a shed on a road reserve opposite Plot Number 209/6889. It is alleged that they intend to acquire the road reserve on the pretext of using it as a garage.,"18/02/2004, Uhuru Gardens Estate, C/o Jogoo House Box 42445 Nairobi",,Nairobi Province,,,2,715,annex_19_complaints_from_the_public.csv,"S/No: 202; Planned user: Road reserve; Case summary: A Jua Kali Group erected a shed on a road reserve opposite Plot Number 209/6889. It is alleged that they intend to acquire the road reserve on the pretext of using it as a garage.; Source/complainant: 18/02/2004, Uhuru Gardens Estate, C/o Jogoo House Box 42445 Nairobi",none,"Complaint: Urban land, Uhuru Garden Estate",0
annex_19_complaint_0203,"Urban land, Gatundu Road, along Ole Ngurueno Road",,unknown,public_complaint,Riparian reserve bordering L.R NO 209/9628 allocated to an individual and thereby causing flooding to other property owners when it rains.,"18/02/2004, I.M Siquera, Box 46105 Nairobi",,Nairobi Province,,,2,715,annex_19_complaints_from_the_public.csv,"S/No: 203; Planned user: Riparian reserve; Case summary: Riparian reserve bordering L.R NO 209/9628 allocated to an individual and thereby causing flooding to other property owners when it rains.; Source/complainant: 18/02/2004, I.M Siquera, Box 46105 Nairobi",none,"Complaint: Urban land, Gatundu Road, along Ole Ngurueno Road",0
annex_19_complaint_0204,"209/9628, Wetland, Kirichwa Kubwa",,unknown,public_complaint,(Continues),"18/02/2004, F. Chweya, Box 29053 Nairobi",,Nairobi Province,,,2,715,annex_19_complaints_from_the_public.csv,"S/No: 204; Planned user: Riparian reserve; Case summary: (Continues); Source/complainant: 18/02/2004, F. Chweya, Box 29053 Nairobi",none,"Complaint: 209/9628, Wetland, Kirichwa Kubwa",0
annex_19_complaint_0205,"12062/R, Urban land, Kariobangi South",,unknown,public_complaint,Public utility plot allocated to an individual.,"18/02/2004, Patrick M. Kiio, Box 34180 Nairobi",,Nairobi Province,,,2,716,annex_19_complaints_from_the_public.csv,"S/No: 205; Planned user: recreation; Case summary: Public utility plot allocated to an individual.; Source/complainant: 18/02/2004, Patrick M. Kiio, Box 34180 Nairobi",none,"Complaint: 12062/R, Urban land, Kariobangi South",0
annex_19_complaint_0206,"Urban land, Kayole",,unknown,public_complaint,Public land allocated to an individual.,"18/02/2004, Movement for Value of Life and Democracy, Box 28109 Nairobi",,Nairobi Province,,,2,716,annex_19_complaints_from_the_public.csv,"S/No: 206; Planned user: Police station; Case summary: Public land allocated to an individual.; Source/complainant: 18/02/2004, Movement for Value of Life and Democracy, Box 28109 Nairobi",none,"Complaint: Urban land, Kayole",0
annex_19_complaint_0207,"Urban land, Kayole",,unknown,public_complaint,Part of the Public land allocated to an individual.,"18/02/2004, Movement for Value of Life and Democracy, Box 28109 Nairobi",,Nairobi Province,,,2,716,annex_19_complaints_from_the_public.csv,"S/No: 207; Planned user: Kayole I Hospital; Case summary: Part of the Public land allocated to an individual.; Source/complainant: 18/02/2004, Movement for Value of Life and Democracy, Box 28109 Nairobi",none,"Complaint: Urban land, Kayole",0
annex_19_complaint_0208,"Plot No. 2490, Urban Greenfields, Nairobi",,unknown,public_complaint,Playground allocated to an individual.,"18/02/2004, Residents of Greenfield Estate, Box 56465 Nairobi",,Nairobi Province,,,2,716,annex_19_complaints_from_the_public.csv,"S/No: 208; Planned user: Recreation; Case summary: Playground allocated to an individual.; Source/complainant: 18/02/2004, Residents of Greenfield Estate, Box 56465 Nairobi",none,"Complaint: Plot No. 2490, Urban Greenfields, Nairobi",0
annex_19_complaint_0209,"4360/39 & 40, Urban Central Police lines",,unknown,public_complaint,Public land allocated an individual. The land is specifically between 4360/39 and 4360/40.,"18/02/2004, David Kamau, Box 56465 Nairobi",,Nairobi Province,,,2,716,annex_19_complaints_from_the_public.csv,"S/No: 209; Planned user: Access Road; Case summary: Public land allocated an individual. The land is specifically between 4360/39 and 4360/40.; Source/complainant: 18/02/2004, David Kamau, Box 56465 Nairobi",none,"Complaint: 4360/39 & 40, Urban Central Police lines",0
annex_19_complaint_0210,"Urban land, Mwanzi Road, Westlands",,unknown,public_complaint,Public land allocated to individuals.,"18/02/2004, Westlands Environmental Care Taker Group, Box 23684 Nairobi",,Nairobi Province,,,2,716,annex_19_complaints_from_the_public.csv,"S/No: 210; Planned user: Riparian and Road Reserves.; Case summary: Public land allocated to individuals.; Source/complainant: 18/02/2004, Westlands Environmental Care Taker Group, Box 23684 Nairobi",none,"Complaint: Urban land, Mwanzi Road, Westlands",0
annex_19_complaint_0211,"Government land, Government Quarters Phase II Jogoo Road",,unknown,public_complaint,Public utility plot allocated to an individual.,"18/02/2004, Fredrick Ojiambo, Box 72661 Nairobi",,Nairobi Province,,,2,716,annex_19_complaints_from_the_public.csv,"S/No: 211; Planned user: Recreation; Case summary: Public utility plot allocated to an individual.; Source/complainant: 18/02/2004, Fredrick Ojiambo, Box 72661 Nairobi",none,"Complaint: Government land, Government Quarters Phase II Jogoo Road",0
annex_19_complaint_0212,"Urban land, Kasarani",,unknown,public_complaint,Land set aside for Kasarani Secondary School allocated to an individual.,"18/02/2004, Patrick Njoroge & Ibrahim Njuguna, Box 9497 Nairobi",,Nairobi Province,,,2,716,annex_19_complaints_from_the_public.csv,"S/No: 212; Planned user: Secondary School; Case summary: Land set aside for Kasarani Secondary School allocated to an individual.; Source/complainant: 18/02/2004, Patrick Njoroge & Ibrahim Njuguna, Box 9497 Nairobi",none,"Complaint: Urban land, Kasarani",0
annex_19_complaint_0213,"Urban land, Ngei II Langata",,unknown,public_complaint,Public utility plot allocated to individual.,"18/02/2004, Ngei Phase II Residents Association, Box 69310, Nairobi",,Nairobi Province,,,2,716,annex_19_complaints_from_the_public.csv,"S/No: 213; Planned user: Public utility; Case summary: Public utility plot allocated to individual.; Source/complainant: 18/02/2004, Ngei Phase II Residents Association, Box 69310, Nairobi",none,"Complaint: Urban land, Ngei II Langata",0
annex_19_complaint_0214,"Urban land, Makadara Constituency",,unknown,public_complaint,Public utilities between blocks Z1 to Z5 allocated to Nile Roads Secondary School.,"18/02/2004, Residents of Jericho Lumumba, Box 20753 Nairobi",,Nairobi Province,,,2,717,annex_19_complaints_from_the_public.csv,"S/No: 214; Planned user: Non indicated; Case summary: Public utilities between blocks Z1 to Z5 allocated to Nile Roads Secondary School.; Source/complainant: 18/02/2004, Residents of Jericho Lumumba, Box 20753 Nairobi",none,"Complaint: Urban land, Makadara Constituency",0
annex_19_complaint_0215,"Urban land, Kabete",,unknown,public_complaint,Land belonging to the Vetenary Laboratory allegedly grabbed.,"18/02/2004, Owuor Samuel, Box 359-00605 Nairobi",,Nairobi Province,,,2,717,annex_19_complaints_from_the_public.csv,"S/No: 215; Planned user: Non indicated; Case summary: Land belonging to the Vetenary Laboratory allegedly grabbed.; Source/complainant: 18/02/2004, Owuor Samuel, Box 359-00605 Nairobi",none,"Complaint: Urban land, Kabete",0
annex_19_complaint_0216,"209/14392, Urban land, Westlands",,unknown,public_complaint,"It is alleged that the said land was allocated by oversight to Cab Investments Co. Ltd and upon realizing the mistake, the Principal Registrar of Titles requested the Company to surrender the parcel of land back to the Government. The Company refused to do the same.","18/02/2004, Operation Firimbi, Box 14550, Nairobi",,Nairobi Province,,,2,717,annex_19_complaints_from_the_public.csv,"S/No: 216; Planned user: Road reserve; Case summary: It is alleged that the said land was allocated by oversight to Cab Investments Co. Ltd and upon realizing the mistake, the Principal Registrar of Titles requested the Company to surrender the parcel of land back to the Government. The Company refused to do the same.; Source/complainant: 18/02/2004, Operation Firimbi, Box 14550, Nairobi",none,"Complaint: 209/14392, Urban land, Westlands",0
annex_19_complaint_0217,"209/104R, Wetland, Avenue, Parklands",,unknown,public_complaint,Public utility plot allocated to individual.,"18/02/2004, Operation Firimbi, Box 14550, Nairobi",,Nairobi Province,,,2,717,annex_19_complaints_from_the_public.csv,"S/No: 217; Planned user: Water catchment; Case summary: Public utility plot allocated to individual.; Source/complainant: 18/02/2004, Operation Firimbi, Box 14550, Nairobi",none,"Complaint: 209/104R, Wetland, Avenue, Parklands",0
annex_19_complaint_0218,"209/6368/1, Urban Land, Next to Standard Chartered Bank, Westlands Branch",,unknown,public_complaint,Public utility plot allocated to an individual.,"18/02/2004, Operation Firimbi, Box 14550, Nairobi",,Nairobi Province,,,2,717,annex_19_complaints_from_the_public.csv,"S/No: 218; Planned user: Road reserve; Case summary: Public utility plot allocated to an individual.; Source/complainant: 18/02/2004, Operation Firimbi, Box 14550, Nairobi",none,"Complaint: 209/6368/1, Urban Land, Next to Standard Chartered Bank, Westlands Branch",0
annex_19_complaint_0219,"209/13324, Urban Land, Bora Primary School Westlands",,unknown,public_complaint,Part of Bora Primary School allocated to an individual.,"18/02/2004, Operation Firimbi, Box 14550, Nairobi",,Nairobi Province,,,2,717,annex_19_complaints_from_the_public.csv,"S/No: 219; Planned user: School; Case summary: Part of Bora Primary School allocated to an individual.; Source/complainant: 18/02/2004, Operation Firimbi, Box 14550, Nairobi",none,"Complaint: 209/13324, Urban Land, Bora Primary School Westlands",0
annex_19_complaint_0220,"1870/1/2004, State Corporation Land, Not indicated",,unknown,public_complaint,Public utility plot allocated to individual.,"18/02/2004, Operation Firimbi, Box 14550, Nairobi",,Nairobi Province,,,2,717,annex_19_complaints_from_the_public.csv,"S/No: 220; Planned user: Railway land; Case summary: Public utility plot allocated to individual.; Source/complainant: 18/02/2004, Operation Firimbi, Box 14550, Nairobi",none,"Complaint: 1870/1/2004, State Corporation Land, Not indicated",0
annex_19_complaint_0221,"1870/1/204, 205, 4857/63, 341/4/1/1, 341/4.2, 209/347/180/6.1, State Corporation Land, Not indicated",,unknown,public_complaint,City Council of Nairobi land sub divided to L.R No. 1870/IX/169 & L.R No. 1870/IX/170 and then allocated to individuals.,"18/02/2004, Operation Firimbi, Box 14550, Nairobi",,Nairobi Province,,,2,718,annex_19_complaints_from_the_public.csv,"S/No: 221; Planned user: Market; Case summary: City Council of Nairobi land sub divided to L.R No. 1870/IX/169 & L.R No. 1870/IX/170 and then allocated to individuals.; Source/complainant: 18/02/2004, Operation Firimbi, Box 14550, Nairobi",none,"Complaint: 1870/1/204, 205, 4857/63, 341/4/1/1, 341/4.2, 209/347/180/6.1, State Corporation Land, Not indicated",0
annex_19_complaint_0222,"1870/IX/204, Urban land, Not indicated",,unknown,public_complaint,Public utility plot allocated to an individual.,"18/02/2004, Operation Firimbi, Box 14550, Nairobi",,Nairobi Province,,,2,718,annex_19_complaints_from_the_public.csv,"S/No: 222; Planned user: Toilet; Case summary: Public utility plot allocated to an individual.; Source/complainant: 18/02/2004, Operation Firimbi, Box 14550, Nairobi",none,"Complaint: 1870/IX/204, Urban land, Not indicated",0
annex_19_complaint_0223,"1870/IX/54, Urban land, Wood Vale Grove",,unknown,public_complaint,Public utility plot allocated to individual.,"18/02/2004, Operation Firimbi, Box 14550, Nairobi",,Nairobi Province,,,2,718,annex_19_complaints_from_the_public.csv,"S/No: 223; Planned user: Public toilet; Case summary: Public utility plot allocated to individual.; Source/complainant: 18/02/2004, Operation Firimbi, Box 14550, Nairobi",none,"Complaint: 1870/IX/54, Urban land, Wood Vale Grove",0
annex_19_complaint_0224,"209/144146, Urban land, Roundabout next to Jamhuri High School",,unknown,public_complaint,Various Public utilities allocated to private developers. The Nairobi City Council Housing Development Department at Dandora in Embakasi Division has been instrumental in these allocations. Matter to be investigated further.,"18/02/2004, Operation Firimbi, Box 14550, Nairobi",,Nairobi Province,,,2,718,annex_19_complaints_from_the_public.csv,"S/No: 224; Planned user: Various (Shopping Centres, Market, Playground, Schools); Case summary: Various Public utilities allocated to private developers. The Nairobi City Council Housing Development Department at Dandora in Embakasi Division has been instrumental in these allocations. Matter to be investigated further.; Source/complainant: 18/02/2004, Operation Firimbi, Box 14550, Nairobi",none,"Complaint: 209/144146, Urban land, Roundabout next to Jamhuri High School",0
annex_19_complaint_0225,"Urban land, Nairobi (Kayole, Embakasi, Dandora)",,unknown,public_complaint,Government house condemned and then allocated to individual. Initial allotees not allocated even after paying stand premium.,"17/2/04, Kenya National Hawkers Association, Box 75765 Nairobi",,Nairobi Province,,,2,718,annex_19_complaints_from_the_public.csv,"S/No: 225; Planned user: 0.3 HA, Government Houses; Case summary: Government house condemned and then allocated to individual. Initial allotees not allocated even after paying stand premium.; Source/complainant: 17/2/04, Kenya National Hawkers Association, Box 75765 Nairobi",none,"Complaint: Urban land, Nairobi (Kayole, Embakasi, Dandora)",0
annex_19_complaint_0226,"HG 115 NGONG ROAD PDP REF 30120/IX/32, Government land, Ngong Road",,unknown,public_complaint,Public land allocated to individual who sought change of user to residential.,"15th April 2004, The Institute of Engineers of Kenya, P.O Box 41346, 01000",,Nairobi Province,,,2,718,annex_19_complaints_from_the_public.csv,"S/No: 226; Planned user: 0.097 HA, Educational use; Case summary: Public land allocated to individual who sought change of user to residential.; Source/complainant: 15th April 2004, The Institute of Engineers of Kenya, P.O Box 41346, 01000",none,"Complaint: HG 115 NGONG ROAD PDP REF 30120/IX/32, Government land, Ngong Road",0
annex_19_complaint_0227,"209/10722/18, Urban Land, South C Nairobi",,unknown,public_complaint,Public road intitally 12 metres reduced to 6 metres vide FR. NO 348/69 and allocted to individuals.,"21st April 2004, Residents of Ruby Estate, South C Nairobi",,Nairobi Province,,,2,718,annex_19_complaints_from_the_public.csv,"S/No: 227; Planned user: Road Reserve; Case summary: Public road intitally 12 metres reduced to 6 metres vide FR. NO 348/69 and allocted to individuals.; Source/complainant: 21st April 2004, Residents of Ruby Estate, South C Nairobi",none,"Complaint: 209/10722/18, Urban Land, South C Nairobi",0
annex_19_complaint_0228,"209/13435, Urban land, Gikomba Nairobi",,unknown,public_complaint,Complaint that land intended for primary school auxilliary development has been aloocated.,"20th April 2004, Vitalis Ariat Malombe, P.O Box 13298, Nairobi",,Nairobi Province,,,2,719,annex_19_complaints_from_the_public.csv,"S/No: 228; Planned user: Recreation & Educational; Case summary: Complaint that land intended for primary school auxilliary development has been aloocated.; Source/complainant: 20th April 2004, Vitalis Ariat Malombe, P.O Box 13298, Nairobi",none,"Complaint: 209/13435, Urban land, Gikomba Nairobi",0
annex_19_complaint_0229,"Urban land, intended Library, field, open space, etc in the estate.",,unknown,public_complaint,(case_summary cell empty in source),"Residents of Kimathi Estate association, Kimathi Nairobi",,Nairobi Province,,,2,719,annex_19_complaints_from_the_public.csv,"S/No: 229; Case summary: (case_summary cell empty in source); Source/complainant: Residents of Kimathi Estate association, Kimathi Nairobi",none,"Complaint: Urban land, intended Library, field, open space, etc in the estate.",0
annex_19_complaint_0230,"Plot No.61, Trust Land, Muranga",,unknown,public_complaint,Government house allocated to an individual.,"30/1/2004, Harrison K. Gichohi, P.O Box 1, Gitugi",,Central Province,,,2,720,annex_19_complaints_from_the_public.csv,"S/No: 1; Planned user: District Officer's Residential house; Case summary: Government house allocated to an individual.; Source/complainant: 30/1/2004, Harrison K. Gichohi, P.O Box 1, Gitugi",none,"Complaint: Plot No.61, Trust Land, Muranga",0
annex_19_complaint_0231,"Trust land, Thika",,unknown,public_complaint,Land donated by the late Mrs. Esther Kiringa to Kiambu County Council for a Public Nursery School and Tea Buying Centre allocated to individuals. Matter should be investigated to ascertain the facts.,"18/2/2004, Mwaura S.R. Ndirangu, P.O Box 952, Thika",,Central Province,,,2,720,annex_19_complaints_from_the_public.csv,"S/No: 2; Planned user: 0.40 Ha, Tea Buying Centre and Nursery school; Case summary: Land donated by the late Mrs. Esther Kiringa to Kiambu County Council for a Public Nursery School and Tea Buying Centre allocated to individuals. Matter should be investigated to ascertain the facts.; Source/complainant: 18/2/2004, Mwaura S.R. Ndirangu, P.O Box 952, Thika",none,"Complaint: Trust land, Thika",0
annex_19_complaint_0232,"Plot No.252, Trust Land, Nyeri",,unknown,public_complaint,Public utilities allocated to private developers.,"18/9/2003, Ragati Self Help Health Centre and Kaga Self Help Water Project, P.O Box 771, Nanyuki",,Central Province,,,2,720,annex_19_complaints_from_the_public.csv,"S/No: 3; Planned user: Depot – Rukuma Public Works Depot, Kirenga Market, Dispensary; Case summary: Public utilities allocated to private developers.; Source/complainant: 18/9/2003, Ragati Self Help Health Centre and Kaga Self Help Water Project, P.O Box 771, Nanyuki",none,"Complaint: Plot No.252, Trust Land, Nyeri",0
annex_19_complaint_0233,"Ruiru- KIU Block 6 (Gatharaini)/263,214 211, Trust Land,Githurai Ruiru Municipal Council",,unknown,public_complaint,Councilors allocated themselves part of Mwea/Muthithi Settlement Scheme reserved for the landless.,"19/2/2004, Githurai Kimbo Hawkers Welfare Association, P.O Box 7297 00100 Nairobi",,Central Province,,,2,720,annex_19_complaints_from_the_public.csv,"S/No: 4; Planned user: Settlement Scheme; Case summary: Councilors allocated themselves part of Mwea/Muthithi Settlement Scheme reserved for the landless.; Source/complainant: 19/2/2004, Githurai Kimbo Hawkers Welfare Association, P.O Box 7297 00100 Nairobi",none,"Complaint: Ruiru- KIU Block 6 (Gatharaini)/263,214 211, Trust Land,Githurai Ruiru Municipal Council",0
annex_19_complaint_0234,"Gatamaiyu/Kagwe/T277 Gatamaiyu/Nyandumi 57,T158 and T720, Trust Land, Gatamaiyu, Lari Constituency",,unknown,public_complaint,Nyahuru Primary School land curved out and allocated to individuals.,"17/12/2003, Coordinator, NARC, LARI Constituency, P.O Box 12873, NAIROBI",,Central Province,,,2,720,annex_19_complaints_from_the_public.csv,"S/No: 5; Planned user: Primary School; Case summary: Nyahuru Primary School land curved out and allocated to individuals.; Source/complainant: 17/12/2003, Coordinator, NARC, LARI Constituency, P.O Box 12873, NAIROBI",none,"Complaint: Gatamaiyu/Kagwe/T277 Gatamaiyu/Nyandumi 57,T158 and T720, Trust Land, Gatamaiyu, Lari Constituency",0
annex_19_complaint_0235,"Government Land, Kangema, Muranga",,unknown,public_complaint,Land earmarked for development of a Primary School allocated as Ruiru East Block 5/1.,"7/1/2004, Peter Mwangi Maina, P.O Box 73, Kangema",,Central Province,,,2,721,annex_19_complaints_from_the_public.csv,"S/No: 6; Planned user: Primary school; Case summary: Land earmarked for development of a Primary School allocated as Ruiru East Block 5/1.; Source/complainant: 7/1/2004, Peter Mwangi Maina, P.O Box 73, Kangema",none,"Complaint: Government Land, Kangema, Muranga",0
annex_19_complaint_0236,"Gatamaiyu / Kamburu 1200, Trust Land, Kiambu",,unknown,public_complaint,"The County Council Treasurer, Mr. Wainaina, allocated himself a Public utility.","26/2/2004, Stephen W. Kangunyi, P.O Box 934, Kiambu",,Central Province,,,2,721,annex_19_complaints_from_the_public.csv,"S/No: 7; Planned user: Jua Kali Artisans; Case summary: The County Council Treasurer, Mr. Wainaina, allocated himself a Public utility.; Source/complainant: 26/2/2004, Stephen W. Kangunyi, P.O Box 934, Kiambu",none,"Complaint: Gatamaiyu / Kamburu 1200, Trust Land, Kiambu",0
annex_19_complaint_0237,"Trust Land, Kirenga, Lari Constituency",,unknown,public_complaint,Land allocated for use by Local Jua Kali Artisans appropriated by an individual.,"17/12/2003, Coordinator, NARC, LARI Constituency, P.O Box 12873, NAIROBI",,Central Province,,,2,721,annex_19_complaints_from_the_public.csv,"S/No: 8; Planned user: Non indicated; Case summary: Land allocated for use by Local Jua Kali Artisans appropriated by an individual.; Source/complainant: 17/12/2003, Coordinator, NARC, LARI Constituency, P.O Box 12873, NAIROBI",none,"Complaint: Trust Land, Kirenga, Lari Constituency",0
annex_19_complaint_0238,"Settlement Scheme, Diocese of Kirinyaga",,unknown,public_complaint,3-acre plot set aside for an open-air market grabbed by three developers. Traders are now using the road buffers and reserves.,"23-02-2004, Rev. David Gitari, Box 69740 Nairobi",,Central Province,,,2,721,annex_19_complaints_from_the_public.csv,"S/No: 9; Planned user: Open Air Market; Case summary: 3-acre plot set aside for an open-air market grabbed by three developers. Traders are now using the road buffers and reserves.; Source/complainant: 23-02-2004, Rev. David Gitari, Box 69740 Nairobi",none,"Complaint: Settlement Scheme, Diocese of Kirinyaga",0
annex_19_complaint_0239,"6585/985-23, Government Land, Nyahururu Municipality",,unknown,public_complaint,Land set aside to build a church allocated to an individual.,"23-02-2004, Mazingira Institute, Westlands Nairobi",,Central Province,,,2,721,annex_19_complaints_from_the_public.csv,"S/No: 10; Planned user: Church; Case summary: Land set aside to build a church allocated to an individual.; Source/complainant: 23-02-2004, Mazingira Institute, Westlands Nairobi",none,"Complaint: 6585/985-23, Government Land, Nyahururu Municipality",0
annex_19_complaint_0240,"4899/2 Plot No 477, Trust Land, East of Kahawa",,unknown,public_complaint,Public land allocated to a man and his wife.,"23-02-2004, Wendani Residents, Box 34431 Nairobi",,Central Province,,,2,721,annex_19_complaints_from_the_public.csv,"S/No: 11; Planned user: Cemetery and Coffee Factory; Case summary: Public land allocated to a man and his wife.; Source/complainant: 23-02-2004, Wendani Residents, Box 34431 Nairobi",none,"Complaint: 4899/2 Plot No 477, Trust Land, East of Kahawa",0
annex_19_complaint_0241,"Nyahururu/Block/4/2,Trust Land, Nyahururu County Council",,unknown,public_complaint,Public land encroached upon by adjacent landowners.,"23-02-2004, D.K Njue, Box 280 Nyahururu",,Central Province,,,2,721,annex_19_complaints_from_the_public.csv,"S/No: 12; Planned user: Access Road & Communal Sewer; Case summary: Public land encroached upon by adjacent landowners.; Source/complainant: 23-02-2004, D.K Njue, Box 280 Nyahururu",none,"Complaint: Nyahururu/Block/4/2,Trust Land, Nyahururu County Council",0
annex_19_complaint_0242,"Trust Land, Kinoo Location",,unknown,public_complaint,Various public utilities allocated to individuals.,"23-02-2004, Kinoo Location Councilor Dome Wamagata, Box 195 Kikuyu",,Central Province,,,2,721,annex_19_complaints_from_the_public.csv,"S/No: 13; Planned user: Various (School, market, church); Case summary: Various public utilities allocated to individuals.; Source/complainant: 23-02-2004, Kinoo Location Councilor Dome Wamagata, Box 195 Kikuyu",none,"Complaint: Trust Land, Kinoo Location",0
annex_19_complaint_0243,"Trust Land, Near Kiriri Consolata Hospital",,unknown,public_complaint,Land set aside by the Nyeri Municipal Council for Public utility allocated to an employee.,"23-02-2004, Antony Kariga, Box 371 Othaya",,Central Province,,,2,722,annex_19_complaints_from_the_public.csv,"S/No: 14; Planned user: Playground; Case summary: Land set aside by the Nyeri Municipal Council for Public utility allocated to an employee.; Source/complainant: 23-02-2004, Antony Kariga, Box 371 Othaya",none,"Complaint: Trust Land, Near Kiriri Consolata Hospital",0
annex_19_complaint_0244,"Urban Land, Mweiga",,unknown,public_complaint,Land set aside for a public purpose temporarily allocated to a Women Group and now the D.C has changed the status from temporary to permanent.,"23-02-2004, Mazingira Institute, Westlands Nairobi",,Central Province,,,2,722,annex_19_complaints_from_the_public.csv,"S/No: 15; Planned user: Health Centre; Case summary: Land set aside for a public purpose temporarily allocated to a Women Group and now the D.C has changed the status from temporary to permanent.; Source/complainant: 23-02-2004, Mazingira Institute, Westlands Nairobi",none,"Complaint: Urban Land, Mweiga",0
annex_19_complaint_0245,"744, Trust Land, Kahiga Village, Gachika Sub-location",,unknown,public_complaint,Land set aside for public purposes allocated to individuals.,"23-02-2004, Matthew Macharia Murithi, Box 8, Karatina",,Central Province,,,2,722,annex_19_complaints_from_the_public.csv,"S/No: 16; Planned user: School, Cemetery and Youth Centre; Case summary: Land set aside for public purposes allocated to individuals.; Source/complainant: 23-02-2004, Matthew Macharia Murithi, Box 8, Karatina",none,"Complaint: 744, Trust Land, Kahiga Village, Gachika Sub-location",0
annex_19_complaint_0246,"44-51, Trust Land, Ruiru Town",,unknown,public_complaint,A plot set aside for a public purpose allocated to an individual. It is alleged that this affects plot owners of Lari/Kijabe/ 81-137.,"23-02-2004, N.K Kiburi, Box 410 Ruiru",,Central Province,,,2,722,annex_19_complaints_from_the_public.csv,"S/No: 17; Planned user: Cattle dip and Access road; Case summary: A plot set aside for a public purpose allocated to an individual. It is alleged that this affects plot owners of Lari/Kijabe/ 81-137.; Source/complainant: 23-02-2004, N.K Kiburi, Box 410 Ruiru",none,"Complaint: 44-51, Trust Land, Ruiru Town",0
annex_19_complaint_0247,"Kiambaa/Thimbigua/T220/T381/T422/T423, Trust Land, Karuri Town",,unknown,public_complaint,Land set aside for extension of Mirangi Secondary school allocated to private developers.,"23-02-2004, Muchata Aged People, Box 759 Karuri",,Central Province,,,2,722,annex_19_complaints_from_the_public.csv,"S/No: 18; Planned user: Extension of Secondary School; Case summary: Land set aside for extension of Mirangi Secondary school allocated to private developers.; Source/complainant: 23-02-2004, Muchata Aged People, Box 759 Karuri",none,"Complaint: Kiambaa/Thimbigua/T220/T381/T422/T423, Trust Land, Karuri Town",0
annex_19_complaint_0248,"182/95 Kiganjo, 9395/104R, Trust Land, Kiganjo",,unknown,public_complaint,Public land allocated to an individual.,"23-02-2004, Muthithi Kahiga, Box 84 Kiganjo",,Central Province,,,2,722,annex_19_complaints_from_the_public.csv,"S/No: 19; Planned user: Recreation; Case summary: Public land allocated to an individual.; Source/complainant: 23-02-2004, Muthithi Kahiga, Box 84 Kiganjo",none,"Complaint: 182/95 Kiganjo, 9395/104R, Trust Land, Kiganjo",0
annex_19_complaint_0249,"Trust Land, Murang'a District",,unknown,public_complaint,Part of the land utilized by Postal Corporation for its Housing units allocated to an individual after survey.,"18/02/2004, Reuben N Kimani, Not indicated",,Central Province,,,2,722,annex_19_complaints_from_the_public.csv,"S/No: 20; Planned user: Postal Corporation of Kenya House; Case summary: Part of the land utilized by Postal Corporation for its Housing units allocated to an individual after survey.; Source/complainant: 18/02/2004, Reuben N Kimani, Not indicated",none,"Complaint: Trust Land, Murang'a District",0
annex_19_complaint_0250,"2, 523 1030, 1070& 1072, Trust Land, Kikuyu Division of Kiambu District",,unknown,public_complaint,Water Catchment's Area allocated to an individual.,"18/02/2004, James Kabitu, Box 87 Kikuyu",,Central Province,,,2,722,annex_19_complaints_from_the_public.csv,"S/No: 21; Planned user: Water Catchment; Case summary: Water Catchment's Area allocated to an individual.; Source/complainant: 18/02/2004, James Kabitu, Box 87 Kikuyu",none,"Complaint: 2, 523 1030, 1070& 1072, Trust Land, Kikuyu Division of Kiambu District",0
annex_19_complaint_0251,"Trust Land, Lari-Kijabe",,unknown,public_complaint,Its is alleged that the County Council of Murang'a allowed people to settle and log in an indigenous forest thereby destroying it despite the fact that it has not been degazetted.,"18/02/2004, Kijabe Community, Box 44 Kijabe",,Central Province,,,2,723,annex_19_complaints_from_the_public.csv,"S/No: 22; Planned user: Indigenous Forest; Case summary: Its is alleged that the County Council of Murang'a allowed people to settle and log in an indigenous forest thereby destroying it despite the fact that it has not been degazetted.; Source/complainant: 18/02/2004, Kijabe Community, Box 44 Kijabe",none,"Complaint: Trust Land, Lari-Kijabe",0
annex_19_complaint_0252,"Plot No. 1455, Trust Land, Lari-Kiambu",,unknown,public_complaint,Public land allocated to individuals.,"18/02/2004, Parents of Mirangi, Box 144 Matatha",,Central Province,,,2,723,annex_19_complaints_from_the_public.csv,"S/No: 23; Planned user: Cattle Dip and Access Road; Case summary: Public land allocated to individuals.; Source/complainant: 18/02/2004, Parents of Mirangi, Box 144 Matatha",none,"Complaint: Plot No. 1455, Trust Land, Lari-Kiambu",0
annex_19_complaint_0253,"Trust Land, Mwana-Mukia No. 1",,unknown,public_complaint,Public utility plots allocated to individuals. Matter to be investigated further to ascertain the facts.,"18/02/2004, Muthuo Kanyari, Box 6789 Nairobi",,Central Province,,,2,723,annex_19_complaints_from_the_public.csv,"S/No: 24; Planned user: Road Market; Case summary: Public utility plots allocated to individuals. Matter to be investigated further to ascertain the facts.; Source/complainant: 18/02/2004, Muthuo Kanyari, Box 6789 Nairobi",none,"Complaint: Trust Land, Mwana-Mukia No. 1",0
annex_19_complaint_0254,"Block 1/374, Parastatal land, Karatina",,unknown,public_complaint,Public utility plots allocated to individuals. Matter to be investigated further to ascertain the facts.,"18/02/2004, Peter Karuriru, Box 820, Karatina",,Central Province,,,2,723,annex_19_complaints_from_the_public.csv,"S/No: 25; Planned user: Tea Buying Centre, Nursery School, Matimbei Market; Case summary: Public utility plots allocated to individuals. Matter to be investigated further to ascertain the facts.; Source/complainant: 18/02/2004, Peter Karuriru, Box 820, Karatina",none,"Complaint: Block 1/374, Parastatal land, Karatina",0
annex_19_complaint_0255,"Plot nos. 559, Wetland, South Kinangop, Nyandarua",,unknown,public_complaint,Public utility plot allocated to individuals. Matter to be investigated to ascertain the facts.,"18/02/2004, Mucheru M.N, Box 2, Mugumu via Limuru",,Central Province,,,2,723,annex_19_complaints_from_the_public.csv,"S/No: 26; Planned user: Refuse Disposal; Case summary: Public utility plot allocated to individuals. Matter to be investigated to ascertain the facts.; Source/complainant: 18/02/2004, Mucheru M.N, Box 2, Mugumu via Limuru",none,"Complaint: Plot nos. 559, Wetland, South Kinangop, Nyandarua",0
annex_19_complaint_0256,"National Forest, Murandia/Gaichangerwo Village, Murang'a",,unknown,public_complaint,Public utility plot subdivided and allocated to individuals. Matter to be investigated to ascertain the facts.,"18/02/2004, Murandia Operation Firimbi, Box 523, Murang'a",,Central Province,,,2,723,annex_19_complaints_from_the_public.csv,"S/No: 27; Planned user: Dispensary, House; Case summary: Public utility plot subdivided and allocated to individuals. Matter to be investigated to ascertain the facts.; Source/complainant: 18/02/2004, Murandia Operation Firimbi, Box 523, Murang'a",none,"Complaint: National Forest, Murandia/Gaichangerwo Village, Murang'a",0
annex_19_complaint_0257,"1870/IV/154, 155, 156, Trust Land, Lari-Kijabe",,unknown,public_complaint,Public utility plot subdivided and allocated to individuals. Matter to be investigated to ascertain the facts.,"18/02/2004, M.A Khan, Box 45100 Nairobi",,Central Province,,,2,723,annex_19_complaints_from_the_public.csv,"S/No: 28; Planned user: Recreation Area; Case summary: Public utility plot subdivided and allocated to individuals. Matter to be investigated to ascertain the facts.; Source/complainant: 18/02/2004, M.A Khan, Box 45100 Nairobi",none,"Complaint: 1870/IV/154, 155, 156, Trust Land, Lari-Kijabe",0
annex_19_complaint_0258,"Trust Land, Kamburu, Lari Constituency",,unknown,public_complaint,Public land sub-divided and allocated to individuals. Matter to be investigated to ascertain the facts.,"17/12/03, Co-ordinator NARC, LARI Constituency, 12873 Nairobi",,Central Province,,,2,724,annex_19_complaints_from_the_public.csv,"S/No: 29; Planned user: Road reserve; Case summary: Public land sub-divided and allocated to individuals. Matter to be investigated to ascertain the facts.; Source/complainant: 17/12/03, Co-ordinator NARC, LARI Constituency, 12873 Nairobi",none,"Complaint: Trust Land, Kamburu, Lari Constituency",0
annex_19_complaint_0259,"Plot No. 284, 288, 286, 289, Trust Land, Kanga, Lari Constituency",,unknown,public_complaint,"14 acres of Public land hived off, subdivided and allocated to individuals as Plot No. 1453. This was done with full knowledge of the administration. Matter to be investigated to ascertain the facts.","17/12/03, Co-ordinator NARC, LARI Constituency, 12873 Nairobi",,Central Province,,,2,724,annex_19_complaints_from_the_public.csv,"S/No: 30; Planned user: 40 acres, Pyrethrum Nursery; Case summary: 14 acres of Public land hived off, subdivided and allocated to individuals as Plot No. 1453. This was done with full knowledge of the administration. Matter to be investigated to ascertain the facts.; Source/complainant: 17/12/03, Co-ordinator NARC, LARI Constituency, 12873 Nairobi",none,"Complaint: Plot No. 284, 288, 286, 289, Trust Land, Kanga, Lari Constituency",0
annex_19_complaint_0260,"Plot No. 292, 290, 270, 291, 296, 293, 294, 299,301,305, 306, Trust land, Kanga, Lari Constituency",,unknown,public_complaint,Public land (now known as Gatamaiyo/Gachoire/1076 Kiruiru) allocated to individuals. Matter to be investigated to ascertain the facts.,"17/12/03, Co-ordinator NARC, LARI Constituency, 12873 Nairobi",,Central Province,,,2,724,annex_19_complaints_from_the_public.csv,"S/No: 31; Planned user: Non indicated; Case summary: Public land (now known as Gatamaiyo/Gachoire/1076 Kiruiru) allocated to individuals. Matter to be investigated to ascertain the facts.; Source/complainant: 17/12/03, Co-ordinator NARC, LARI Constituency, 12873 Nairobi",none,"Complaint: Plot No. 292, 290, 270, 291, 296, 293, 294, 299,301,305, 306, Trust land, Kanga, Lari Constituency",0
annex_19_complaint_0261,"Plot No. 312, Trust Land,Kagaa, Lari constituency",,unknown,public_complaint,Public land allocated to individuals. Matter to be investigated to ascertain the facts.,"17/12/03, Co-ordinator NARC, LARI Constituency, 12873 Nairobi",,Central Province,,,2,724,annex_19_complaints_from_the_public.csv,"S/No: 32; Planned user: Access Road; Case summary: Public land allocated to individuals. Matter to be investigated to ascertain the facts.; Source/complainant: 17/12/03, Co-ordinator NARC, LARI Constituency, 12873 Nairobi",none,"Complaint: Plot No. 312, Trust Land,Kagaa, Lari constituency",0
annex_19_complaint_0262,"Trust Land,Kagaa, Lari Constituency",,unknown,public_complaint,Public land allocated to individuals. Matter to be investigated to ascertain the facts.,"17/12/03, Co-ordinator NARC, LARI Constituency, 12873 Nairobi",,Central Province,,,2,724,annex_19_complaints_from_the_public.csv,"S/No: 33; Planned user: Refuse Disposal; Case summary: Public land allocated to individuals. Matter to be investigated to ascertain the facts.; Source/complainant: 17/12/03, Co-ordinator NARC, LARI Constituency, 12873 Nairobi",none,"Complaint: Trust Land,Kagaa, Lari Constituency",0
annex_19_complaint_0263,"Gatamaiyo/Gachoire/559 Trust Land, Nyandumu, Lari Constituency",,unknown,public_complaint,Public land allocated to individuals. Matter to be investigated to ascertain the facts.,"17/12/03, Co-ordinator NARC, LARI Constituency, 12873 Nairobi",,Central Province,,,2,724,annex_19_complaints_from_the_public.csv,"S/No: 34; Planned user: Access Road; Case summary: Public land allocated to individuals. Matter to be investigated to ascertain the facts.; Source/complainant: 17/12/03, Co-ordinator NARC, LARI Constituency, 12873 Nairobi",none,"Complaint: Gatamaiyo/Gachoire/559 Trust Land, Nyandumu, Lari Constituency",0
annex_19_complaint_0264,"Gatamaiyo/Gachoire/576, Trust Land, Nyanduma, Lari Constituency",,unknown,public_complaint,Public land (now known as Gatamaiyo/Gachoire/1076 Kiruiru) allocated to individuals. Matter to be investigated to ascertain the facts.,"17/12/03, Co-ordinator NARC, LARI Constituency, 12873 Nairobi",,Central Province,,,2,725,annex_19_complaints_from_the_public.csv,"S/No: 35; Planned user: Non indicated; Case summary: Public land (now known as Gatamaiyo/Gachoire/1076 Kiruiru) allocated to individuals. Matter to be investigated to ascertain the facts.; Source/complainant: 17/12/03, Co-ordinator NARC, LARI Constituency, 12873 Nairobi",none,"Complaint: Gatamaiyo/Gachoire/576, Trust Land, Nyanduma, Lari Constituency",0
annex_19_complaint_0265,"Trust Land, Nyandumu, Lari Constituency",,unknown,public_complaint,Public land allocated to individuals. Matter to be investigated to ascertain the facts.,"17/12/03, Co-ordinator NARC, LARI Constituency, 12873 Nairobi",,Central Province,,,2,725,annex_19_complaints_from_the_public.csv,"S/No: 36; Planned user: Access Road; Case summary: Public land allocated to individuals. Matter to be investigated to ascertain the facts.; Source/complainant: 17/12/03, Co-ordinator NARC, LARI Constituency, 12873 Nairobi",none,"Complaint: Trust Land, Nyandumu, Lari Constituency",0
annex_19_complaint_0266,"Trust Land, Nyandumu, Lari Constituency",,unknown,public_complaint,Public land allocated to individuals. Matter to be investigated to ascertain the facts.,"17/12/03, Co-ordinator NARC, LARI Constituency, 12873 Nairobi",,Central Province,,,2,725,annex_19_complaints_from_the_public.csv,"S/No: 37; Planned user: Refuse Disposal; Case summary: Public land allocated to individuals. Matter to be investigated to ascertain the facts.; Source/complainant: 17/12/03, Co-ordinator NARC, LARI Constituency, 12873 Nairobi",none,"Complaint: Trust Land, Nyandumu, Lari Constituency",0
annex_19_complaint_0267,"Trust Land, Nyandumu, Lari Constituency",,unknown,public_complaint,Public land allocated to individuals. Matter to be investigated to ascertain the facts.,"17/12/03, Co-ordinator NARC, LARI Constituency, 12873 Nairobi",,Central Province,,,2,725,annex_19_complaints_from_the_public.csv,"S/No: 38; Planned user: Access Road; Case summary: Public land allocated to individuals. Matter to be investigated to ascertain the facts.; Source/complainant: 17/12/03, Co-ordinator NARC, LARI Constituency, 12873 Nairobi",none,"Complaint: Trust Land, Nyandumu, Lari Constituency",0
annex_19_complaint_0268,"Lari/Maingi/205, Trust Land, Kijabe, Lari Constituency",,unknown,public_complaint,Public land allocated to individuals. Matter to be investigated to ascertain the facts.,"17/12/03, Co-ordinator NARC, LARI Constituency, 12873 Nairobi",,Central Province,,,2,725,annex_19_complaints_from_the_public.csv,"S/No: 39; Planned user: Recreation; Case summary: Public land allocated to individuals. Matter to be investigated to ascertain the facts.; Source/complainant: 17/12/03, Co-ordinator NARC, LARI Constituency, 12873 Nairobi",none,"Complaint: Lari/Maingi/205, Trust Land, Kijabe, Lari Constituency",0
annex_19_complaint_0269,"Trust Land, Kijabe, Lari Constituency",,unknown,public_complaint,Public land allocated to individuals. Matter to be investigated to ascertain the facts.,"17/12/03, Co-ordinator NARC, LARI Constituency, 12873 Nairobi",,Central Province,,,2,725,annex_19_complaints_from_the_public.csv,"S/No: 40; Planned user: Road Reserve; Case summary: Public land allocated to individuals. Matter to be investigated to ascertain the facts.; Source/complainant: 17/12/03, Co-ordinator NARC, LARI Constituency, 12873 Nairobi",none,"Complaint: Trust Land, Kijabe, Lari Constituency",0
annex_19_complaint_0270,"Plot. No. 228, 206,202&204,Trust Land, Kijabe, Lari Constituency",,unknown,public_complaint,Public land allocated to individuals. Matter to be investigated to ascertain the facts.,"17/12/03, Co-ordinator NARC, LARI Constituency, 12873 Nairobi",,Central Province,,,2,725,annex_19_complaints_from_the_public.csv,"S/No: 41; Planned user: Cemetery Parking; Case summary: Public land allocated to individuals. Matter to be investigated to ascertain the facts.; Source/complainant: 17/12/03, Co-ordinator NARC, LARI Constituency, 12873 Nairobi",none,"Complaint: Plot. No. 228, 206,202&204,Trust Land, Kijabe, Lari Constituency",0
annex_19_complaint_0271,"Trust Land, Kimende, Lari Constituency",,unknown,public_complaint,Public land allocated to individuals. Matter to be investigated to ascertain the facts.,"17/12/03, Co-ordinator NARC, LARI Constituency, 12873 Nairobi",,Central Province,,,2,725,annex_19_complaints_from_the_public.csv,"S/No: 42; Planned user: Recreation; Case summary: Public land allocated to individuals. Matter to be investigated to ascertain the facts.; Source/complainant: 17/12/03, Co-ordinator NARC, LARI Constituency, 12873 Nairobi",none,"Complaint: Trust Land, Kimende, Lari Constituency",0
annex_19_complaint_0272,"Trust Land, Kimende, Lari Constituency",,unknown,public_complaint,Public utilities allocated to private developers. Matter to be investigated to ascertain the facts.,"17/12/03, Co-ordinator NARC, LARI Constituency, 12873 Nairobi",,Central Province,,,2,726,annex_19_complaints_from_the_public.csv,"S/No: 43; Planned user: Water tank & Cemetery; Case summary: Public utilities allocated to private developers. Matter to be investigated to ascertain the facts.; Source/complainant: 17/12/03, Co-ordinator NARC, LARI Constituency, 12873 Nairobi",none,"Complaint: Trust Land, Kimende, Lari Constituency",0
annex_19_complaint_0273,"Trust Land, Kimende, Lari Constituency",,unknown,public_complaint,Public land allocated to individuals. Matter to be investigated to ascertain the facts.,"17/12/03, Co-ordinator NARC, LARI Constituency, 12873 Nairobi",,Central Province,,,2,726,annex_19_complaints_from_the_public.csv,"S/No: 44; Planned user: Open Air Market; Case summary: Public land allocated to individuals. Matter to be investigated to ascertain the facts.; Source/complainant: 17/12/03, Co-ordinator NARC, LARI Constituency, 12873 Nairobi",none,"Complaint: Trust Land, Kimende, Lari Constituency",0
annex_19_complaint_0274,"Trust Land, Mbau-ini, Lari Constituency",,unknown,public_complaint,Public land allocated to individuals. Matter to be investigated to ascertain the facts.,"17/12/03, Co-ordinator NARC, LARI Constituency, 12873 Nairobi",,Central Province,,,2,726,annex_19_complaints_from_the_public.csv,"S/No: 45; Planned user: Shopping centre, Water point; Case summary: Public land allocated to individuals. Matter to be investigated to ascertain the facts.; Source/complainant: 17/12/03, Co-ordinator NARC, LARI Constituency, 12873 Nairobi",none,"Complaint: Trust Land, Mbau-ini, Lari Constituency",0
annex_19_complaint_0275,"Trust Land, Lari Constituency",,unknown,public_complaint,Public land allocated to individuals. Matter to be investigated to ascertain the facts.,"17/12/03, Co-ordinator NARC, LARI Constituency, 12873 Nairobi",,Central Province,,,2,726,annex_19_complaints_from_the_public.csv,"S/No: 46; Planned user: Parking lot, Memorial for the Lari Massacre, Forest Land (Njameru forest), Teachers College; Case summary: Public land allocated to individuals. Matter to be investigated to ascertain the facts.; Source/complainant: 17/12/03, Co-ordinator NARC, LARI Constituency, 12873 Nairobi",none,"Complaint: Trust Land, Lari Constituency",0
annex_19_complaint_0276,"Trust Land, Magina, Lari Constituency",,unknown,public_complaint,Public land allocated to individuals. Matter to be investigated to ascertain the facts.,"17/12/03, Co-ordinator NARC, LARI Constituency, 12873 Nairobi",,Central Province,,,2,726,annex_19_complaints_from_the_public.csv,"S/No: 47; Planned user: Market; Case summary: Public land allocated to individuals. Matter to be investigated to ascertain the facts.; Source/complainant: 17/12/03, Co-ordinator NARC, LARI Constituency, 12873 Nairobi",none,"Complaint: Trust Land, Magina, Lari Constituency",0
annex_19_complaint_0277,"Trust Land, Magina, Lari Constituency",,unknown,public_complaint,Public land allocated to an unnamed Women Group. Matter to be investigated to ascertain the facts.,"17/12/03, Co-ordinator NARC, LARI Constituency, 12873 Nairobi",,Central Province,,,2,726,annex_19_complaints_from_the_public.csv,"S/No: 48; Planned user: Dispensary; Case summary: Public land allocated to an unnamed Women Group. Matter to be investigated to ascertain the facts.; Source/complainant: 17/12/03, Co-ordinator NARC, LARI Constituency, 12873 Nairobi",none,"Complaint: Trust Land, Magina, Lari Constituency",0
annex_19_complaint_0278,"Trust Land, Magina, Lari Constituency",,unknown,public_complaint,Forest land opposite Magina Shopping Centre subdivided and 87 titles issued by the District Land Registrar. Matter to be investigated to ascertain the facts.,"17/12/03, Co-ordinator NARC, LARI Constituency, 12873 Nairobi",,Central Province,,,2,726,annex_19_complaints_from_the_public.csv,"S/No: 49; Planned user: Forest land; Case summary: Forest land opposite Magina Shopping Centre subdivided and 87 titles issued by the District Land Registrar. Matter to be investigated to ascertain the facts.; Source/complainant: 17/12/03, Co-ordinator NARC, LARI Constituency, 12873 Nairobi",none,"Complaint: Trust Land, Magina, Lari Constituency",0
annex_19_complaint_0279,"Trust Land, Kirenga, Lari Constituency",,unknown,public_complaint,Public land allocated to individuals. Matter to be investigated to ascertain the facts.,"17/12/03, Co-ordinator NARC, LARI Constituency, 12873 Nairobi",,Central Province,,,2,726,annex_19_complaints_from_the_public.csv,"S/No: 50; Planned user: Approx. 72.16 acres, Various (Tea Nursery, spring); Case summary: Public land allocated to individuals. Matter to be investigated to ascertain the facts.; Source/complainant: 17/12/03, Co-ordinator NARC, LARI Constituency, 12873 Nairobi",none,"Complaint: Trust Land, Kirenga, Lari Constituency",0
annex_19_complaint_0280,"Plot No. 345,346,347, and 367, Trust Land, Kambaa Sub-location",,unknown,public_complaint,Public land allocated to individuals. Matter to be investigated to ascertain the facts.,"17/12/03, Co-ordinator NARC, LARI Constituency, 12873 Nairobi",,Central Province,,,2,727,annex_19_complaints_from_the_public.csv,"S/No: 51; Planned user: Approx. 60 acres, Wells, Agriculture and Veterinary, Cemetery, Road reserve; Case summary: Public land allocated to individuals. Matter to be investigated to ascertain the facts.; Source/complainant: 17/12/03, Co-ordinator NARC, LARI Constituency, 12873 Nairobi",none,"Complaint: Plot No. 345,346,347, and 367, Trust Land, Kambaa Sub-location",0
annex_19_complaint_0281,"Plot No. 1307, Trust Land, Gituamba, Lari Constituency",,unknown,public_complaint,Public land allocated to individuals. Matter to be investigated to ascertain the facts.,"17/12/03, Co-ordinator NARC, LARI Constituency, 12873 Nairobi",,Central Province,,,2,727,annex_19_complaints_from_the_public.csv,"S/No: 52; Planned user: Road reserve; Case summary: Public land allocated to individuals. Matter to be investigated to ascertain the facts.; Source/complainant: 17/12/03, Co-ordinator NARC, LARI Constituency, 12873 Nairobi",none,"Complaint: Plot No. 1307, Trust Land, Gituamba, Lari Constituency",0
annex_19_complaint_0282,"Plot No. 6,5,1,2,71,45,46,48, Trust Land, Gitithia, Lari Constituency",,unknown,public_complaint,Public land allocated to individuals. Matter to be investigated to ascertain the facts.,"17/12/03, Co-ordinator NARC, LARI Constituency, 12873 Nairobi",,Central Province,,,2,727,annex_19_complaints_from_the_public.csv,"S/No: 53; Planned user: Various (Cemetery, cattle dip, Administration, Recreation, Refuse disposal, drainage); Case summary: Public land allocated to individuals. Matter to be investigated to ascertain the facts.; Source/complainant: 17/12/03, Co-ordinator NARC, LARI Constituency, 12873 Nairobi",none,"Complaint: Plot No. 6,5,1,2,71,45,46,48, Trust Land, Gitithia, Lari Constituency",0
annex_19_complaint_0283,"Plot No.T69 and 67, Trust Land, Gitithia, Lari Constituency",,unknown,public_complaint,Public land allocated to individuals. Matter to be investigated to ascertain the facts.,"17/12/03, Co-ordinator NARC, LARI Constituency, 12873 Nairobi",,Central Province,,,2,727,annex_19_complaints_from_the_public.csv,"S/No: 54; Planned user: Dairy (Kereita Dairy); Case summary: Public land allocated to individuals. Matter to be investigated to ascertain the facts.; Source/complainant: 17/12/03, Co-ordinator NARC, LARI Constituency, 12873 Nairobi",none,"Complaint: Plot No.T69 and 67, Trust Land, Gitithia, Lari Constituency",0
annex_19_complaint_0284,"Plots No. 1428, 1429, 1502, 1505,1439,1440,1431, 1430, 1432, 1434, 1437, 1436, 1438, 1441, 144, 1444, 1526, Trust Land Kinale and Kamae Locations, Lari Constituency",,unknown,public_complaint,Public land allocated to individuals. Matter to be investigated to ascertain the facts.,"17/12/03, Co-ordinator NARC, LARI Constituency, 12873 Nairobi",,Central Province,,,2,727,annex_19_complaints_from_the_public.csv,"S/No: 55; Planned user: Various (Schools, Drainage etc); Case summary: Public land allocated to individuals. Matter to be investigated to ascertain the facts.; Source/complainant: 17/12/03, Co-ordinator NARC, LARI Constituency, 12873 Nairobi",none,"Complaint: Plots No. 1428, 1429, 1502, 1505,1439,1440,1431, 1430, 1432, 1434, 1437, 1436, 1438, 1441, 144, 1444, 1526, Trust Land Kinale and Kamae Locations, Lari Constituency",0
annex_19_complaint_0285,"Trust land, Thika",,unknown,public_complaint,Various Public utility plots allocated to private developers. Matter to be investigated further.,"18/2/04, Mwaura S. R. Ndirangu, Box 952 Thika",,Central Province,,,2,728,annex_19_complaints_from_the_public.csv,"S/No: 56; Planned user: Various (toilets, Road reserve, Market, Playground, Thika YMCA etc); Case summary: Various Public utility plots allocated to private developers. Matter to be investigated further.; Source/complainant: 18/2/04, Mwaura S. R. Ndirangu, Box 952 Thika",none,"Complaint: Trust land, Thika",0
annex_19_complaint_0286,"Loc VIII/Muthiga/70?, Trust Land, Muranga District",,unknown,public_complaint,"Chiefs, Councilors and the County Surveyor of Muranga County Council allocated Public utility land to individuals. Some of people who are involved in the corrupt land dealing included Senior Chief -Kibathi Chege, Assistant Chief - Francis Maina (Theris), Councilor - Makau Cheer Kiragu and County Surveyor - Ngure.","30/12/2003, Murarandia Firimbi, P.O. Box 523 Muranga",,Central Province,,,2,728,annex_19_complaints_from_the_public.csv,"S/No: 57; Planned user: Non indicated; Case summary: Chiefs, Councilors and the County Surveyor of Muranga County Council allocated Public utility land to individuals. Some of people who are involved in the corrupt land dealing included Senior Chief -Kibathi Chege, Assistant Chief - Francis Maina (Theris), Councilor - Makau Cheer Kiragu and County Surveyor - Ngure.; Source/complainant: 30/12/2003, Murarandia Firimbi, P.O. Box 523 Muranga",none,"Complaint: Loc VIII/Muthiga/70?, Trust Land, Muranga District",0
annex_19_complaint_0287,"Loc II/Gaitega/355, Trust Land, Muranga District",,unknown,public_complaint,Public utility land subdivided and allocated to five people by Muranga County Council.,"3/12/2003, Gaitega Elders, P.O. Box 63 Muranga",,Central Province,,,2,728,annex_19_complaints_from_the_public.csv,"S/No: 58; Planned user: 2.43 Ha, Not indicated; Case summary: Public utility land subdivided and allocated to five people by Muranga County Council.; Source/complainant: 3/12/2003, Gaitega Elders, P.O. Box 63 Muranga",none,"Complaint: Loc II/Gaitega/355, Trust Land, Muranga District",0
annex_19_complaint_0288,"Trust Land, Muranga District",,unknown,public_complaint,About 40 pieces of land including a road reserve on the junction of Kangema - Kanyenyaini Road Tuthu junction allocated to a local businessman. Mr. Magoci Waithaka. He transferred the land to his son's wife and other relatives.,"17/09/2003, The Kanyenyaini Residents, P.O. Box 154 Kangema",,Central Province,,,2,728,annex_19_complaints_from_the_public.csv,"S/No: 59; Planned user: Various (Road Reserve, Cattle Dip etc); Case summary: About 40 pieces of land including a road reserve on the junction of Kangema - Kanyenyaini Road Tuthu junction allocated to a local businessman. Mr. Magoci Waithaka. He transferred the land to his son's wife and other relatives.; Source/complainant: 17/09/2003, The Kanyenyaini Residents, P.O. Box 154 Kangema",none,"Complaint: Trust Land, Muranga District",0
annex_19_complaint_0289,"Settlement Scheme, Ndeiya (Limuru)",,unknown,public_complaint,"Beneficiaries of Ndeiya - Karai Ngurubi Settlement Scheme were to be allocated 5 acres each but however, some were allocated 30 acres and unnamed tycoon was allocated 600 plots, which had been reserved for commercial and residential purposes.","3/12/2003, James Ngugi Mungai, P.O. Box 454, Limuru",,Central Province,,,2,729,annex_19_complaints_from_the_public.csv,"S/No: 60; Planned user: Settlement Scheme; Case summary: Beneficiaries of Ndeiya - Karai Ngurubi Settlement Scheme were to be allocated 5 acres each but however, some were allocated 30 acres and unnamed tycoon was allocated 600 plots, which had been reserved for commercial and residential purposes.; Source/complainant: 3/12/2003, James Ngugi Mungai, P.O. Box 454, Limuru",none,"Complaint: Settlement Scheme, Ndeiya (Limuru)",0
annex_19_complaint_0290,"Ngenda/Nyamang'ara/105 119/124/137/138/135 Ngenda Mbari ya Mwihia 1-135, Trust Land, Thika District",,unknown,public_complaint,Individuals have encroached upon various Public utility plots because the boundaries of the utilities are not clearly demarcated.,"24/11/2003, Mbari ya - Mwihia Community Welfare Association, P.O. Box 12 Kanjuku, - Thika",,Central Province,,,2,729,annex_19_complaints_from_the_public.csv,"S/No: 61; Planned user: Various (Cemetery, Water point, Social Center etc); Case summary: Individuals have encroached upon various Public utility plots because the boundaries of the utilities are not clearly demarcated.; Source/complainant: 24/11/2003, Mbari ya - Mwihia Community Welfare Association, P.O. Box 12 Kanjuku, - Thika",none,"Complaint: Ngenda/Nyamang'ara/105 119/124/137/138/135 Ngenda Mbari ya Mwihia 1-135, Trust Land, Thika District",0
annex_19_complaint_0291,"Kanjai T/318, Trust Land, Kiambu District",,unknown,public_complaint,Land reserved for development of a Public Technical School allocated to individuals.,"20/11/2003, Githunguri Constituency NARC Centre, P.O. Box 594",,Central Province,,,2,729,annex_19_complaints_from_the_public.csv,"S/No: 62; Planned user: Technical School; Case summary: Land reserved for development of a Public Technical School allocated to individuals.; Source/complainant: 20/11/2003, Githunguri Constituency NARC Centre, P.O. Box 594",none,"Complaint: Kanjai T/318, Trust Land, Kiambu District",0
annex_19_complaint_0292,"Settlement Scheme, Nyeri District",,unknown,public_complaint,Land set aside as a Settlement Scheme allocated to undeserving beneficiaries some of whom were non-residents.,"9/12/2003, Gitero Village Resident, P.O. Box 449 Nyeri",,Central Province,,,2,729,annex_19_complaints_from_the_public.csv,"S/No: 63; Planned user: Settlement Scheme; Case summary: Land set aside as a Settlement Scheme allocated to undeserving beneficiaries some of whom were non-residents.; Source/complainant: 9/12/2003, Gitero Village Resident, P.O. Box 449 Nyeri",none,"Complaint: Settlement Scheme, Nyeri District",0
annex_19_complaint_0293,"Trust Land, Muranga District, Kihuhiro trading Centre, Nyeri",,unknown,public_complaint,Land set aside for a Public utility within Kihuhiro Trading Centre in Nyeri allocated to private individuals.,"5/1/2004, S.M. Muriithi, P.O. Box 1 Endarasha",,Central Province,,,2,729,annex_19_complaints_from_the_public.csv,"S/No: 64; Planned user: Public utility - unnamed; Case summary: Land set aside for a Public utility within Kihuhiro Trading Centre in Nyeri allocated to private individuals.; Source/complainant: 5/1/2004, S.M. Muriithi, P.O. Box 1 Endarasha",none,"Complaint: Trust Land, Muranga District, Kihuhiro trading Centre, Nyeri",0
annex_19_complaint_0294,"Trust Land, Kiambaa Constituency,",,unknown,public_complaint,Several public utility plots allocated to individuals.,"6/1/2004, Kiambaa NARC Centre, P.O. Box 44190-00100",,Central Province,,,2,729,annex_19_complaints_from_the_public.csv,"S/No: 65; Planned user: Various (Nursery School, Government Administration Centre) etc; Case summary: Several public utility plots allocated to individuals.; Source/complainant: 6/1/2004, Kiambaa NARC Centre, P.O. Box 44190-00100",none,"Complaint: Trust Land, Kiambaa Constituency,",0
annex_19_complaint_0295,"Kiambaa/Muchatha/721and T220, Trust Land, Karuri",,unknown,public_complaint,Land reserved for the development of a Government Administration Centre allocated to unnamed Religious Institution.,"6/1/2004, Muchatha Elders, P.O. Box 759 Karuri",,Central Province,,,2,730,annex_19_complaints_from_the_public.csv,"S/No: 66; Planned user: Government Administration Centre, Government Technical Centre; Case summary: Land reserved for the development of a Government Administration Centre allocated to unnamed Religious Institution.; Source/complainant: 6/1/2004, Muchatha Elders, P.O. Box 759 Karuri",none,"Complaint: Kiambaa/Muchatha/721and T220, Trust Land, Karuri",0
annex_19_complaint_0296,"L.R KIAMBAA/MUCH /7409, Trust Land, Kiambu District",,unknown,public_complaint,Public utility allocated to individuals. Matter to be investigated.,"6/1/2004, Muchatha Elders, P.O. Box 759 Karuri",,Central Province,,,2,730,annex_19_complaints_from_the_public.csv,"S/No: 67; Planned user: 0.23 Ha, Not indicated; Case summary: Public utility allocated to individuals. Matter to be investigated.; Source/complainant: 6/1/2004, Muchatha Elders, P.O. Box 759 Karuri",none,"Complaint: L.R KIAMBAA/MUCH /7409, Trust Land, Kiambu District",0
annex_19_complaint_0297,"L.R KIMOTHAI/KIRA 25, Trust Land, Kiambu Market, Kiambu",,unknown,public_complaint,Land set aside for Public utility allocated to individuals. Matter to be investigated.,"12/9/2003, Stanley Mirii Kaburuga, P.O. Box 88 Ruiru",,Central Province,,,2,730,annex_19_complaints_from_the_public.csv,"S/No: 68; Planned user: Parking & Access Road; Case summary: Land set aside for Public utility allocated to individuals. Matter to be investigated.; Source/complainant: 12/9/2003, Stanley Mirii Kaburuga, P.O. Box 88 Ruiru",none,"Complaint: L.R KIMOTHAI/KIRA 25, Trust Land, Kiambu Market, Kiambu",0
annex_19_complaint_0298,"Trust Land, Muranga District",,unknown,public_complaint,The Anglican Church of Kenya in Kahumbu was allocated a road reserve on Kaharati - Kangari main road whereby they constructed a permanent church. Matter should be investigated.,"8/10/2003, Concerned Local Residents, Not indicated",,Central Province,,,2,730,annex_19_complaints_from_the_public.csv,"S/No: 69; Planned user: Road Reserve; Case summary: The Anglican Church of Kenya in Kahumbu was allocated a road reserve on Kaharati - Kangari main road whereby they constructed a permanent church. Matter should be investigated.; Source/complainant: 8/10/2003, Concerned Local Residents, Not indicated",none,"Complaint: Trust Land, Muranga District",0
annex_19_complaint_0299,"L.R 9745, Trust Land, Nyandarua District",,unknown,public_complaint,Land set aside for an Artificial Insemination Centre subdivided and allocated to individuals. Mr. Daniel Gachoka was instrumental in the said allocation. Case should be investigated further.,"17/9/2003, Paul Maina Kirungui, P.O. Box 6 North Kinangop",,Central Province,,,2,730,annex_19_complaints_from_the_public.csv,"S/No: 70; Planned user: 21 Acres, Artificial Insemination Centre; Case summary: Land set aside for an Artificial Insemination Centre subdivided and allocated to individuals. Mr. Daniel Gachoka was instrumental in the said allocation. Case should be investigated further.; Source/complainant: 17/9/2003, Paul Maina Kirungui, P.O. Box 6 North Kinangop",none,"Complaint: L.R 9745, Trust Land, Nyandarua District",0
annex_19_complaint_0300,"L.R Rueru /Gachi Trust Land, Nyeri District",,unknown,public_complaint,Land set aside for the construction of a Coffee Factory allocated to individuals.,"20/10/2003, Macharia Muriithi, P.O. Box 8 Kiganjo",,Central Province,,,2,730,annex_19_complaints_from_the_public.csv,"S/No: 71; Planned user: At least 4 acres, Coffee Factory; Case summary: Land set aside for the construction of a Coffee Factory allocated to individuals.; Source/complainant: 20/10/2003, Macharia Muriithi, P.O. Box 8 Kiganjo",none,"Complaint: L.R Rueru /Gachi Trust Land, Nyeri District",0
annex_19_complaint_0301,"L.R NDEIYA/721, Trust Land, Kiambu District",,unknown,public_complaint,Public utility plot encroached upon and then subdivided into eight smaller plots.,"10/10/2003, Mbathia Munyuko Josephat, P.O. Box 823, Limuru",,Central Province,,,2,731,annex_19_complaints_from_the_public.csv,"S/No: 72; Planned user: 3.42 Ha, Public Utilities; Case summary: Public utility plot encroached upon and then subdivided into eight smaller plots.; Source/complainant: 10/10/2003, Mbathia Munyuko Josephat, P.O. Box 823, Limuru",none,"Complaint: L.R NDEIYA/721, Trust Land, Kiambu District",0
annex_19_complaint_0302,"Trust Land, Githunguri",,unknown,public_complaint,Public land allocated to an individual.,"2/12/2003, Thuita Village Residents, P.O Box 111, RUIRU",,Central Province,,,2,731,annex_19_complaints_from_the_public.csv,"S/No: 73; Planned user: Access Road; Case summary: Public land allocated to an individual.; Source/complainant: 2/12/2003, Thuita Village Residents, P.O Box 111, RUIRU",none,"Complaint: Trust Land, Githunguri",0
annex_19_complaint_0303,"Trust Land, Kiambu District",,unknown,public_complaint,Land set aside for the development of a Primary School allocated to an individual.,"2/9/2003, Hon. Paul K. Muite, P.O. Box 41842, Nairobi",,Central Province,,,2,731,annex_19_complaints_from_the_public.csv,"S/No: 74; Planned user: Primary School; Case summary: Land set aside for the development of a Primary School allocated to an individual.; Source/complainant: 2/9/2003, Hon. Paul K. Muite, P.O. Box 41842, Nairobi",none,"Complaint: Trust Land, Kiambu District",0
annex_19_complaint_0304,"21179, National Forest, Kiambu District",,unknown,public_complaint,"The land land in question was de-gazetted on 23/10/98 through Legal Notice No. 5849. However, Titles to this land were issued to an unregistered Company known as Webeso Limited Company before the forest was de-gazetted.","2/10/2003, Trish L, trisha @ africaonline.co.ke",,Central Province,,,2,731,annex_19_complaints_from_the_public.csv,"S/No: 75; Planned user: 25 Ha, Forest; Case summary: The land land in question was de-gazetted on 23/10/98 through Legal Notice No. 5849. However, Titles to this land were issued to an unregistered Company known as Webeso Limited Company before the forest was de-gazetted.; Source/complainant: 2/10/2003, Trish L, trisha @ africaonline.co.ke",none,"Complaint: 21179, National Forest, Kiambu District",0
annex_19_complaint_0305,"L.R Murang/ Nginda/ Samar Block ( Ex- Samara) / 335, 349 Wetland, Maragua District",,unknown,public_complaint,Muranga County Council has been selling Public Dams and Wetlands in Muranga District alleging that they are private properties of the Council. Title Deeds have already been issued to the new allottees. Case should be investigated.,"6/10/2003, Marriki Village Residents, P.O Box 498, Maragua",,Central Province,,,2,731,annex_19_complaints_from_the_public.csv,"S/No: 76; Planned user: Public Dams; Case summary: Muranga County Council has been selling Public Dams and Wetlands in Muranga District alleging that they are private properties of the Council. Title Deeds have already been issued to the new allottees. Case should be investigated.; Source/complainant: 6/10/2003, Marriki Village Residents, P.O Box 498, Maragua",none,"Complaint: L.R Murang/ Nginda/ Samar Block ( Ex- Samara) / 335, 349 Wetland, Maragua District",0
annex_19_complaint_0306,"Plot No.T 177, Trust Land, Kabete",,unknown,public_complaint,Public land illegally allocated to individuals.,"7/1/2004, The Community, Gathiga Township, P.O Box 70086, Nairobi",,Central Province,,,2,731,annex_19_complaints_from_the_public.csv,"S/No: 77; Planned user: 0.172 Ha, Dispensary; Case summary: Public land illegally allocated to individuals.; Source/complainant: 7/1/2004, The Community, Gathiga Township, P.O Box 70086, Nairobi",none,"Complaint: Plot No.T 177, Trust Land, Kabete",0
annex_19_complaint_0307,"Nyandarua/Mawing'd Salient/159, Wetland, Nyandarua District",,unknown,public_complaint,Land reserved as a water catchment area allocated to an individual. This was done through the collusion of officers in the then Nyandarua District Land Adjudication and Settlement. Matter should be investigated.,"23/10/03, Kamau Mahu a od Obadiah Njihia Mwangi, C/O Githima Gia Gatoto Kangathia Village Self-Help Group, P.O. Box 49, Gilgil",,Central Province,,,2,732,annex_19_complaints_from_the_public.csv,"S/No: 78; Planned user: Water Catchment; Case summary: Land reserved as a water catchment area allocated to an individual. This was done through the collusion of officers in the then Nyandarua District Land Adjudication and Settlement. Matter should be investigated.; Source/complainant: 23/10/03, Kamau Mahu a od Obadiah Njihia Mwangi, C/O Githima Gia Gatoto Kangathia Village Self-Help Group, P.O. Box 49, Gilgil",none,"Complaint: Nyandarua/Mawing'd Salient/159, Wetland, Nyandarua District",0
annex_19_complaint_0308,"Trust Land, Kikuyu",,unknown,public_complaint,Public utilities in Kerwa Sub-location allocated to private developers.,"13/02/04, Concerned Members, Kerwa Sub-Location Community, Kikuyu, Not indicated",,Central Province,,,2,732,annex_19_complaints_from_the_public.csv,"S/No: 79; Planned user: Shopping Centre, Market, Nursery School, Cemetery, Church; Case summary: Public utilities in Kerwa Sub-location allocated to private developers.; Source/complainant: 13/02/04, Concerned Members, Kerwa Sub-Location Community, Kikuyu, Not indicated",none,"Complaint: Trust Land, Kikuyu",0
annex_19_complaint_0309,"Parcel Nos. L.R Thogengo / Karia / 732/733, Government Land, Nyeri",,unknown,public_complaint,Land set aside for Nyeri Showground allocated to individuals.,"1/8/2003, Aithiegeni Ambari ya Muramaki, P.O. Box 1940, Nyeri",,Central Province,,,2,732,annex_19_complaints_from_the_public.csv,"S/No: 80; Planned user: 85 Acres, Showground; Case summary: Land set aside for Nyeri Showground allocated to individuals.; Source/complainant: 1/8/2003, Aithiegeni Ambari ya Muramaki, P.O. Box 1940, Nyeri",none,"Complaint: Parcel Nos. L.R Thogengo / Karia / 732/733, Government Land, Nyeri",0
annex_19_complaint_0310,"L.R 4098, Trust Land Ruiru (Toll Station)",,unknown,public_complaint,Public land subdivided to Plot No. 5453 and 5464 and allocated to private developers.,"15/02/04, Macharia, Not indicated",,Central Province,,,2,732,annex_19_complaints_from_the_public.csv,"S/No: 81; Planned user: School; Case summary: Public land subdivided to Plot No. 5453 and 5464 and allocated to private developers.; Source/complainant: 15/02/04, Macharia, Not indicated",none,"Complaint: L.R 4098, Trust Land Ruiru (Toll Station)",0
annex_19_complaint_0311,"L.R 3123, Trust Land Ruiru (Toll Station)",,unknown,public_complaint,Public land allocated to a private developer.,"15/02/04, Macharia, Not indicated",,Central Province,,,2,732,annex_19_complaints_from_the_public.csv,"S/No: 82; Planned user: Market; Case summary: Public land allocated to a private developer.; Source/complainant: 15/02/04, Macharia, Not indicated",none,"Complaint: L.R 3123, Trust Land Ruiru (Toll Station)",0
annex_19_complaint_0312,"L.R 215 Karura Mariga Trust Land, Kiambaa Constituency",,unknown,public_complaint,Public utility plot allocated to individual. Further investigations to be conducted to ascertain facts.,"10/2/2004, Kiambaa NARC Centre, P.O Box 44190",,Central Province,,,2,732,annex_19_complaints_from_the_public.csv,"S/No: 83; Planned user: Public utility; Case summary: Public utility plot allocated to individual. Further investigations to be conducted to ascertain facts.; Source/complainant: 10/2/2004, Kiambaa NARC Centre, P.O Box 44190",none,"Complaint: L.R 215 Karura Mariga Trust Land, Kiambaa Constituency",0
annex_19_complaint_0313,"L.R Loc. 15/Gaturi/Kimathi 801, Trust Land, Kimathi,Sagana",,unknown,public_complaint,Public utility plot allocated to individual.,"27/01/04, Residents of Development Committee, P.O. Box 263, Sagana",,Central Province,,,2,732,annex_19_complaints_from_the_public.csv,"S/No: 84; Planned user: Unnamed Public utility; Case summary: Public utility plot allocated to individual.; Source/complainant: 27/01/04, Residents of Development Committee, P.O. Box 263, Sagana",none,"Complaint: L.R Loc. 15/Gaturi/Kimathi 801, Trust Land, Kimathi,Sagana",0
annex_19_complaint_0314,"L.R 76/32/2 - 7, Trust LandKiambu",,unknown,public_complaint,Public utility plots allocated to individuals though unavailable for allocation.,"30/01/04, Thindigua Co. Ltd, P.O. Box 75 Kiambu",,Central Province,,,2,733,annex_19_complaints_from_the_public.csv,"S/No: 85; Planned user: Public utility plots; Case summary: Public utility plots allocated to individuals though unavailable for allocation.; Source/complainant: 30/01/04, Thindigua Co. Ltd, P.O. Box 75 Kiambu",none,"Complaint: L.R 76/32/2 - 7, Trust LandKiambu",0
annex_19_complaint_0315,"L.R T405, Trust Land Thogoto Village, Kiambu District",,unknown,public_complaint,Part of Public land allocated to a private developer.,"25/02/04, Philip Wambaa Karanja, P.O Box 54108",,Central Province,,,2,733,annex_19_complaints_from_the_public.csv,"S/No: 86; Planned user: 0.75 Acres, Thogoto Village Nursery School; Case summary: Part of Public land allocated to a private developer.; Source/complainant: 25/02/04, Philip Wambaa Karanja, P.O Box 54108",none,"Complaint: L.R T405, Trust Land Thogoto Village, Kiambu District",0
annex_19_complaint_0316,"L.R Plot adjacent to Dagoretti/Kinoo/404, Trust Land, Muthiga, Kinoo sub-location, Kiambu District",,unknown,public_complaint,"Land reserved for the construction of a road allocated to individuals who have erected all manner of businesses including a bar, pool table, restaurant, filling station, butchery, shop etc. Matter should be investigated.","16/9/2003, Mr. and Mrs. Kimani Mathu, P.O Box 14372",,Central Province,,,2,733,annex_19_complaints_from_the_public.csv,"S/No: 87; Planned user: Road reserve; Case summary: Land reserved for the construction of a road allocated to individuals who have erected all manner of businesses including a bar, pool table, restaurant, filling station, butchery, shop etc. Matter should be investigated.; Source/complainant: 16/9/2003, Mr. and Mrs. Kimani Mathu, P.O Box 14372",none,"Complaint: L.R Plot adjacent to Dagoretti/Kinoo/404, Trust Land, Muthiga, Kinoo sub-location, Kiambu District",0
annex_19_complaint_0317,"Trust land, Kiambu",,unknown,public_complaint,Acess road in Githunguri allocated to the owner of Komosai Estate by Kiambu County Council.,"2/12/2003, Thuita Village Residents, P.O Box 111, Ruiru",,Central Province,,,2,733,annex_19_complaints_from_the_public.csv,"S/No: 88; Planned user: Access road; Case summary: Acess road in Githunguri allocated to the owner of Komosai Estate by Kiambu County Council.; Source/complainant: 2/12/2003, Thuita Village Residents, P.O Box 111, Ruiru",none,"Complaint: Trust land, Kiambu",0
annex_19_complaint_0318,"Trust land, Kiambu",,unknown,public_complaint,Public land allocated to a private developer by the Commissioner of Lands.,"2/1/2003, Hon. Paul Muite, P.O Box 41842, Nairobi",,Central Province,,,2,733,annex_19_complaints_from_the_public.csv,"S/No: 89; Planned user: Primary School; Case summary: Public land allocated to a private developer by the Commissioner of Lands.; Source/complainant: 2/1/2003, Hon. Paul Muite, P.O Box 41842, Nairobi",none,"Complaint: Trust land, Kiambu",0
annex_19_complaint_0319,"Wetland, Nyeri",,unknown,public_complaint,"Public dams situated on Kanoga river between Ruringu and Kwanderi, encroached upon by the proprietors of the adjacent lands.","6/10/2003, Wangombe Wachira, P.O Box 281, Nyeri",,Central Province,,,2,733,annex_19_complaints_from_the_public.csv,"S/No: 90; Planned user: Public Dams; Case summary: Public dams situated on Kanoga river between Ruringu and Kwanderi, encroached upon by the proprietors of the adjacent lands.; Source/complainant: 6/10/2003, Wangombe Wachira, P.O Box 281, Nyeri",none,"Complaint: Wetland, Nyeri",0
annex_19_complaint_0320,"Trust land, nyeri",,unknown,public_complaint,School land encroached upon by a neighbouring church.,"7/10/2003, The Chairman & School Committee of Kiamuiru Primary School, P.O Box 405, Nyeri",,Central Province,,,2,733,annex_19_complaints_from_the_public.csv,"S/No: 91; Planned user: Primary School; Case summary: School land encroached upon by a neighbouring church.; Source/complainant: 7/10/2003, The Chairman & School Committee of Kiamuiru Primary School, P.O Box 405, Nyeri",none,"Complaint: Trust land, nyeri",0
annex_19_complaint_0321,"Wetland, Nyeri",,unknown,public_complaint,Public dam on the Karatina / Nyeri Road at Mutathini junction encroached upon.,"18/02/2004, Warui Wachira, P. O Box 231, Karatina",,Central Province,,,2,734,annex_19_complaints_from_the_public.csv,"S/No: 92; Planned user: Public Dam; Case summary: Public dam on the Karatina / Nyeri Road at Mutathini junction encroached upon.; Source/complainant: 18/02/2004, Warui Wachira, P. O Box 231, Karatina",none,"Complaint: Wetland, Nyeri",0
annex_19_complaint_0322,"L.R 9464,1356, 4166, Trust land, Mathari Sublocation, Nyeri now held on leasehold of 99 years",,unknown,public_complaint,"Trust lands held by the forefathers of the complainants allocated in 1955 to Consolata Fathers, who subsequently acquired still more land by altering the original L.R number . Trust Land should have been subjected to Land Adjudication Act.","12/10/03, Simon Wanyiri Kangeri and Residents of Hill Farm Mathari Kamwenya Villages, P. O Box 25, Nyeri",,Central Province,,,2,734,annex_19_complaints_from_the_public.csv,"S/No: 93; Planned user: 2800 acres,Trust lands; Case summary: Trust lands held by the forefathers of the complainants allocated in 1955 to Consolata Fathers, who subsequently acquired still more land by altering the original L.R number . Trust Land should have been subjected to Land Adjudication Act.; Source/complainant: 12/10/03, Simon Wanyiri Kangeri and Residents of Hill Farm Mathari Kamwenya Villages, P. O Box 25, Nyeri",none,"Complaint: L.R 9464,1356, 4166, Trust land, Mathari Sublocation, Nyeri now held on leasehold of 99 years",0
annex_19_complaint_0323,"Trust land, Nyeri",,unknown,public_complaint,Trust land held by the County Council after utilization when it should revert back to former owners.,"20/ 11/04, Residents of Riamukurwe/ Gatitu Sublocation, P.O Box 266, Nyeri",,Central Province,,,2,734,annex_19_complaints_from_the_public.csv,"S/No: 94; Planned user: Marrum ecavation area; Case summary: Trust land held by the County Council after utilization when it should revert back to former owners.; Source/complainant: 20/ 11/04, Residents of Riamukurwe/ Gatitu Sublocation, P.O Box 266, Nyeri",none,"Complaint: Trust land, Nyeri",0
annex_19_complaint_0324,"NAKU/MG/58,59,129 81, Government Land, Nakuru Municipality",,unknown,public_complaint,Government Houses allocated to private individuals.,"13/01/04, Henrietta M. L. Khamati, P.O. Box 14008, Nakuru",,Rift Valley Province,,,2,735,annex_19_complaints_from_the_public.csv,"S/No: 1; Planned user: Housing Units; Case summary: Government Houses allocated to private individuals.; Source/complainant: 13/01/04, Henrietta M. L. Khamati, P.O. Box 14008, Nakuru",none,"Complaint: NAKU/MG/58,59,129 81, Government Land, Nakuru Municipality",0
annex_19_complaint_0325,"Trust Land and Government Land, Nakuru District – Kiptagich Ward",,unknown,public_complaint,Public utilities allocated to private developers.,"13/01/04, Kiptagich Residents, P.O. Box 106, Olengurone",,Rift Valley Province,,,2,735,annex_19_complaints_from_the_public.csv,"S/No: 2; Planned user: Water Tank, Tea Buying Centre, Bus Stage, K.G.G.C.U., Chief's Camp, Slaughter House, Teachers Houses, Dispensary; Case summary: Public utilities allocated to private developers.; Source/complainant: 13/01/04, Kiptagich Residents, P.O. Box 106, Olengurone",none,"Complaint: Trust Land and Government Land, Nakuru District – Kiptagich Ward",0
annex_19_complaint_0326,"202,201, 203, 226, 225, 224, & 227, Wetland, Ol-Joro Orok Division",,unknown,public_complaint,Public dam allocated to individuals. Mr. Kagiri of Plot No. 202 was behind this allocation since he was then working with the Ministry of Lands and Settlement.,"31/10/03, Gachima Dam Project, P.O. Box 3, Ol-Joro-Orok",,Rift Valley Province,,,2,735,annex_19_complaints_from_the_public.csv,"S/No: 3; Planned user: 10 Acres, Dam (Simba dam); Case summary: Public dam allocated to individuals. Mr. Kagiri of Plot No. 202 was behind this allocation since he was then working with the Ministry of Lands and Settlement.; Source/complainant: 31/10/03, Gachima Dam Project, P.O. Box 3, Ol-Joro-Orok",none,"Complaint: 202,201, 203, 226, 225, 224, & 227, Wetland, Ol-Joro Orok Division",0
annex_19_complaint_0327,"Part Development Plan R61/95/14, Trust Land, Sotik",,unknown,public_complaint,Land reserved for a public purpose allocated to individuals.,"6/11/2003, Chairman Sotik School for the Blind, P.O. Box 853, Sotik",,Rift Valley Province,,,2,735,annex_19_complaints_from_the_public.csv,"S/No: 4; Planned user: 10 Acres, School for the Blind; Case summary: Land reserved for a public purpose allocated to individuals.; Source/complainant: 6/11/2003, Chairman Sotik School for the Blind, P.O. Box 853, Sotik",none,"Complaint: Part Development Plan R61/95/14, Trust Land, Sotik",0
annex_19_complaint_0328,"850/Kabiemit, Trust Land, Keiyo South",,unknown,public_complaint,Land set aside for development of secondary school allocated to individuals.,"20/01/04, Kabiemit Community, P.O. Box 72, Kipkabus",,Rift Valley Province,,,2,735,annex_19_complaints_from_the_public.csv,"S/No: 5; Planned user: 20 Acres, Secondary School; Case summary: Land set aside for development of secondary school allocated to individuals.; Source/complainant: 20/01/04, Kabiemit Community, P.O. Box 72, Kipkabus",none,"Complaint: 850/Kabiemit, Trust Land, Keiyo South",0
annex_19_complaint_0329,"850/Kabiemit Trading Centre, Trust Land, Keiyo South",,unknown,public_complaint,Land meant for Technical Institute allocated to individuals.,"20/01/04, Kabiemit Communtiy, P.O. Box 72, Kipkabus",,Rift Valley Province,,,2,735,annex_19_complaints_from_the_public.csv,"S/No: 6; Planned user: 15 Acres, Technical Institute; Case summary: Land meant for Technical Institute allocated to individuals.; Source/complainant: 20/01/04, Kabiemit Communtiy, P.O. Box 72, Kipkabus",none,"Complaint: 850/Kabiemit Trading Centre, Trust Land, Keiyo South",0
annex_19_complaint_0330,"850/Kabiemit Trading Centre, Trust Land, Keiyo South",,unknown,public_complaint,Part of Kapkut Primary School land allocated to individuals.,"20/01/04, Kabiemit Community, P.O. Box 72, Kipkabus",,Rift Valley Province,,,2,736,annex_19_complaints_from_the_public.csv,"S/No: 7; Planned user: 1 Acre, Primary School; Case summary: Part of Kapkut Primary School land allocated to individuals.; Source/complainant: 20/01/04, Kabiemit Community, P.O. Box 72, Kipkabus",none,"Complaint: 850/Kabiemit Trading Centre, Trust Land, Keiyo South",0
annex_19_complaint_0331,"850/Kabiemit Trading Centre, Trust Land, Keiyo South",,unknown,public_complaint,Land set aside for development of dispensary allocated to the Chairman of Keiyo County Council.,"20/01/04, Kabiemit Community, P.O. Box 72, Kipkabus",,Rift Valley Province,,,2,736,annex_19_complaints_from_the_public.csv,"S/No: 8; Planned user: 5 Acres, Dispensary; Case summary: Land set aside for development of dispensary allocated to the Chairman of Keiyo County Council.; Source/complainant: 20/01/04, Kabiemit Community, P.O. Box 72, Kipkabus",none,"Complaint: 850/Kabiemit Trading Centre, Trust Land, Keiyo South",0
annex_19_complaint_0332,"Plot No. 849,855,861,867,841,8?? 46, Wetland, Keiyo South",,unknown,public_complaint,Water catchment area allocated to individuals.,"20/01/04, Kabiemit Community, P.O. Box 72, Kipkabus",,Rift Valley Province,,,2,736,annex_19_complaints_from_the_public.csv,"S/No: 9; Planned user: 36 Acres, Water Catchment Area; Case summary: Water catchment area allocated to individuals.; Source/complainant: 20/01/04, Kabiemit Community, P.O. Box 72, Kipkabus",none,"Complaint: Plot No. 849,855,861,867,841,8?? 46, Wetland, Keiyo South",0
annex_19_complaint_0333,"Wetland,Marakwet District",,unknown,public_complaint,Public Dam illegally allocated to individuals. It is alleged the individuals corrupted the Land Adjudication Officers of the years between 1969 – 1971.,"12/10/2003, Kondabilet Sub-Location, P.O. Box Cheborowa, Via Eldoret",,Rift Valley Province,,,2,736,annex_19_complaints_from_the_public.csv,"S/No: 10; Planned user: Public Dam; Case summary: Public Dam illegally allocated to individuals. It is alleged the individuals corrupted the Land Adjudication Officers of the years between 1969 – 1971.; Source/complainant: 12/10/2003, Kondabilet Sub-Location, P.O. Box Cheborowa, Via Eldoret",none,"Complaint: Wetland,Marakwet District",0
annex_19_complaint_0334,"Trust Land, Marakwet District",,unknown,public_complaint,Land reserved for Kondabilet Primary School illegally allocated to an individual who corrupted the Land Adjudicating Officers during the 1969 – 1971 adjudicating exercises in Kondabilet sub-location.,"12/10/2003, Kondabilet Sub-Location, P.O. Box Cheborowa, Via Eldoret",,Rift Valley Province,,,2,736,annex_19_complaints_from_the_public.csv,"S/No: 11; Planned user: Primary School; Case summary: Land reserved for Kondabilet Primary School illegally allocated to an individual who corrupted the Land Adjudicating Officers during the 1969 – 1971 adjudicating exercises in Kondabilet sub-location.; Source/complainant: 12/10/2003, Kondabilet Sub-Location, P.O. Box Cheborowa, Via Eldoret",none,"Complaint: Trust Land, Marakwet District",0
annex_19_complaint_0335,"Settlement Scheme, Keiyo South",,unknown,public_complaint,Land set aside to settle the landless in Kerio Valley allocated to an undeserving beneficiary individual.,"28/10/03, Alfred Kipkorirego, P.O. Box 17, Ainabkoi",,Rift Valley Province,,,2,736,annex_19_complaints_from_the_public.csv,"S/No: 12; Planned user: 1000 Acres, Settlement Scheme; Case summary: Land set aside to settle the landless in Kerio Valley allocated to an undeserving beneficiary individual.; Source/complainant: 28/10/03, Alfred Kipkorirego, P.O. Box 17, Ainabkoi",none,"Complaint: Settlement Scheme, Keiyo South",0
annex_19_complaint_0336,"Block 1/ 58/7, 21,22,25,28,38,61,58,49,48 .42, National Forest, Kapchorwa Forest",,unknown,public_complaint,Kapchorwa forest allocated to individuals before any degazettement of the said forest was done.,"28/10/03, Alfred Kipkorirego, P.O. Box 17, Ainabkoi",,Rift Valley Province,,,2,736,annex_19_complaints_from_the_public.csv,"S/No: 13; Planned user: Forest; Case summary: Kapchorwa forest allocated to individuals before any degazettement of the said forest was done.; Source/complainant: 28/10/03, Alfred Kipkorirego, P.O. Box 17, Ainabkoi",none,"Complaint: Block 1/ 58/7, 21,22,25,28,38,61,58,49,48 .42, National Forest, Kapchorwa Forest",0
annex_19_complaint_0337,"Trust Land, Bureti District",,unknown,public_complaint,Various Public utilities allocated to individuals.,"30/10/03, J. K. Kiplangat, P.O. Box 410 Litein",,Rift Valley Province,,,2,737,annex_19_complaints_from_the_public.csv,"S/No: 14; Planned user: Various (Market, Nursery School, Bus Park); Case summary: Various Public utilities allocated to individuals.; Source/complainant: 30/10/03, J. K. Kiplangat, P.O. Box 410 Litein",none,"Complaint: Trust Land, Bureti District",0
annex_19_complaint_0338,"Government Land, Nakuru District",,unknown,public_complaint,4 Commercial plots hived from a parking area at the Junction of Road A 104 and B 104. That is the Eldoret – Nakuru – Kisumu Diversion/Junction.,"23/10/03, Maseno University Games & Sports, P.O. Box 333",,Rift Valley Province,,,2,737,annex_19_complaints_from_the_public.csv,"S/No: 15; Planned user: Parking Space; Case summary: 4 Commercial plots hived from a parking area at the Junction of Road A 104 and B 104. That is the Eldoret – Nakuru – Kisumu Diversion/Junction.; Source/complainant: 23/10/03, Maseno University Games & Sports, P.O. Box 333",none,"Complaint: Government Land, Nakuru District",0
annex_19_complaint_0339,"Trust Land, Naivasha",,unknown,public_complaint,Land set aside for public purposes allocated to individuals.,"29/10/03, Kinungi Farm, P.O. Box 1437 Naivasha",,Rift Valley Province,,,2,737,annex_19_complaints_from_the_public.csv,"S/No: 16; Planned user: Market, Chief's Office, Health Centre, Social Hall, Churches etc; Case summary: Land set aside for public purposes allocated to individuals.; Source/complainant: 29/10/03, Kinungi Farm, P.O. Box 1437 Naivasha",none,"Complaint: Trust Land, Naivasha",0
annex_19_complaint_0340,"Government Land, Junction at Total Mau-Summit",,unknown,public_complaint,"Land was compulsory acquired by the Ministry of Roads, Public Works and Housing and the proprietors were not compensated as required by law. This land was later set aside as a parking area and it was thereafter allocated to individuals.","21/10/03, Boror farms Ltd, P.O. Box 233 Molo",,Rift Valley Province,,,2,737,annex_19_complaints_from_the_public.csv,"S/No: 17; Planned user: 3 acres, Parking space; Case summary: Land was compulsory acquired by the Ministry of Roads, Public Works and Housing and the proprietors were not compensated as required by law. This land was later set aside as a parking area and it was thereafter allocated to individuals.; Source/complainant: 21/10/03, Boror farms Ltd, P.O. Box 233 Molo",none,"Complaint: Government Land, Junction at Total Mau-Summit",0
annex_19_complaint_0341,"Trust Land, Nyamwanga Village, Nyaguku Sub-location, North Kituu Location of Nyamira District",,unknown,public_complaint,Land set aside for a public purpose allocated to a businessman based in Nairobi.,"17/09/03, Jared Mosomi, C/O Box 2758 Kisii",,Rift Valley Province,,,2,737,annex_19_complaints_from_the_public.csv,"S/No: 18; Planned user: Non indicated; Case summary: Land set aside for a public purpose allocated to a businessman based in Nairobi.; Source/complainant: 17/09/03, Jared Mosomi, C/O Box 2758 Kisii",none,"Complaint: Trust Land, Nyamwanga Village, Nyaguku Sub-location, North Kituu Location of Nyamira District",0
annex_19_complaint_0342,"Trust Land, Uasin Gishu District",,unknown,public_complaint,Land set aside for recreational purposes allocated to an individual.,"21/10/03, Isaack Wafula & Others, P.O. Box 40, Moiben",,Rift Valley Province,,,2,737,annex_19_complaints_from_the_public.csv,"S/No: 19; Planned user: Recreational; Case summary: Land set aside for recreational purposes allocated to an individual.; Source/complainant: 21/10/03, Isaack Wafula & Others, P.O. Box 40, Moiben",none,"Complaint: Trust Land, Uasin Gishu District",0
annex_19_complaint_0343,"Area Marked 44 and 24, Government Land, Uasin Gishu District",,unknown,public_complaint,Road reserve allocated to an individual.,"21/10/03, Isaack Wafula & Others, P.O. Box 40, Moiben",,Rift Valley Province,,,2,738,annex_19_complaints_from_the_public.csv,"S/No: 20; Planned user: Road reserve; Case summary: Road reserve allocated to an individual.; Source/complainant: 21/10/03, Isaack Wafula & Others, P.O. Box 40, Moiben",none,"Complaint: Area Marked 44 and 24, Government Land, Uasin Gishu District",0
annex_19_complaint_0344,"PDP 25/95/2, 1, 10 & 8, Uasin Gishu District",,unknown,public_complaint,Public land allocated to individuals.,"21/10/03, Isaack Wafula & Others, P.O. Box 40, Moiben",,Rift Valley Province,,,2,738,annex_19_complaints_from_the_public.csv,"S/No: 21; Planned user: Non indicated; Case summary: Public land allocated to individuals.; Source/complainant: 21/10/03, Isaack Wafula & Others, P.O. Box 40, Moiben",none,"Complaint: PDP 25/95/2, 1, 10 & 8, Uasin Gishu District",0
annex_19_complaint_0345,"PDP 25/95/10 & 11, Uasin Gishu District",,unknown,public_complaint,Public land allocated to individuals.,"21/10/03, Isaack Wafula & Others, P.O. Box 40, Moiben",,Rift Valley Province,,,2,738,annex_19_complaints_from_the_public.csv,"S/No: 22; Planned user: 6 Acres, Unnamed Public utilities; Case summary: Public land allocated to individuals.; Source/complainant: 21/10/03, Isaack Wafula & Others, P.O. Box 40, Moiben",none,"Complaint: PDP 25/95/10 & 11, Uasin Gishu District",0
annex_19_complaint_0346,"Block Marked 48, Government Land, Uasin Gishu District",,unknown,public_complaint,Government houses and County Council Depot allocated to individuals.,"21/10/03, Isaack Wafula & Others, P.O. Box 40, Moiben",,Rift Valley Province,,,2,738,annex_19_complaints_from_the_public.csv,"S/No: 23; Planned user: Housing Units and Depot; Case summary: Government houses and County Council Depot allocated to individuals.; Source/complainant: 21/10/03, Isaack Wafula & Others, P.O. Box 40, Moiben",none,"Complaint: Block Marked 48, Government Land, Uasin Gishu District",0
annex_19_complaint_0347,"PDP 25/95/B, Government Land, Uasin Gishu District",,unknown,public_complaint,Public utility land allocated to individuals.,"21/10/03, Isaack Wafula & Others, P.O. Box 40, Moiben",,Rift Valley Province,,,2,738,annex_19_complaints_from_the_public.csv,"S/No: 24; Planned user: 4 Acres, Unnamed Public utilities; Case summary: Public utility land allocated to individuals.; Source/complainant: 21/10/03, Isaack Wafula & Others, P.O. Box 40, Moiben",none,"Complaint: PDP 25/95/B, Government Land, Uasin Gishu District",0
annex_19_complaint_0348,"PDP 25/96/2 (Marked 85), Government Land, Uasin Gishu District",,unknown,public_complaint,Government houses allocated to individuals.,"21/10/03, Isaack Wafula & Others, P.O. Box 40, Moiben",,Rift Valley Province,,,2,738,annex_19_complaints_from_the_public.csv,"S/No: 25; Planned user: Government Houses; Case summary: Government houses allocated to individuals.; Source/complainant: 21/10/03, Isaack Wafula & Others, P.O. Box 40, Moiben",none,"Complaint: PDP 25/96/2 (Marked 85), Government Land, Uasin Gishu District",0
annex_19_complaint_0349,"PDP 25/95/9 (Marked 04), Government Land, Uasin Gishu District",,unknown,public_complaint,Government houses including District Officer's residence allocated to an individual.,"21/10/03, Isaack Wafula & Others, P.O. Box 40, Moiben",,Rift Valley Province,,,2,738,annex_19_complaints_from_the_public.csv,"S/No: 26; Planned user: District Officers Residence and other Government Houses; Case summary: Government houses including District Officer's residence allocated to an individual.; Source/complainant: 21/10/03, Isaack Wafula & Others, P.O. Box 40, Moiben",none,"Complaint: PDP 25/95/9 (Marked 04), Government Land, Uasin Gishu District",0
annex_19_complaint_0350,"82, Trust Land, Uasin Gishu District",,unknown,public_complaint,Public land allocated to an individual.,"21/10/03, Isaack Wafula & Others, P.O. Box 40, Moiben",,Rift Valley Province,,,2,738,annex_19_complaints_from_the_public.csv,"S/No: 27; Planned user: 18 Acres, Cemetery; Case summary: Public land allocated to an individual.; Source/complainant: 21/10/03, Isaack Wafula & Others, P.O. Box 40, Moiben",none,"Complaint: 82, Trust Land, Uasin Gishu District",0
annex_19_complaint_0351,"PDP 25/94/1 and 25/94/2, Trust Land, Uasin Gishu District",,unknown,public_complaint,Public utility plot allocated to individuals.,"21/10/03, Isaack Wafula & Others, P.O. Box 40, Moiben",,Rift Valley Province,,,2,738,annex_19_complaints_from_the_public.csv,"S/No: 28; Planned user: 8 Acres, Unnamed Public Utility; Case summary: Public utility plot allocated to individuals.; Source/complainant: 21/10/03, Isaack Wafula & Others, P.O. Box 40, Moiben",none,"Complaint: PDP 25/94/1 and 25/94/2, Trust Land, Uasin Gishu District",0
annex_19_complaint_0352,"Mau/Summit/Molo Block I (Mutirithia)/454, 455, 456, 457 and 458, Government Land, Mau Summit",,unknown,public_complaint,Road reserve allocated to individuals. Commissioner of Lands recommended the cancellation of title deeds issued on these plots. The Court ordered the cancellation of the said title deeds on 11 September 2003.,"3/11/2003, Joseph Gachie Mwangi and Others, P.O. Box 164, Molo",,Rift Valley Province,,,2,739,annex_19_complaints_from_the_public.csv,"S/No: 29; Planned user: Road Reserve; Case summary: Road reserve allocated to individuals. Commissioner of Lands recommended the cancellation of title deeds issued on these plots. The Court ordered the cancellation of the said title deeds on 11 September 2003.; Source/complainant: 3/11/2003, Joseph Gachie Mwangi and Others, P.O. Box 164, Molo",none,"Complaint: Mau/Summit/Molo Block I (Mutirithia)/454, 455, 456, 457 and 458, Government Land, Mau Summit",0
annex_19_complaint_0353,"Trust Land, Bureti County Council",,unknown,public_complaint,Public land allocated to private developers.,"3/11/2003, Mr. Joseph K. Rutto, and John K. Kirui, Chemosot Market, Box 614, Litein",,Rift Valley Province,,,2,739,annex_19_complaints_from_the_public.csv,"S/No: 30; Planned user: Chemosot Market; Case summary: Public land allocated to private developers.; Source/complainant: 3/11/2003, Mr. Joseph K. Rutto, and John K. Kirui, Chemosot Market, Box 614, Litein",none,"Complaint: Trust Land, Bureti County Council",0
annex_19_complaint_0354,"5579, Settlement Scheme Kitale",,unknown,public_complaint,Land Set aside to settle squatters allocated to undeserving beneficiaries.,"12/11/2003, Catholic Justice and Peace Commission Kitale, 4656, Kitale",,Rift Valley Province,,,2,739,annex_19_complaints_from_the_public.csv,"S/No: 31; Planned user: 4000 Acres, Settlement Scheme; Case summary: Land Set aside to settle squatters allocated to undeserving beneficiaries.; Source/complainant: 12/11/2003, Catholic Justice and Peace Commission Kitale, 4656, Kitale",none,"Complaint: 5579, Settlement Scheme Kitale",0
annex_19_complaint_0355,"Government Land, Kitale",,unknown,public_complaint,Public land allocated to an individual.,"12/11/2003, Catholic Justice and Peace Commission Kitale, 4656, Kitale",,Rift Valley Province,,,2,739,annex_19_complaints_from_the_public.csv,"S/No: 32; Planned user: 4 acres, School (Kitale Academy); Case summary: Public land allocated to an individual.; Source/complainant: 12/11/2003, Catholic Justice and Peace Commission Kitale, 4656, Kitale",none,"Complaint: Government Land, Kitale",0
annex_19_complaint_0356,"2329 and 2072/1, Government Land, Kitale",,unknown,public_complaint,Public land allocated to private developers.,"12/11/2003, Catholic Justice and Peace Commission Kitale, 4656, Kitale",,Rift Valley Province,,,2,739,annex_19_complaints_from_the_public.csv,"S/No: 33; Planned user: 150 Acres, Air Strip; Case summary: Public land allocated to private developers.; Source/complainant: 12/11/2003, Catholic Justice and Peace Commission Kitale, 4656, Kitale",none,"Complaint: 2329 and 2072/1, Government Land, Kitale",0
annex_19_complaint_0357,"National Forest, Kitale",,unknown,public_complaint,Forest land allocated to private developers.,"12/11/2003, Catholic Justice and Peace Commission Kitale, 4656, Kitale",,Rift Valley Province,,,2,740,annex_19_complaints_from_the_public.csv,"S/No: 34; Planned user: 10 Acres, Forest; Case summary: Forest land allocated to private developers.; Source/complainant: 12/11/2003, Catholic Justice and Peace Commission Kitale, 4656, Kitale",none,"Complaint: National Forest, Kitale",0
annex_19_complaint_0358,"3023/IR 355, Settlement Scheme, Kitale",,unknown,public_complaint,Land hived from Kitalale Forest to settle squatters allocated to undeserving beneficiaries.,"12/11/2003, Catholic Justice and Peace Commission Kitale, 4656, Kitale",,Rift Valley Province,,,2,740,annex_19_complaints_from_the_public.csv,"S/No: 35; Planned user: 1695 Acres, Settlement Scheme; Case summary: Land hived from Kitalale Forest to settle squatters allocated to undeserving beneficiaries.; Source/complainant: 12/11/2003, Catholic Justice and Peace Commission Kitale, 4656, Kitale",none,"Complaint: 3023/IR 355, Settlement Scheme, Kitale",0
annex_19_complaint_0359,"5503/IR 1028, Settlement Scheme, Kitale",,unknown,public_complaint,Land set aside to settle squatters allocated to powerful individuals in the former Government.,"12/11/2003, Catholic Justice and Peace Commission Kitale, 4656, Kitale",,Rift Valley Province,,,2,740,annex_19_complaints_from_the_public.csv,"S/No: 36; Planned user: 4800 Acres, Settlement Scheme; Case summary: Land set aside to settle squatters allocated to powerful individuals in the former Government.; Source/complainant: 12/11/2003, Catholic Justice and Peace Commission Kitale, 4656, Kitale",none,"Complaint: 5503/IR 1028, Settlement Scheme, Kitale",0
annex_19_complaint_0360,"2197/2/2R, 2049 R, 2021R, 9070/1, State Corporation land, Kitale",,unknown,public_complaint,Public land allocated to individuals.,"12/11/2003, Catholic Justice and Peace Commission Kitale, 4656, Kitale",,Rift Valley Province,,,2,740,annex_19_complaints_from_the_public.csv,"S/No: 37; Planned user: L.R. No. 2197/2/2/R – 406.5 Acres, L.R. No. 2049R – 1218 Acres, L.R. No. 2021R – 171 Acres, L.R No. 9070/1 – Not Clear, Kenya Agricultural Research Institute; Case summary: Public land allocated to individuals.; Source/complainant: 12/11/2003, Catholic Justice and Peace Commission Kitale, 4656, Kitale",none,"Complaint: 2197/2/2R, 2049 R, 2021R, 9070/1, State Corporation land, Kitale",0
annex_19_complaint_0361,"2176/2177, State Corporation land, Kitale",,unknown,public_complaint,Public land allocated to private developers.,"12/11/2003, Catholic Justice and Peace Commission Kitale, 4656, Kitale",,Rift Valley Province,,,2,740,annex_19_complaints_from_the_public.csv,"S/No: 38; Planned user: 2,797 Acres, Agricultural Development Corporation Farm; Case summary: Public land allocated to private developers.; Source/complainant: 12/11/2003, Catholic Justice and Peace Commission Kitale, 4656, Kitale",none,"Complaint: 2176/2177, State Corporation land, Kitale",0
annex_19_complaint_0362,"6122/4 and 6605/2, Government land, Kitale",,unknown,public_complaint,Prison land allocated to individuals.,"12/11/2003, Catholic Justice and Peace Commission Kitale, 4656, Kitale",,Rift Valley Province,,,2,741,annex_19_complaints_from_the_public.csv,"S/No: 39; Planned user: 3.400 Acres, Prison; Case summary: Prison land allocated to individuals.; Source/complainant: 12/11/2003, Catholic Justice and Peace Commission Kitale, 4656, Kitale",none,"Complaint: 6122/4 and 6605/2, Government land, Kitale",0
annex_19_complaint_0363,"Government Land, Kitale",,unknown,public_complaint,Public land allocated to private developers.,"12/11/2003, Catholic Justice and Peace Commission Kitale, 4656, Kitale",,Rift Valley Province,,,2,741,annex_19_complaints_from_the_public.csv,"S/No: 40; Planned user: 15 Acres, School(Bomas Secondary School); Case summary: Public land allocated to private developers.; Source/complainant: 12/11/2003, Catholic Justice and Peace Commission Kitale, 4656, Kitale",none,"Complaint: Government Land, Kitale",0
annex_19_complaint_0364,"Trust Land, Lodokejek Location, Samburu District",,unknown,public_complaint,Trust land allocated to individuals before the community was consulted.,"10/11/2003, Otoni Ole Lendio & Others, P.O. Box 215 (20600) Maralal",,Rift Valley Province,,,2,741,annex_19_complaints_from_the_public.csv,"S/No: 41; Planned user: 1155.5 Hectares, Not indicated; Case summary: Trust land allocated to individuals before the community was consulted.; Source/complainant: 10/11/2003, Otoni Ole Lendio & Others, P.O. Box 215 (20600) Maralal",none,"Complaint: Trust Land, Lodokejek Location, Samburu District",0
annex_19_complaint_0365,"Kericho/Kipsonoi West Settlement Scheme PIS Nos. 363,77 and 362, Settlement Scheme, Kericho",,unknown,public_complaint,Public land allocated to private developers.,"11/11/2003, Kipajit Primary School, P.O. Box 154 Sotik",,Rift Valley Province,,,2,741,annex_19_complaints_from_the_public.csv,"S/No: 42; Planned user: Plot No. 363 & 77 – Primary School & 362 – Cattle Dip; Case summary: Public land allocated to private developers.; Source/complainant: 11/11/2003, Kipajit Primary School, P.O. Box 154 Sotik",none,"Complaint: Kericho/Kipsonoi West Settlement Scheme PIS Nos. 363,77 and 362, Settlement Scheme, Kericho",0
annex_19_complaint_0366,"Sergoit Crown land/Sergoit Holding, Government Land, Molo",,unknown,public_complaint,Land set aside to compensate people whose land was compulsorily acquired for the development of Tambach Teachers Training College allocated to undeserving beneficiaries. Eighteen Primary and two Secondary Schools allocated 200 acres of this land as an inducement for votes from the area MP the late Hon. Paul Chepkok.,"6/11/2003, Tabach Teachers' Training College Squatters Committee, Not indicated",,Rift Valley Province,,,2,741,annex_19_complaints_from_the_public.csv,"S/No: 43; Planned user: 600 Acres, As Compensation for land compulsorily acquired for development of Tambach Teachers' Training College; Case summary: Land set aside to compensate people whose land was compulsorily acquired for the development of Tambach Teachers Training College allocated to undeserving beneficiaries. Eighteen Primary and two Secondary Schools allocated 200 acres of this land as an inducement for votes from the area MP the late Hon. Paul Chepkok.; Source/complainant: 6/11/2003, Tabach Teachers' Training College Squatters Committee, Not indicated",none,"Complaint: Sergoit Crown land/Sergoit Holding, Government Land, Molo",0
annex_19_complaint_0367,"Plot No. 16015/XIII/153 (TOL) Nanyuki Town, Government Land, Nanyuki",,unknown,public_complaint,"Land reserved for public purposes allocated to individuals.The people involved in the allocation include the former D.C. Mohammed Swaleh, Former District Physical Planner, Mr. Muriuki Ruthuthi and an Officer in the Ministry of Lands and Settlement, Mr. D. Machaira.","11/11/2003, Simon Billy K. Ng'ang'a, P.O. Box 130, Gilgil",,Rift Valley Province,,,2,742,annex_19_complaints_from_the_public.csv,"S/No: 44; Planned user: Fire Station; Case summary: Land reserved for public purposes allocated to individuals.The people involved in the allocation include the former D.C. Mohammed Swaleh, Former District Physical Planner, Mr. Muriuki Ruthuthi and an Officer in the Ministry of Lands and Settlement, Mr. D. Machaira.; Source/complainant: 11/11/2003, Simon Billy K. Ng'ang'a, P.O. Box 130, Gilgil",none,"Complaint: Plot No. 16015/XIII/153 (TOL) Nanyuki Town, Government Land, Nanyuki",0
annex_19_complaint_0368,"EMC Block 7/254, Urban Land, Eldoret",,unknown,public_complaint,Public land allocated to a private developer who has fenced it. The fence has blocked a street that joins Nandi Road and the main Uganda Road in Eldoret town. The fence will also impair drainage and sewerage systems especially for Sacred Heart Cathedral and adjoining premises.,"7/1/2004, Concerned Residents, Eldoret, Not indicated",,Rift Valley Province,,,2,742,annex_19_complaints_from_the_public.csv,"S/No: 45; Planned user: Unnamed public utility; Case summary: Public land allocated to a private developer who has fenced it. The fence has blocked a street that joins Nandi Road and the main Uganda Road in Eldoret town. The fence will also impair drainage and sewerage systems especially for Sacred Heart Cathedral and adjoining premises.; Source/complainant: 7/1/2004, Concerned Residents, Eldoret, Not indicated",none,"Complaint: EMC Block 7/254, Urban Land, Eldoret",0
annex_19_complaint_0369,"Plot Nos. 42,74,3,61,25,7,34,49,12 2,5, Settlement Scheme, Trans Nzoia District",,unknown,public_complaint,"Public utility plots allocated to private developers. The allottees include Mr. Nehemiah Rotich (Former Director of Kenya Wildlife Services) -Plot No. 43, Cllr. Samson Osoro Gitanda (Councilor, Kaplamai Ward) – Plot No. 42, Mrs. Elizabeth Jemisik Kiyai (Wife of Area Councillor) – Plot No. 74, Mr. Joseph Yano (Former Nominated Councilor) – Plot No. 3, Mr. Eremon Erot (Former Nominated Councillor) – Plot No. 61, Mr. Isaiah Kirop (The then KANU Chairman, Suwerwa Location) – Plot No. 25, Mr. Dickson Aloiloi (Then KANU Treasurer, Suwerwa Location) – Plot No. 7, Mr. Eliud Sanga (Chief Makutano Location) – Plot No. 34, Mr. Andrew Rotich (Retired Senior Chief, Cheysiro Location) – Plot No. 49, Mr. Stanley K. Tanui (Retired Chief, Makutano Location) – Plot No. 12, Mr. Elisha Chepkwony (Assistant Chief, Kapterit Sub-location) – Plot No. 22, Mr. Elisha Chebet (Retired Assistant Chief, Suwerwa Sub-location) – Plot No. 5.","3/11/2003, Kapkarwa S. Scheme, P.O. Box 1237, Kitale",,Rift Valley Province,,,2,742,annex_19_complaints_from_the_public.csv,"S/No: 46; Planned user: Various (Dispensary, Administration Police Post, Polytechnic, Churches); Case summary: Public utility plots allocated to private developers. The allottees include Mr. Nehemiah Rotich (Former Director of Kenya Wildlife Services) -Plot No. 43, Cllr. Samson Osoro Gitanda (Councilor, Kaplamai Ward) – Plot No. 42, Mrs. Elizabeth Jemisik Kiyai (Wife of Area Councillor) – Plot No. 74, Mr. Joseph Yano (Former Nominated Councilor) – Plot No. 3, Mr. Eremon Erot (Former Nominated Councillor) – Plot No. 61, Mr. Isaiah Kirop (The then KANU Chairman, Suwerwa Location) – Plot No. 25, Mr. Dickson Aloiloi (Then KANU Treasurer, Suwerwa Location) – Plot No. 7, Mr. Eliud Sanga (Chief Makutano Location) – Plot No. 34, Mr. Andrew Rotich (Retired Senior Chief, Cheysiro Location) – Plot No. 49, Mr. Stanley K. Tanui (Retired Chief, Makutano Location) – Plot No. 12, Mr. Elisha Chepkwony (Assistant Chief, Kapterit Sub-location) – Plot No. 22, Mr. Elisha Chebet (Retired Assistant Chief, Suwerwa Sub-location) – Plot No. 5.; Source/complainant: 3/11/2003, Kapkarwa S. Scheme, P.O. Box 1237, Kitale",none,"Complaint: Plot Nos. 42,74,3,61,25,7,34,49,12 2,5, Settlement Scheme, Trans Nzoia District",0
annex_19_complaint_0370,"Kericho/Kipchimchim/105 8, Trust Land, Kericho-Lumbwa",,unknown,public_complaint,Public land allocated to individuals.,"9/2/2004, Wilson Malakwen Yegon, P.O. Box 312, Kericho",,Rift Valley Province,,,2,743,annex_19_complaints_from_the_public.csv,"S/No: 47; Planned user: Road Truncation; Case summary: Public land allocated to individuals.; Source/complainant: 9/2/2004, Wilson Malakwen Yegon, P.O. Box 312, Kericho",none,"Complaint: Kericho/Kipchimchim/105 8, Trust Land, Kericho-Lumbwa",0
annex_19_complaint_0371,"Plot No. 307, Wetland, Enkare Narok",,unknown,public_complaint,A public utility allocated to individuals.,"9/1/2004, Residents, Enkare Trading Centre",,Rift Valley Province,,,2,743,annex_19_complaints_from_the_public.csv,"S/No: 48; Planned user: Water Catchments Area; Case summary: A public utility allocated to individuals.; Source/complainant: 9/1/2004, Residents, Enkare Trading Centre",none,"Complaint: Plot No. 307, Wetland, Enkare Narok",0
annex_19_complaint_0372,"Moi's Bridge Block II – Uasin Gishu, Trust Land, Nzoia Sisal Estates",,unknown,public_complaint,Road access allocated to individuals who wielded influence in Wareng County Council.,"27/01/04, Individual,P.O. Box 121, Moi's Bridge",,Rift Valley Province,,,2,743,annex_19_complaints_from_the_public.csv,"S/No: 49; Planned user: Road access; Case summary: Road access allocated to individuals who wielded influence in Wareng County Council.; Source/complainant: 27/01/04, Individual,P.O. Box 121, Moi's Bridge",none,"Complaint: Moi's Bridge Block II – Uasin Gishu, Trust Land, Nzoia Sisal Estates",0
annex_19_complaint_0373,"Simati/Block I/Mutwo, Trust Land, Uasin Gishu District",,unknown,public_complaint,Public land allocated to individuals.,"11/11/2003, FORD Asili, Uasin Gishu Branch, C/O P.O. Box 516, Eldoret",,Rift Valley Province,,,2,744,annex_19_complaints_from_the_public.csv,"S/No: 50; Planned user: Water Point, Health Centre Church; Case summary: Public land allocated to individuals.; Source/complainant: 11/11/2003, FORD Asili, Uasin Gishu Branch, C/O P.O. Box 516, Eldoret",none,"Complaint: Simati/Block I/Mutwo, Trust Land, Uasin Gishu District",0
annex_19_complaint_0374,"Government Land, Uasin Gishu District",,unknown,public_complaint,Condemned Government house renovated and allocated to private developers.,"11/11/2003, FORD Asili, Uasin Gishu Branch, C/O P.O. Box 516, Eldoret",,Rift Valley Province,,,2,744,annex_19_complaints_from_the_public.csv,"S/No: 51; Planned user: Labour Office; Case summary: Condemned Government house renovated and allocated to private developers.; Source/complainant: 11/11/2003, FORD Asili, Uasin Gishu Branch, C/O P.O. Box 516, Eldoret",none,"Complaint: Government Land, Uasin Gishu District",0
annex_19_complaint_0375,"Government Land, Uasin Gishu District",,unknown,public_complaint,Road reserve from Uasin Gishu High School up to Kenya Power Staff House allocated to private developers.,"11/11/2003, FORD Asili, Uasin Gishu Branch, C/O P.O. Box 516, Eldoret",,Rift Valley Province,,,2,744,annex_19_complaints_from_the_public.csv,"S/No: 52; Planned user: Road Reserve; Case summary: Road reserve from Uasin Gishu High School up to Kenya Power Staff House allocated to private developers.; Source/complainant: 11/11/2003, FORD Asili, Uasin Gishu Branch, C/O P.O. Box 516, Eldoret",none,"Complaint: Government Land, Uasin Gishu District",0
annex_19_complaint_0376,"Trust Land, Uasin Gishu District",,unknown,public_complaint,Land set aside for construction of Council Houses allocated to private developers.,"11/11/2003, FORD Asili, Uasin Gishu Branch, C/O P.O. Box 516, Eldoret",,Rift Valley Province,,,2,744,annex_19_complaints_from_the_public.csv,"S/No: 53; Planned user: Housing Units; Case summary: Land set aside for construction of Council Houses allocated to private developers.; Source/complainant: 11/11/2003, FORD Asili, Uasin Gishu Branch, C/O P.O. Box 516, Eldoret",none,"Complaint: Trust Land, Uasin Gishu District",0
annex_19_complaint_0377,"State Corporation Land, Uasin Gishu District",,unknown,public_complaint,Assets including Kenya Farmers Association warehouses allocated to private developers. Matters to be investigated.,"11/11/2003, FORD Asili, Uasin Gishu Branch, C/O P.O. Box 516, Eldoret",,Rift Valley Province,,,2,744,annex_19_complaints_from_the_public.csv,"S/No: 54; Planned user: Kenya Farmers Association Offices; Case summary: Assets including Kenya Farmers Association warehouses allocated to private developers. Matters to be investigated.; Source/complainant: 11/11/2003, FORD Asili, Uasin Gishu Branch, C/O P.O. Box 516, Eldoret",none,"Complaint: State Corporation Land, Uasin Gishu District",0
annex_19_complaint_0378,"Government Land, Uasin Gishu District",,unknown,public_complaint,Public land allocated to private developers.,"11/11/2003, FORD Asili, Uasin Gishu Branch, C/O P.O. Box 516, Eldoret",,Rift Valley Province,,,2,744,annex_19_complaints_from_the_public.csv,"S/No: 55; Planned user: Eldoret Law Courts and Agricultural Society of Kenya Show grounds; Case summary: Public land allocated to private developers.; Source/complainant: 11/11/2003, FORD Asili, Uasin Gishu Branch, C/O P.O. Box 516, Eldoret",none,"Complaint: Government Land, Uasin Gishu District",0
annex_19_complaint_0379,"State Corporation Land, Uasin Gishu District",,unknown,public_complaint,Public land allocated to private developers.,"11/11/2003, FORD Asili, Uasin Gishu Branch, C/O P.O. Box 516, Eldoret",,Rift Valley Province,,,2,744,annex_19_complaints_from_the_public.csv,"S/No: 56; Planned user: Railway Land; Case summary: Public land allocated to private developers.; Source/complainant: 11/11/2003, FORD Asili, Uasin Gishu Branch, C/O P.O. Box 516, Eldoret",none,"Complaint: State Corporation Land, Uasin Gishu District",0
annex_19_complaint_0380,"33, 9, 6,8,15,17,16, 40 and Others, Trust Land, Not indicated",,unknown,public_complaint,Public land allocated to individuals most of whom were Officers in the Adjudication Section.,"12/2/2004, PORO ADJ SECTION SEKERET GROUP RANCH, P.O. Box 175, Maralal",,Rift Valley Province,,,2,745,annex_19_complaints_from_the_public.csv,"S/No: 57; Planned user: Approx 2000 Acres, Demonstration Plots; Case summary: Public land allocated to individuals most of whom were Officers in the Adjudication Section.; Source/complainant: 12/2/2004, PORO ADJ SECTION SEKERET GROUP RANCH, P.O. Box 175, Maralal",none,"Complaint: 33, 9, 6,8,15,17,16, 40 and Others, Trust Land, Not indicated",0
annex_19_complaint_0381,"Block 12/133, Urban Land, Nakuru Municipality",,unknown,public_complaint,"Senior Staff Houses in Milimani, Nakuru Municipality, allocated to an individual who claimed State Hoaue connections.","18/02/04, Susan Nyaboke, P.O. Box 1156, Nakuru",,Rift Valley Province,,,2,745,annex_19_complaints_from_the_public.csv,"S/No: 58; Planned user: Council House; Case summary: Senior Staff Houses in Milimani, Nakuru Municipality, allocated to an individual who claimed State Hoaue connections.; Source/complainant: 18/02/04, Susan Nyaboke, P.O. Box 1156, Nakuru",none,"Complaint: Block 12/133, Urban Land, Nakuru Municipality",0
annex_19_complaint_0382,"Trust Land, Logorate",,unknown,public_complaint,Public land allocated to private developers.,"22/01/04, Joseph Letuiyah & Others, Not indicated",,Rift Valley Province,,,2,745,annex_19_complaints_from_the_public.csv,"S/No: 59; Planned user: 10,600 Acres, Grazing land; Case summary: Public land allocated to private developers.; Source/complainant: 22/01/04, Joseph Letuiyah & Others, Not indicated",none,"Complaint: Trust Land, Logorate",0
annex_19_complaint_0383,"National Forest, Keiyo District",,unknown,public_complaint,Kipkabus forest allocated to private developers.,"4/12/2004, Larry M. Rono, P.O. Box 7972, Eldoret",,Rift Valley Province,,,2,745,annex_19_complaints_from_the_public.csv,"S/No: 60; Planned user: National Forest; Case summary: Kipkabus forest allocated to private developers.; Source/complainant: 4/12/2004, Larry M. Rono, P.O. Box 7972, Eldoret",none,"Complaint: National Forest, Keiyo District",0
annex_19_complaint_0384,"Trust Land, Baringo District",,unknown,public_complaint,The degazettement of the area through Legal Notice No. 101 of 1983 was done without the consultation of the residents of Baringo County Council. Case to ascertain the facts.,"7/11/2003, Lake Kamnarok Right Holder Group, Barwessa Division, Baringo District, P.O. Box 12, Barwessa",,Rift Valley Province,,,2,745,annex_19_complaints_from_the_public.csv,"S/No: 61; Planned user: 87.7 Sq. Km, Community Land; Case summary: The degazettement of the area through Legal Notice No. 101 of 1983 was done without the consultation of the residents of Baringo County Council. Case to ascertain the facts.; Source/complainant: 7/11/2003, Lake Kamnarok Right Holder Group, Barwessa Division, Baringo District, P.O. Box 12, Barwessa",none,"Complaint: Trust Land, Baringo District",0
annex_19_complaint_0385,"Trust Land, Sotik",,unknown,public_complaint,Public land allocated to private developers.,"19/04/04, The Chairman, Kiptabsir Primary School, P.O. Box 166, Sotik",,Rift Valley Province,,,2,745,annex_19_complaints_from_the_public.csv,"S/No: 62; Planned user: 11 Ha, School (Kiptabsir Primary School); Case summary: Public land allocated to private developers.; Source/complainant: 19/04/04, The Chairman, Kiptabsir Primary School, P.O. Box 166, Sotik",none,"Complaint: Trust Land, Sotik",0
annex_19_complaint_0386,"Nakuru Municipality/Block 15/782, Government Land, Nakuru",,unknown,public_complaint,"The plot in question, formerly UNS – Residential Plot No. 58 Nakuru Municipality, was allocated to Peter Kamau Nguatha vide allotment letter Ref. No. 30884/XXXVIII of 28/9/1993.However, title deed has now been issued to Mary M. Mugo (Secretary to the Commissioner of Lands) and Wilton Muthee (from Nakuru and a broker for the Office of the Commissioner of Lands) following allotment letter issued on 4/2/99 file No. 220226. The survey was carried out in 2000.","2/12/2003, Peter Kamau Nguatha, P.O. Box 67, Karuri",,Rift Valley Province,,,2,746,annex_19_complaints_from_the_public.csv,"S/No: 63; Planned user: Government House; Case summary: The plot in question, formerly UNS – Residential Plot No. 58 Nakuru Municipality, was allocated to Peter Kamau Nguatha vide allotment letter Ref. No. 30884/XXXVIII of 28/9/1993.However, title deed has now been issued to Mary M. Mugo (Secretary to the Commissioner of Lands) and Wilton Muthee (from Nakuru and a broker for the Office of the Commissioner of Lands) following allotment letter issued on 4/2/99 file No. 220226. The survey was carried out in 2000.; Source/complainant: 2/12/2003, Peter Kamau Nguatha, P.O. Box 67, Karuri",none,"Complaint: Nakuru Municipality/Block 15/782, Government Land, Nakuru",0
annex_19_complaint_0387,"Trust Land, Olkejuad County Council",,unknown,public_complaint,Public land allocated to private developers.,"23/02/04, Moses T. Kena (Former MP Kajiado Central), Not indicated",,Rift Valley Province,,,2,746,annex_19_complaints_from_the_public.csv,"S/No: 64; Planned user: Approx. 20 Acres, Demonstration Farm; Case summary: Public land allocated to private developers.; Source/complainant: 23/02/04, Moses T. Kena (Former MP Kajiado Central), Not indicated",none,"Complaint: Trust Land, Olkejuad County Council",0
annex_19_complaint_0388,"Trust Land, Sotik Town Council",,unknown,public_complaint,Public land allocated to private developers.,"24/02/04, Council D.R Big Five and William Cheruiyot, P.O. Box 770, Sotik",,Rift Valley Province,,,2,746,annex_19_complaints_from_the_public.csv,"S/No: 65; Planned user: Approx. 20 Acres, Veterinary; Case summary: Public land allocated to private developers.; Source/complainant: 24/02/04, Council D.R Big Five and William Cheruiyot, P.O. Box 770, Sotik",none,"Complaint: Trust Land, Sotik Town Council",0
annex_19_complaint_0389,"Trust Land, Sotik Town Council",,unknown,public_complaint,Public land allocated to private developers.,"24/02/04, Council D.R Big Five and William Cheruiyot, P.O. Box 770, Sotik",,Rift Valley Province,,,2,746,annex_19_complaints_from_the_public.csv,"S/No: 66; Planned user: Council Houses (Nyanza Estate); Case summary: Public land allocated to private developers.; Source/complainant: 24/02/04, Council D.R Big Five and William Cheruiyot, P.O. Box 770, Sotik",none,"Complaint: Trust Land, Sotik Town Council",0
annex_19_complaint_0390,"Nyahururu, Laikipia/Salama/Murukii Block 4/746,893,927,1022,1023,1 324,1331, Trust Land, Laikipia District",,unknown,public_complaint,Public utility plots allocated to individuals.,"30/01/04, Kiriko Farm Land Owners Committee, C/O Marula Primary School, P.O. Box 457",,Rift Valley Province,,,2,747,annex_19_complaints_from_the_public.csv,"S/No: 67; Planned user: Plot No. 764 and 1324 – Water Point, 893-Secondary School, 927-Cattle Dip, 1022-Tree Nursery, 1023-Afforestation Nursery, 1339-Police Post; Case summary: Public utility plots allocated to individuals.; Source/complainant: 30/01/04, Kiriko Farm Land Owners Committee, C/O Marula Primary School, P.O. Box 457",none,"Complaint: Nyahururu, Laikipia/Salama/Murukii Block 4/746,893,927,1022,1023,1 324,1331, Trust Land, Laikipia District",0
annex_19_complaint_0391,"15/1757, State Corporation Land, Eldoret",,unknown,public_complaint,"Land compulsorily acquired by the Government through Gazette Notice No. 3245 of 8th February, 1980 for Industrial development subdivided into Block 15/762, 2089, 1780, 1749, 1809, 1837, 1877, 1888, 1763, 1902, 1750, 1748, 1743, 1746, 1819, 2025, 1857, 2050, 2024, 1856, 1855 and 1837 allocated to individuals.","25/02/04, Kiptalam A. Cherunya, P.O. Box 626, Eldoret",,Rift Valley Province,,,2,747,annex_19_complaints_from_the_public.csv,"S/No: 68; Planned user: 400 Acres, Industrial Development (ICDC Land); Case summary: Land compulsorily acquired by the Government through Gazette Notice No. 3245 of 8th February, 1980 for Industrial development subdivided into Block 15/762, 2089, 1780, 1749, 1809, 1837, 1877, 1888, 1763, 1902, 1750, 1748, 1743, 1746, 1819, 2025, 1857, 2050, 2024, 1856, 1855 and 1837 allocated to individuals.; Source/complainant: 25/02/04, Kiptalam A. Cherunya, P.O. Box 626, Eldoret",none,"Complaint: 15/1757, State Corporation Land, Eldoret",0
annex_19_complaint_0392,"Trust Land, Kapsabet Municipality",,unknown,public_complaint,Land set aside for development of a school allocated to 5 private developers.,"14/01/04, AIC Baraton Academy, P.O. Box 1, Baraton",,Rift Valley Province,,,2,747,annex_19_complaints_from_the_public.csv,"S/No: 69; Planned user: 6 Acres, School (AIC Baraton Academy); Case summary: Land set aside for development of a school allocated to 5 private developers.; Source/complainant: 14/01/04, AIC Baraton Academy, P.O. Box 1, Baraton",none,"Complaint: Trust Land, Kapsabet Municipality",0
annex_19_complaint_0393,"Plot No. 410, Settlement Scheme (Teret Scheme), Teret Location",,unknown,public_complaint,Public land allocated to private developers.,"14/01/03, David Sigilai & Others, P.O. Box 701, Njoro",,Rift Valley Province,,,2,747,annex_19_complaints_from_the_public.csv,"S/No: 70; Planned user: School (Lulikwet Primary School); Case summary: Public land allocated to private developers.; Source/complainant: 14/01/03, David Sigilai & Others, P.O. Box 701, Njoro",none,"Complaint: Plot No. 410, Settlement Scheme (Teret Scheme), Teret Location",0
annex_19_complaint_0394,"Ongata Rongai Parish, Trust Land",,unknown,public_complaint,Public land allocated to private developers.,"23-02-2004, Anonymous, Not indicated",,Rift Valley Province,,,2,747,annex_19_complaints_from_the_public.csv,"S/No: 71; Planned user: 8 acres, Church; Case summary: Public land allocated to private developers.; Source/complainant: 23-02-2004, Anonymous, Not indicated",none,"Complaint: Ongata Rongai Parish, Trust Land",0
annex_19_complaint_0395,"Government Land, Nakuru",,unknown,public_complaint,It is alleged that Menengai High School encroached on an access road used by Patel Brotherhood and therefore impeded access to their property.,"23-02-2004, George Gethii, Not indicated",,Rift Valley Province,,,2,747,annex_19_complaints_from_the_public.csv,"S/No: 72; Planned user: Acsess Road; Case summary: It is alleged that Menengai High School encroached on an access road used by Patel Brotherhood and therefore impeded access to their property.; Source/complainant: 23-02-2004, George Gethii, Not indicated",none,"Complaint: Government Land, Nakuru",0
annex_19_complaint_0396,"Ministry Land, Ngong Town",,unknown,public_complaint,Public land allocated to private developers.,"23-02-2004, Ngong Residents, Not indicated",,Rift Valley Province,,,2,748,annex_19_complaints_from_the_public.csv,"S/No: 73; Planned user: Ministry of Agriculture Tree Nursery; Case summary: Public land allocated to private developers.; Source/complainant: 23-02-2004, Ngong Residents, Not indicated",none,"Complaint: Ministry Land, Ngong Town",0
annex_19_complaint_0397,"Narok/Olulunga/128, Trust Land, Narok-Ololunga",,unknown,public_complaint,Public utility land subdivided and allocated by the then the Chief of Sogoo.,"23-02-2004, Sammy Ruto Cherunot, Box 2744 Nakuru",,Rift Valley Province,,,2,748,annex_19_complaints_from_the_public.csv,"S/No: 74; Planned user: Non indicated; Case summary: Public utility land subdivided and allocated by the then the Chief of Sogoo.; Source/complainant: 23-02-2004, Sammy Ruto Cherunot, Box 2744 Nakuru",none,"Complaint: Narok/Olulunga/128, Trust Land, Narok-Ololunga",0
annex_19_complaint_0398,"Trust land, Nyahururu Municipality",,unknown,public_complaint,Public land allocated to an individuals.,"18/02/2004, Charles Wanjan, P.O. Box 52722 Nairobi",,Rift Valley Province,,,2,748,annex_19_complaints_from_the_public.csv,"S/No: 75; Planned user: Open air market; Case summary: Public land allocated to an individuals.; Source/complainant: 18/02/2004, Charles Wanjan, P.O. Box 52722 Nairobi",none,"Complaint: Trust land, Nyahururu Municipality",0
annex_19_complaint_0399,"Trust Land, Not indicated",,unknown,public_complaint,Public land allocated to an individual.,"18/02/2004, Ekegoro Primary school, P.O Box 476 Kitale",,Rift Valley Province,,,2,748,annex_19_complaints_from_the_public.csv,"S/No: 76; Planned user: School; Case summary: Public land allocated to an individual.; Source/complainant: 18/02/2004, Ekegoro Primary school, P.O Box 476 Kitale",none,"Complaint: Trust Land, Not indicated",0
annex_19_complaint_0400,"ELD/HG/13, Government Land, Waiganjo street, to Moi Girls school in Eldoret",,unknown,public_complaint,Government land allocated to an individual who sold part of it to an Asian.,"18/02/2004, SKN, P.O Box 482 Busia",,Rift Valley Province,,,2,748,annex_19_complaints_from_the_public.csv,"S/No: 77; Planned user: 5 acres, Government Houses; Case summary: Government land allocated to an individual who sold part of it to an Asian.; Source/complainant: 18/02/2004, SKN, P.O Box 482 Busia",none,"Complaint: ELD/HG/13, Government Land, Waiganjo street, to Moi Girls school in Eldoret",0
annex_19_complaint_0401,"Urban Land, Nakuru Town",,unknown,public_complaint,"Public utilities in Bondeni and Racetrack Estates, Nakuru, allocated to individuals.","18/02/2004, Ben N. O Ngichoson, P.O Box J3297, Nakuru",,Rift Valley Province,,,2,748,annex_19_complaints_from_the_public.csv,"S/No: 78; Planned user: Car park, Access road & Health Centre; Case summary: Public utilities in Bondeni and Racetrack Estates, Nakuru, allocated to individuals.; Source/complainant: 18/02/2004, Ben N. O Ngichoson, P.O Box J3297, Nakuru",none,"Complaint: Urban Land, Nakuru Town",0
annex_19_complaint_0402,"459 & 464, Trust Land, Narok Town",,unknown,public_complaint,Public utility plots subdivided and allocated to individuals.,"18/02/2004, Robert Kinyanjui, P.O Box 218 Narok",,Rift Valley Province,,,2,748,annex_19_complaints_from_the_public.csv,"S/No: 79; Planned user: Non indicated; Case summary: Public utility plots subdivided and allocated to individuals.; Source/complainant: 18/02/2004, Robert Kinyanjui, P.O Box 218 Narok",none,"Complaint: 459 & 464, Trust Land, Narok Town",0
annex_19_complaint_0403,"Trust land, The Mara Triangle",,unknown,public_complaint,Part of Maasai Mara Game Reserve allocated to private developers.,"18/02/2004, Hassan Ole Naadoo, P.O Box 174, Nairobi",,Rift Valley Province,,,2,748,annex_19_complaints_from_the_public.csv,"S/No: 80; Planned user: Non indicated. Game reserve; Case summary: Part of Maasai Mara Game Reserve allocated to private developers.; Source/complainant: 18/02/2004, Hassan Ole Naadoo, P.O Box 174, Nairobi",none,"Complaint: Trust land, The Mara Triangle",0
annex_19_complaint_0404,"Government Land, Kericho",,unknown,public_complaint,Public land allocated to an individual.,"12/1/2004, Kericho Township Primary School, P.O Box 374, Kericho",,Rift Valley Province,,,2,749,annex_19_complaints_from_the_public.csv,"S/No: 81; Planned user: 3.5 acres, Primary School; Case summary: Public land allocated to an individual.; Source/complainant: 12/1/2004, Kericho Township Primary School, P.O Box 374, Kericho",none,"Complaint: Government Land, Kericho",0
annex_19_complaint_0405,"Urban Land, Nakuru",,unknown,public_complaint,Complainant disputing the grant of a temporary occupation license to an individual because the maize plantation on this land has become a good covers for drug peddlers and thieves.,"15/3/2004, Upper Hill Mixed Secondary School, P.O Box 1822, Nakuru",,Rift Valley Province,,,2,749,annex_19_complaints_from_the_public.csv,"S/No: 82; Planned user: Road Reserve; Case summary: Complainant disputing the grant of a temporary occupation license to an individual because the maize plantation on this land has become a good covers for drug peddlers and thieves.; Source/complainant: 15/3/2004, Upper Hill Mixed Secondary School, P.O Box 1822, Nakuru",none,"Complaint: Urban Land, Nakuru",0
annex_19_complaint_0406,"533/682,683,684 & 685, Wetland, Molo",,unknown,public_complaint,Riparian reserves allocated to individuals.,"4/3/2004, Moses Ndungu, P.O Box 533, Molo",,Rift Valley Province,,,2,749,annex_19_complaints_from_the_public.csv,"S/No: 83; Planned user: Riparian Reserve; Case summary: Riparian reserves allocated to individuals.; Source/complainant: 4/3/2004, Moses Ndungu, P.O Box 533, Molo",none,"Complaint: 533/682,683,684 & 685, Wetland, Molo",0
annex_19_complaint_0407,"451/609,610,611 & 612, National Monument, Nakuru Municipality",,unknown,public_complaint,"Land was compulsorily acquired for the development of a National Monument in commemoration of Kenyans who fought for independence. However, some of the previous proprietors (who had already been compensated), refused to surrender their titles to the Government and have subsequently used these titles to transfer the land to third parties. The current proprietors are Peter Njuguna (Plot No.10/3), Nakuru Taija Co. (Plot No.10/4), Lumuli Agencies (Plot No.10/2), and Mrs. Nyokabi Nyachae (Plot No.10/1).","2/3/2004, War Veterans Association Kenya, P.O Box 12543, Nakuru",,Rift Valley Province,,,2,749,annex_19_complaints_from_the_public.csv,"S/No: 84; Planned user: National Monument; Case summary: Land was compulsorily acquired for the development of a National Monument in commemoration of Kenyans who fought for independence. However, some of the previous proprietors (who had already been compensated), refused to surrender their titles to the Government and have subsequently used these titles to transfer the land to third parties. The current proprietors are Peter Njuguna (Plot No.10/3), Nakuru Taija Co. (Plot No.10/4), Lumuli Agencies (Plot No.10/2), and Mrs. Nyokabi Nyachae (Plot No.10/1).; Source/complainant: 2/3/2004, War Veterans Association Kenya, P.O Box 12543, Nakuru",none,"Complaint: 451/609,610,611 & 612, National Monument, Nakuru Municipality",0
annex_19_complaint_0408,"Bondeni Zone 2, Njoro, Trust Land, Njoro",,unknown,public_complaint,"Public land allocated to an individual with the assistance of the Clerk to County Council of Nakuru, Mr. Tanui and Njoro District Officer Mr. King'ora.","4/3/2004, Njoro Bondeni Welfare Association, P.O Box 14410, Njoro",,Rift Valley Province,,,2,749,annex_19_complaints_from_the_public.csv,"S/No: 85; Planned user: 1.2 Acres, Nursery School; Case summary: Public land allocated to an individual with the assistance of the Clerk to County Council of Nakuru, Mr. Tanui and Njoro District Officer Mr. King'ora.; Source/complainant: 4/3/2004, Njoro Bondeni Welfare Association, P.O Box 14410, Njoro",none,"Complaint: Bondeni Zone 2, Njoro, Trust Land, Njoro",0
annex_19_complaint_0409,"Nandi/Mutwot/130 and others, Trust Land, Nandi County Council",,unknown,public_complaint,About 36 schools in Nandi County Council allocated to African Inland Church.,"3/3/2004, Daniel Choge, ID.NO.0448063, P.O Box 48, Mosoriot",,Rift Valley Province,,,2,750,annex_19_complaints_from_the_public.csv,"S/No: 86; Planned user: Public Schools; Case summary: About 36 schools in Nandi County Council allocated to African Inland Church.; Source/complainant: 3/3/2004, Daniel Choge, ID.NO.0448063, P.O Box 48, Mosoriot",none,"Complaint: Nandi/Mutwot/130 and others, Trust Land, Nandi County Council",0
annex_19_complaint_0410,"Block 2/488, Trust Land, Nakuru",,unknown,public_complaint,"Public land allocated to a private company whose Shareholders and Directors are officials of Abraham Education Society. The land was in 1989 charged for a loan of 1.8 Million from Kenya Commercial Finance Co. Ltd. In 1991, the said land was sub-divided into two portions. The first portion was registered as Nakuru Municipality Block 2/755, the second portion was further sub-divided into 21 residential plots and issuance of titles was undertaken despite instructions from the Commissioner of Lands to the contrary.","2/3/2004, Abraham Education Society, P.O Box 528, Nakuru",,Rift Valley Province,,,2,750,annex_19_complaints_from_the_public.csv,"S/No: 87; Planned user: 15 Acres, Secondary School; Case summary: Public land allocated to a private company whose Shareholders and Directors are officials of Abraham Education Society. The land was in 1989 charged for a loan of 1.8 Million from Kenya Commercial Finance Co. Ltd. In 1991, the said land was sub-divided into two portions. The first portion was registered as Nakuru Municipality Block 2/755, the second portion was further sub-divided into 21 residential plots and issuance of titles was undertaken despite instructions from the Commissioner of Lands to the contrary.; Source/complainant: 2/3/2004, Abraham Education Society, P.O Box 528, Nakuru",none,"Complaint: Block 2/488, Trust Land, Nakuru",0
annex_19_complaint_0411,"Plot No.16 and 171, Trust Land, Njoro",,unknown,public_complaint,The plots in question were curved out from a road reserve and allocated to individuals.,"4/3/2004, Njoro Bondeni Welfare Association, P.O Box 14410, Nakuru",,Rift Valley Province,,,2,750,annex_19_complaints_from_the_public.csv,"S/No: 88; Planned user: Road Reserve; Case summary: The plots in question were curved out from a road reserve and allocated to individuals.; Source/complainant: 4/3/2004, Njoro Bondeni Welfare Association, P.O Box 14410, Nakuru",none,"Complaint: Plot No.16 and 171, Trust Land, Njoro",0
annex_19_complaint_0412,"FP/272, Government Land, Kitale Municipality",,unknown,public_complaint,Government land reserved for Prisons allocated to an individual (MP).,"12/11/2003, Catholic Justice and Peace Commission Kitale, 4656, Kitale",,Rift Valley Province,,,2,750,annex_19_complaints_from_the_public.csv,"S/No: 89; Planned user: 64.3 Ha, G.K. Prison; Case summary: Government land reserved for Prisons allocated to an individual (MP).; Source/complainant: 12/11/2003, Catholic Justice and Peace Commission Kitale, 4656, Kitale",none,"Complaint: FP/272, Government Land, Kitale Municipality",0
annex_19_complaint_0413,"6/22/4 and 6605/2, Government Land, Kitale Municipality",,unknown,public_complaint,Land set aside for GK Prison- Kitale allocated to an individual.,"12/11/2003, Catholic Justice and Peace Commission Kitale, 4656, Kitale",,Rift Valley Province,,,2,750,annex_19_complaints_from_the_public.csv,"S/No: 90; Planned user: 4.0 Ha, G.K. Prison; Case summary: Land set aside for GK Prison- Kitale allocated to an individual.; Source/complainant: 12/11/2003, Catholic Justice and Peace Commission Kitale, 4656, Kitale",none,"Complaint: 6/22/4 and 6605/2, Government Land, Kitale Municipality",0
annex_19_complaint_0414,"6/22/4 and 6605/2, Government Land, Kitale Municipality",,unknown,public_complaint,Government land reserved for GK Prison Kitale allocated to an individual.,"12/11/2003, Catholic Justice and Peace Commission Kitale, 4656, Kitale",,Rift Valley Province,,,2,751,annex_19_complaints_from_the_public.csv,"S/No: 91; Planned user: 20 Ha, G.K. Prison; Case summary: Government land reserved for GK Prison Kitale allocated to an individual.; Source/complainant: 12/11/2003, Catholic Justice and Peace Commission Kitale, 4656, Kitale",none,"Complaint: 6/22/4 and 6605/2, Government Land, Kitale Municipality",0
annex_19_complaint_0415,"2197/2/2/9075, Government Land, Kitale Municipality",,unknown,public_complaint,Government land reserved for GK Prison Kitale allocated to an individual.,"12/11/2003, Catholic Justice and Peace Commission Kitale, 4656, Kitale",,Rift Valley Province,,,2,751,annex_19_complaints_from_the_public.csv,"S/No: 92; Planned user: 749.9 Ha, G.K. Prison; Case summary: Government land reserved for GK Prison Kitale allocated to an individual.; Source/complainant: 12/11/2003, Catholic Justice and Peace Commission Kitale, 4656, Kitale",none,"Complaint: 2197/2/2/9075, Government Land, Kitale Municipality",0
annex_19_complaint_0416,"7640/8569/5, Government Land, Kitale Municipality",,unknown,public_complaint,Government land reserved for GK Prison Kitale allocated to an individual.,"12/11/2003, Catholic Justice and Peace Commission Kitale, 4656, Kitale",,Rift Valley Province,,,2,751,annex_19_complaints_from_the_public.csv,"S/No: 93; Planned user: 461.4 Ha, G.K. Prison; Case summary: Government land reserved for GK Prison Kitale allocated to an individual.; Source/complainant: 12/11/2003, Catholic Justice and Peace Commission Kitale, 4656, Kitale",none,"Complaint: 7640/8569/5, Government Land, Kitale Municipality",0
annex_19_complaint_0417,"6122/4 & 6605/2, Government Land, Kitale Municipality",,unknown,public_complaint,Government land reserved for GK Prison Kitale allocated to an individual.,"12/11/2003, Catholic Justice and Peace Commission Kitale, 4656, Kitale",,Rift Valley Province,,,2,751,annex_19_complaints_from_the_public.csv,"S/No: 94; Planned user: 12.1 Ha, G.K. Prison; Case summary: Government land reserved for GK Prison Kitale allocated to an individual.; Source/complainant: 12/11/2003, Catholic Justice and Peace Commission Kitale, 4656, Kitale",none,"Complaint: 6122/4 & 6605/2, Government Land, Kitale Municipality",0
annex_19_complaint_0418,"Local Government Forest, Keiyo District",,unknown,public_complaint,"Kaptagat forest allocated to an individual. Legal procedures regulating the gazettement of forests were never followed and further, the local community was never consulted before land was allocated.","6/10/2003, Kabarak Clan, P.O Box 5020, Eldoret",,Rift Valley Province,,,2,751,annex_19_complaints_from_the_public.csv,"S/No: 95; Planned user: Forest; Case summary: Kaptagat forest allocated to an individual. Legal procedures regulating the gazettement of forests were never followed and further, the local community was never consulted before land was allocated.; Source/complainant: 6/10/2003, Kabarak Clan, P.O Box 5020, Eldoret",none,"Complaint: Local Government Forest, Keiyo District",0
annex_19_complaint_0419,"Local Government Forest, Keiyo District",,unknown,public_complaint,Forest land in Keiyo County Council allocated to individuals. The legal procedures regulating the gazettement and de-gazettement of forests were not adhered to.,"9/10/2003, Tum Cheruiyot Pius, P.O Box 5020, Eldoret",,Rift Valley Province,,,2,751,annex_19_complaints_from_the_public.csv,"S/No: 96; Planned user: Forest; Case summary: Forest land in Keiyo County Council allocated to individuals. The legal procedures regulating the gazettement and de-gazettement of forests were not adhered to.; Source/complainant: 9/10/2003, Tum Cheruiyot Pius, P.O Box 5020, Eldoret",none,"Complaint: Local Government Forest, Keiyo District",0
annex_19_complaint_0420,"Local Government Forest, Keiyo District",,unknown,public_complaint,"Members of the Public paid money for the allocation of forest land and Nyayo Tea Zones belt land. However, the present Government annulled these allocations and the money was never refunded these people.","9/10/2003, Tum Cheruiyot Pius, P.O Box 5020, Eldoret",,Rift Valley Province,,,2,751,annex_19_complaints_from_the_public.csv,"S/No: 97; Planned user: Non indicated; Case summary: Members of the Public paid money for the allocation of forest land and Nyayo Tea Zones belt land. However, the present Government annulled these allocations and the money was never refunded these people.; Source/complainant: 9/10/2003, Tum Cheruiyot Pius, P.O Box 5020, Eldoret",none,"Complaint: Local Government Forest, Keiyo District",0
annex_19_complaint_0421,"Government Land, Uasin Gishu and Keiyo Districts",,unknown,public_complaint,Land in compensation for land compulsorily acquired for the development of Tambach Teachers College allocated to undeserving beneficiaries.,"9/10/2003, Tum Cheruiyot Pius, P.O Box 5020, Eldoret",,Rift Valley Province,,,2,752,annex_19_complaints_from_the_public.csv,"S/No: 98; Planned user: Compensation for land compulsorily acquired for Tambach Teachers College; Case summary: Land in compensation for land compulsorily acquired for the development of Tambach Teachers College allocated to undeserving beneficiaries.; Source/complainant: 9/10/2003, Tum Cheruiyot Pius, P.O Box 5020, Eldoret",none,"Complaint: Government Land, Uasin Gishu and Keiyo Districts",0
annex_19_complaint_0422,"National forest, Nakuru District",,unknown,public_complaint,Land hived from Kiptagich forest in 1991 and 1981 to settle people who were living in the forest allocated to powerful individuals.,"15/10/2003, Kiptagich Residents, P.O Box 106, Olenguruone",,Rift Valley Province,,,2,752,annex_19_complaints_from_the_public.csv,"S/No: 99; Planned user: Settlement Scheme; Case summary: Land hived from Kiptagich forest in 1991 and 1981 to settle people who were living in the forest allocated to powerful individuals.; Source/complainant: 15/10/2003, Kiptagich Residents, P.O Box 106, Olenguruone",none,"Complaint: National forest, Nakuru District",0
annex_19_complaint_0423,"National forest, Kericho District",,unknown,public_complaint,The Ogiek were evicted from Kericho forest in the pretext by the Government that the forest was to be used for conservation and protection of Environment only for a portion of the same to be allocated to powerful individuals.,"17/10/2003, Kibulgeny Okiek, P.O Box 192, Kericho",,Rift Valley Province,,,2,752,annex_19_complaints_from_the_public.csv,"S/No: 100; Planned user: Settlement Scheme; Case summary: The Ogiek were evicted from Kericho forest in the pretext by the Government that the forest was to be used for conservation and protection of Environment only for a portion of the same to be allocated to powerful individuals.; Source/complainant: 17/10/2003, Kibulgeny Okiek, P.O Box 192, Kericho",none,"Complaint: National forest, Kericho District",0
annex_19_complaint_0424,"State Corporation Land, Keiyo District",,unknown,public_complaint,Nyayo Tea Development Corporation land allocated to an individual.,"28/10/2003, Kapkomol/ Kabarak/ Kapterik/ Kamoi Clan members, P.O Box 973, Eldoret",,Rift Valley Province,,,2,752,annex_19_complaints_from_the_public.csv,"S/No: 101; Planned user: 1000 Acres, Nyayo Tea Zones; Case summary: Nyayo Tea Development Corporation land allocated to an individual.; Source/complainant: 28/10/2003, Kapkomol/ Kabarak/ Kapterik/ Kamoi Clan members, P.O Box 973, Eldoret",none,"Complaint: State Corporation Land, Keiyo District",0
annex_19_complaint_0425,"Settlement Scheme, Nakuru District",,unknown,public_complaint,Land hived from Mau Narok forest to settle squatters from Tinet Forest allocated to powerful individuals in the former Government.,"24/10/ 2003, Parakwet Ndoinet Tinet, P.O Box 71, Bomet",,Rift Valley Province,,,2,752,annex_19_complaints_from_the_public.csv,"S/No: 102; Planned user: Settlement Scheme; Case summary: Land hived from Mau Narok forest to settle squatters from Tinet Forest allocated to powerful individuals in the former Government.; Source/complainant: 24/10/ 2003, Parakwet Ndoinet Tinet, P.O Box 71, Bomet",none,"Complaint: Settlement Scheme, Nakuru District",0
annex_19_complaint_0426,"National forest, Eldoret",,unknown,public_complaint,"Land hived from South Nandi Forest allocated to influential people mainly the Councilors, Chiefs and Assistant Chiefs.","15/12/2003, Obadiah K. Muge, P.O Box 138, Kapsabet",,Rift Valley Province,,,2,753,annex_19_complaints_from_the_public.csv,"S/No: 103; Planned user: Non indicated; Case summary: Land hived from South Nandi Forest allocated to influential people mainly the Councilors, Chiefs and Assistant Chiefs.; Source/complainant: 15/12/2003, Obadiah K. Muge, P.O Box 138, Kapsabet",none,"Complaint: National forest, Eldoret",0
annex_19_complaint_0427,"Settlement Scheme, Uasin Gishu District",,unknown,public_complaint,Land set aside to settle the landless allocated to undeserving beneficiaries.,"7/10/2003, Residents of Mafurt Scheme, P.O Box 41, Moiben",,Rift Valley Province,,,2,753,annex_19_complaints_from_the_public.csv,"S/No: 104; Planned user: 400, Settlement Scheme; Case summary: Land set aside to settle the landless allocated to undeserving beneficiaries.; Source/complainant: 7/10/2003, Residents of Mafurt Scheme, P.O Box 41, Moiben",none,"Complaint: Settlement Scheme, Uasin Gishu District",0
annex_19_complaint_0428,"Nakuru/ Olenguruone/Kiptagich 973, Trust Land, Nakuru District",,unknown,public_complaint,"Land set aside for Kabokyek Primary School subdivided into three plots in 1995 and allocated to a former County Council Chairman, Johnstone Bidii.","29/ 9/2003, Henry K.A Keror, P.O Box 162, Olenguruone",,Rift Valley Province,,,2,753,annex_19_complaints_from_the_public.csv,"S/No: 105; Planned user: Primary School; Case summary: Land set aside for Kabokyek Primary School subdivided into three plots in 1995 and allocated to a former County Council Chairman, Johnstone Bidii.; Source/complainant: 29/ 9/2003, Henry K.A Keror, P.O Box 162, Olenguruone",none,"Complaint: Nakuru/ Olenguruone/Kiptagich 973, Trust Land, Nakuru District",0
annex_19_complaint_0429,"Trust Land, Bahati, Nakuru District",,unknown,public_complaint,Public land in a Settlement Scheme allocated and subdivided into 82 plots.,"8/9/2003, Officials, New Nyonjoro Farmers Co. Ltd, P.O Box 1346, Nakuru",,Rift Valley Province,,,2,753,annex_19_complaints_from_the_public.csv,"S/No: 106; Planned user: 4.30 Ha, Primary School; Case summary: Public land in a Settlement Scheme allocated and subdivided into 82 plots.; Source/complainant: 8/9/2003, Officials, New Nyonjoro Farmers Co. Ltd, P.O Box 1346, Nakuru",none,"Complaint: Trust Land, Bahati, Nakuru District",0
annex_19_complaint_0430,"Trust Land, Mugundoi Market, Nandi",,unknown,public_complaint,It is alleged that the Council allocated various public utility plots to 8 private developers.,"15/10/2003, Chair. Mgundoi Market, Nandi Hills, P.O Box 330, Nandi Hills",,Rift Valley Province,,,2,753,annex_19_complaints_from_the_public.csv,"S/No: 107; Planned user: Social Hall, Dispensary, Market; Case summary: It is alleged that the Council allocated various public utility plots to 8 private developers.; Source/complainant: 15/10/2003, Chair. Mgundoi Market, Nandi Hills, P.O Box 330, Nandi Hills",none,"Complaint: Trust Land, Mugundoi Market, Nandi",0
annex_19_complaint_0431,"7288/ 243, Trust Land, Sotik",,unknown,public_complaint,Part of land belonging to Kiptasir Primary School allocated to Kenya National Union of Teachers and an unnamed Women's Group who have since acquired titles.,"17/10/ 2003, Joseph Akilly, Chairman Parents Kiptasir Primary School, P.O Box 166, Sotik",,Rift Valley Province,,,2,753,annex_19_complaints_from_the_public.csv,"S/No: 108; Planned user: 1.1 Ha, School; Case summary: Part of land belonging to Kiptasir Primary School allocated to Kenya National Union of Teachers and an unnamed Women's Group who have since acquired titles.; Source/complainant: 17/10/ 2003, Joseph Akilly, Chairman Parents Kiptasir Primary School, P.O Box 166, Sotik",none,"Complaint: 7288/ 243, Trust Land, Sotik",0
annex_19_complaint_0432,"Plot No. 382, Trust Land Sotik Market, Bureti",,unknown,public_complaint,A public utility plot allocated to an individual.,"17/10/2003, Charles Maina and Others, C/O Chairman Bureti CC P.O Box 742, Litein",,Rift Valley Province,,,2,753,annex_19_complaints_from_the_public.csv,"S/No: 109; Planned user: 0.3 Ha, Not indicated; Case summary: A public utility plot allocated to an individual.; Source/complainant: 17/10/2003, Charles Maina and Others, C/O Chairman Bureti CC P.O Box 742, Litein",none,"Complaint: Plot No. 382, Trust Land Sotik Market, Bureti",0
annex_19_complaint_0433,"Plot No. 396 Itembe/ Bomet, Trust Land, Itembe Bomet",,unknown,public_complaint,The author is not sure whether the land belongs to the school or not but seems to point to evidence that the land belonged to the school. Minutes of a meeting of local elders point to the fact that the land is public land.,"17/10/2003, Andrew Kipngeno Mutai, P.O Box 260, Bomet",,Rift Valley Province,,,2,754,annex_19_complaints_from_the_public.csv,"S/No: 110; Planned user: 4.9 Ha, School; Case summary: The author is not sure whether the land belongs to the school or not but seems to point to evidence that the land belonged to the school. Minutes of a meeting of local elders point to the fact that the land is public land.; Source/complainant: 17/10/2003, Andrew Kipngeno Mutai, P.O Box 260, Bomet",none,"Complaint: Plot No. 396 Itembe/ Bomet, Trust Land, Itembe Bomet",0
annex_19_complaint_0434,"Trust Land, Mogotio, Township, Koibatek",,unknown,public_complaint,Various public utility plots allocated to individuals. Cases to be investigated.,"9/10/2003, J.Z Kandie, Mogotio Residents, P.O Box 222, Mogoto",,Rift Valley Province,,,2,754,annex_19_complaints_from_the_public.csv,"S/No: 111; Planned user: Roads; Case summary: Various public utility plots allocated to individuals. Cases to be investigated.; Source/complainant: 9/10/2003, J.Z Kandie, Mogotio Residents, P.O Box 222, Mogoto",none,"Complaint: Trust Land, Mogotio, Township, Koibatek",0
annex_19_complaint_0435,"NDI / KAM / 317, Trust Land, Kapsabet, Saniak sub- location",,unknown,public_complaint,"Saniak primary school land had 34 plots that were amalgamated and allocated to AIC Church, proprietor of the adjacent land in order to establish a private school. Various strategies were used including the taking over of the primary school as a sponsor and transferring non- African Inland Church teachers.","13/10/2003, William Rono and 6 Others, Saniak Primary School P.O Box 127, Kapsabet",,Rift Valley Province,,,2,754,annex_19_complaints_from_the_public.csv,"S/No: 112; Planned user: Saniak Primary School; Case summary: Saniak primary school land had 34 plots that were amalgamated and allocated to AIC Church, proprietor of the adjacent land in order to establish a private school. Various strategies were used including the taking over of the primary school as a sponsor and transferring non- African Inland Church teachers.; Source/complainant: 13/10/2003, William Rono and 6 Others, Saniak Primary School P.O Box 127, Kapsabet",none,"Complaint: NDI / KAM / 317, Trust Land, Kapsabet, Saniak sub- location",0
annex_19_complaint_0436,"Nandi/ Kipkarren Salient 405, Trust Land, Kipkarren Salient",,unknown,public_complaint,Land set aside for a school allocated to individuals. The minutes of the Council indicate that the locals were allocated the land on request.,"6/10/2003, Officials, Kapkarren Community Salient, Eldoret",,Rift Valley Province,,,2,754,annex_19_complaints_from_the_public.csv,"S/No: 113; Planned user: Primary School; Case summary: Land set aside for a school allocated to individuals. The minutes of the Council indicate that the locals were allocated the land on request.; Source/complainant: 6/10/2003, Officials, Kapkarren Community Salient, Eldoret",none,"Complaint: Nandi/ Kipkarren Salient 405, Trust Land, Kipkarren Salient",0
annex_19_complaint_0437,"Plot No. 406, Trust Land, Laboret Trading Centre",,unknown,public_complaint,Land set aside for development of a hospital allocated to Anglican Church of Kenya.,"6/10/2003, Philip Carlos Kemboi, P.O Box 2172, Eldoret",,Rift Valley Province,,,2,754,annex_19_complaints_from_the_public.csv,"S/No: 114; Planned user: Hospital; Case summary: Land set aside for development of a hospital allocated to Anglican Church of Kenya.; Source/complainant: 6/10/2003, Philip Carlos Kemboi, P.O Box 2172, Eldoret",none,"Complaint: Plot No. 406, Trust Land, Laboret Trading Centre",0
annex_19_complaint_0438,"Plot No.405, Trust Land, Laboret Trading Centre",,unknown,public_complaint,The land was set aside for community development allocated to individuals.,"6/10/2003, Philip Carlos Kemboi, P.O Box 2172, Eldoret",,Rift Valley Province,,,2,754,annex_19_complaints_from_the_public.csv,"S/No: 115; Planned user: Community development; Case summary: The land was set aside for community development allocated to individuals.; Source/complainant: 6/10/2003, Philip Carlos Kemboi, P.O Box 2172, Eldoret",none,"Complaint: Plot No.405, Trust Land, Laboret Trading Centre",0
annex_19_complaint_0439,"Trust Land, Kajiado- Majengo",,unknown,public_complaint,Land set aside for the development of a road allocated to an individual.,"19/ 09/2003, Cathedral Church, Very Rev Albert Wareha Mzeka, P.O Box 21, Kajiado",,Rift Valley Province,,,2,755,annex_19_complaints_from_the_public.csv,"S/No: 116; Planned user: Road; Case summary: Land set aside for the development of a road allocated to an individual.; Source/complainant: 19/ 09/2003, Cathedral Church, Very Rev Albert Wareha Mzeka, P.O Box 21, Kajiado",none,"Complaint: Trust Land, Kajiado- Majengo",0
annex_19_complaint_0440,"Narok/ CIS- Mara/ EDR Enkitok/ 166, Trust Land, Narok District",,unknown,public_complaint,The plot in issue was subdivided into plots 165 and 166 and later allocated to an individual. There were no minutes indicating the Council's resolution for the allocation of the same.,"3/9/2003, Ayub Karuri Ngari, P.O Box 2, Gilgil",,Rift Valley Province,,,2,755,annex_19_complaints_from_the_public.csv,"S/No: 117; Planned user: Primary School; Case summary: The plot in issue was subdivided into plots 165 and 166 and later allocated to an individual. There were no minutes indicating the Council's resolution for the allocation of the same.; Source/complainant: 3/9/2003, Ayub Karuri Ngari, P.O Box 2, Gilgil",none,"Complaint: Narok/ CIS- Mara/ EDR Enkitok/ 166, Trust Land, Narok District",0
annex_19_complaint_0441,"Plot No. 19, Trust Land, Kilgoris, Oronkai location",,unknown,public_complaint,Sharka Group Ranch Committee allocated 25 Ha of the 45 Ha that had been set aside for Tagitech Primary School to private developers.,"1/10/2003, Johana Chirchir, P.O Box 190, Kilgoris",,Rift Valley Province,,,2,755,annex_19_complaints_from_the_public.csv,"S/No: 118; Planned user: 45 Ha, Primary School; Case summary: Sharka Group Ranch Committee allocated 25 Ha of the 45 Ha that had been set aside for Tagitech Primary School to private developers.; Source/complainant: 1/10/2003, Johana Chirchir, P.O Box 190, Kilgoris",none,"Complaint: Plot No. 19, Trust Land, Kilgoris, Oronkai location",0
annex_19_complaint_0442,"Government and Trust Land, Kericho District",,unknown,public_complaint,Complaint relates to a wide range of Government and Trust lands that have been grabbed. Specific reference is made to the Kericho Green Stadium and the surrounding area.,"10/10/2003, Joel Tuei, P.O Box 963,Kericho",,Rift Valley Province,,,2,755,annex_19_complaints_from_the_public.csv,"S/No: 119; Planned user: 80 Ha, Various Public utilities; Case summary: Complaint relates to a wide range of Government and Trust lands that have been grabbed. Specific reference is made to the Kericho Green Stadium and the surrounding area.; Source/complainant: 10/10/2003, Joel Tuei, P.O Box 963,Kericho",none,"Complaint: Government and Trust Land, Kericho District",0
annex_19_complaint_0443,"Trust Land, Lower Matasia Shopping Centre",,unknown,public_complaint,Land set aside for public purposes allocated to individuals.,"3/12/2003, Paul Gitare, Moses Ole Ngatiti and Josphat Kinungi, P.O. Box 160 Ngong Hills",,Rift Valley Province,,,2,755,annex_19_complaints_from_the_public.csv,"S/No: 120; Planned user: Market, Slaughter House and Hospital; Case summary: Land set aside for public purposes allocated to individuals.; Source/complainant: 3/12/2003, Paul Gitare, Moses Ole Ngatiti and Josphat Kinungi, P.O. Box 160 Ngong Hills",none,"Complaint: Trust Land, Lower Matasia Shopping Centre",0
annex_19_complaint_0444,"Government Land and Urban Land, Taita Taveta District",,unknown,public_complaint,"Maweni, Bahati Estate and Administration Block land allocated to individuals.","11/10/2003, Jack Robin Mkimbo, P.O. Box 159, Taveta",,Coast Province,,,2,756,annex_19_complaints_from_the_public.csv,"S/No: 1; Planned user: Administration Block and Housing Units; Case summary: Maweni, Bahati Estate and Administration Block land allocated to individuals.; Source/complainant: 11/10/2003, Jack Robin Mkimbo, P.O. Box 159, Taveta",none,"Complaint: Government Land and Urban Land, Taita Taveta District",0
annex_19_complaint_0445,"Settlement Scheme, Taveta District",,unknown,public_complaint,Land set aside for the settlement of the landless in Jipe allocated to undeserving beneficiaries.,"11/10/2003, Jack Robin Mkimbo, P.O. Box 159, Taveta",,Coast Province,,,2,756,annex_19_complaints_from_the_public.csv,"S/No: 2; Planned user: Settlement Scheme; Case summary: Land set aside for the settlement of the landless in Jipe allocated to undeserving beneficiaries.; Source/complainant: 11/10/2003, Jack Robin Mkimbo, P.O. Box 159, Taveta",none,"Complaint: Settlement Scheme, Taveta District",0
annex_19_complaint_0446,"Parastatal Land and Urban Land, Taita Taveta District",,unknown,public_complaint,"Land reserved for a Ginnery, Cereals Board and National Housing Corporation allocated to individuals.","11/10/2003, Jack Robin Mkimbo, P.O. Box 159, Taveta",,Coast Province,,,2,756,annex_19_complaints_from_the_public.csv,"S/No: 3; Planned user: State Corporations; Case summary: Land reserved for a Ginnery, Cereals Board and National Housing Corporation allocated to individuals.; Source/complainant: 11/10/2003, Jack Robin Mkimbo, P.O. Box 159, Taveta",none,"Complaint: Parastatal Land and Urban Land, Taita Taveta District",0
annex_19_complaint_0447,"Trust Land, Taita Taveta District",,unknown,public_complaint,Land set aside for the development of public utilities allocated to individuals.,"11/10/2003, Jack Robin Mkimbo, P.O. Box 159, Taveta",,Coast Province,,,2,756,annex_19_complaints_from_the_public.csv,"S/No: 4; Planned user: School, Cattle Dip, Historical Sites and Monuments; Case summary: Land set aside for the development of public utilities allocated to individuals.; Source/complainant: 11/10/2003, Jack Robin Mkimbo, P.O. Box 159, Taveta",none,"Complaint: Trust Land, Taita Taveta District",0
annex_19_complaint_0448,"State Corporation Land, Taita Taveta District",,unknown,public_complaint,Railway land allocated to an individual who transferred it to a third party.,"1/10/2003, Opinion Leaders, P.O. Box 158, Voi",,Coast Province,,,2,756,annex_19_complaints_from_the_public.csv,"S/No: 5; Planned user: Railway; Case summary: Railway land allocated to an individual who transferred it to a third party.; Source/complainant: 1/10/2003, Opinion Leaders, P.O. Box 158, Voi",none,"Complaint: State Corporation Land, Taita Taveta District",0
annex_19_complaint_0449,"Trust Land, Taita Taveta District",,unknown,public_complaint,2 acres of land set aside for the development of a hospital allocated to individuals. Case should be investigated.,"1/10/2003, Opinion Leaders, P.O. Box 158, Voi",,Coast Province,,,2,756,annex_19_complaints_from_the_public.csv,"S/No: 6; Planned user: 2 Acres, Hospital; Case summary: 2 acres of land set aside for the development of a hospital allocated to individuals. Case should be investigated.; Source/complainant: 1/10/2003, Opinion Leaders, P.O. Box 158, Voi",none,"Complaint: Trust Land, Taita Taveta District",0
annex_19_complaint_0450,"Government Land, Taveta District",,unknown,public_complaint,Land set aside for Forests Staff Quarters and two houses purchased for the same Corporation allocated to a private third party.,"1/10/2003, Opinion Leaders, P.O. Box 158, Voi",,Coast Province,,,2,756,annex_19_complaints_from_the_public.csv,"S/No: 7; Planned user: Development of Forest Staff Quarters; Case summary: Land set aside for Forests Staff Quarters and two houses purchased for the same Corporation allocated to a private third party.; Source/complainant: 1/10/2003, Opinion Leaders, P.O. Box 158, Voi",none,"Complaint: Government Land, Taveta District",0
annex_19_complaint_0451,"Trust Land, Taita Taveta District",,unknown,public_complaint,Public land allocated to private developers.,"1/10/2003, Opinion Leaders, P.O. Box 158, Voi",,Coast Province,,,2,756,annex_19_complaints_from_the_public.csv,"S/No: 8; Planned user: Voi Youth Polytechnic; Case summary: Public land allocated to private developers.; Source/complainant: 1/10/2003, Opinion Leaders, P.O. Box 158, Voi",none,"Complaint: Trust Land, Taita Taveta District",0
annex_19_complaint_0452,"Trust Land, Taita Taveta District",,unknown,public_complaint,11 plots curved from Mwangea Secondary School allocated to a private developer. Matter to be investigated.,"1/10/2003, Opinion Leaders, P.O. Box 158, Voi",,Coast Province,,,2,756,annex_19_complaints_from_the_public.csv,"S/No: 9; Planned user: Secondary school; Case summary: 11 plots curved from Mwangea Secondary School allocated to a private developer. Matter to be investigated.; Source/complainant: 1/10/2003, Opinion Leaders, P.O. Box 158, Voi",none,"Complaint: Trust Land, Taita Taveta District",0
annex_19_complaint_0453,"Settlement Scheme, Taveta District",,unknown,public_complaint,Land set aside for the settling of squatters (Mwachabo) settlement allocated to Mrs. Kitonyi who was not among the intended beneficiaries.,"1/10/2003, Opinion Leaders, P.O. Box 158, Voi",,Coast Province,,,2,757,annex_19_complaints_from_the_public.csv,"S/No: 10; Planned user: Settlement Scheme; Case summary: Land set aside for the settling of squatters (Mwachabo) settlement allocated to Mrs. Kitonyi who was not among the intended beneficiaries.; Source/complainant: 1/10/2003, Opinion Leaders, P.O. Box 158, Voi",none,"Complaint: Settlement Scheme, Taveta District",0
annex_19_complaint_0454,"Trust Land, Taita Taveta District",,unknown,public_complaint,Land belonging to Voi Primary School allocated to private developers.,"1/10/2003, Opinion Leaders, P.O. Box 158, Voi",,Coast Province,,,2,757,annex_19_complaints_from_the_public.csv,"S/No: 11; Planned user: Primary School; Case summary: Land belonging to Voi Primary School allocated to private developers.; Source/complainant: 1/10/2003, Opinion Leaders, P.O. Box 158, Voi",none,"Complaint: Trust Land, Taita Taveta District",0
annex_19_complaint_0455,"Trust Land, Lamu District",,unknown,public_complaint,A Plot Allocation Committee allocated public utility land to private developers. The Part Development Plan dated 17/12/02 corruptly amended the 1976 Part Development Plan to reflect the subdivision of the dispensary plot. Matter should be investigated.,"16/10/2003, Mokowe Residents, P.O. Box 61, Lamu",,Coast Province,,,2,757,annex_19_complaints_from_the_public.csv,"S/No: 12; Planned user: Dispensary; Case summary: A Plot Allocation Committee allocated public utility land to private developers. The Part Development Plan dated 17/12/02 corruptly amended the 1976 Part Development Plan to reflect the subdivision of the dispensary plot. Matter should be investigated.; Source/complainant: 16/10/2003, Mokowe Residents, P.O. Box 61, Lamu",none,"Complaint: Trust Land, Lamu District",0
annex_19_complaint_0456,"Plots No.624,627,631,639, 41,642, Government Land, Mambrui Town",,unknown,public_complaint,Government land allocated to an individual by the Recorder of Titles in Mombasa.,"15/10/2003, Joseph Karen Yeri, P.O. Box 5490, Malindi",,Coast Province,,,2,757,annex_19_complaints_from_the_public.csv,"S/No: 13; Planned user: Non indicated; Case summary: Government land allocated to an individual by the Recorder of Titles in Mombasa.; Source/complainant: 15/10/2003, Joseph Karen Yeri, P.O. Box 5490, Malindi",none,"Complaint: Plots No.624,627,631,639, 41,642, Government Land, Mambrui Town",0
annex_19_complaint_0457,"Plot No.4416 and 441?, Settlement Scheme, Malindi District",,unknown,public_complaint,Land set aside for settlement of squatters allocated to Abdalla Omar by the Recorder of Titles in Mombasa (Mrs. Kitonga) on grounds that he had established claims to Government land.,"15/10/2003, Rashid Ngolo and 14 others, P.O. Box 889, Malindi",,Coast Province,,,2,757,annex_19_complaints_from_the_public.csv,"S/No: 14; Planned user: 16.2 Ha, Settlement Scheme; Case summary: Land set aside for settlement of squatters allocated to Abdalla Omar by the Recorder of Titles in Mombasa (Mrs. Kitonga) on grounds that he had established claims to Government land.; Source/complainant: 15/10/2003, Rashid Ngolo and 14 others, P.O. Box 889, Malindi",none,"Complaint: Plot No.4416 and 441?, Settlement Scheme, Malindi District",0
annex_19_complaint_0458,"Plot No.363 Malindi, Trust Land, Malindi District",,unknown,public_complaint,Public utility land allocated to individuals.,"14/10/2003, Said Yahya Said, Abdulghafour Hemed Swales and 2 others,164, Malindi.",,Coast Province,,,2,758,annex_19_complaints_from_the_public.csv,"S/No: 15; Planned user: Recreational; Case summary: Public utility land allocated to individuals.; Source/complainant: 14/10/2003, Said Yahya Said, Abdulghafour Hemed Swales and 2 others,164, Malindi.",none,"Complaint: Plot No.363 Malindi, Trust Land, Malindi District",0
annex_19_complaint_0459,"Plot No.16,17,36,63,6?, Trust land, Malindi District",,unknown,public_complaint,Allotment letters issued over public utility set aside for recreational purposes. Case to be investigated.,"14/10/2003, Zeiinab Molt'D Haji, Gense @ swiftmalindi.com.",,Coast Province,,,2,758,annex_19_complaints_from_the_public.csv,"S/No: 16; Planned user: Recreational; Case summary: Allotment letters issued over public utility set aside for recreational purposes. Case to be investigated.; Source/complainant: 14/10/2003, Zeiinab Molt'D Haji, Gense @ swiftmalindi.com.",none,"Complaint: Plot No.16,17,36,63,6?, Trust land, Malindi District",0
annex_19_complaint_0460,"TTA/64/2001/13, Trust Land, Voi Municipality",,unknown,public_complaint,Public land allocated to private developers.,"12/11/2003, Mwakisha D. Makoko, P.O. Box 285, Voi",,Coast Province,,,2,758,annex_19_complaints_from_the_public.csv,"S/No: 17; Planned user: Approx. 5 Ha, School Cattle Dip, Historical Sites and Monuments and Recreation; Case summary: Public land allocated to private developers.; Source/complainant: 12/11/2003, Mwakisha D. Makoko, P.O. Box 285, Voi",none,"Complaint: TTA/64/2001/13, Trust Land, Voi Municipality",0
annex_19_complaint_0461,"Plot No.1959/1901, Trust Land, Sofia - Voi Municipality, Taita Taveta District",,unknown,public_complaint,"Land adjacent to Coast Institute of Technology allocated to Taita Taveta Teachers Saco who are believed to have paid some Kshs.1, 800,000 to M/S Osllam Enterprises. It is alleged that the firm was formed for the purpose of this allocation because it was dissolved immediately after the sale of the plot.","15/12/2003, Sofia Community, P.O. Box 547, Voi",,Coast Province,,,2,758,annex_19_complaints_from_the_public.csv,"S/No: 18; Planned user: Recreational; Case summary: Land adjacent to Coast Institute of Technology allocated to Taita Taveta Teachers Saco who are believed to have paid some Kshs.1, 800,000 to M/S Osllam Enterprises. It is alleged that the firm was formed for the purpose of this allocation because it was dissolved immediately after the sale of the plot.; Source/complainant: 15/12/2003, Sofia Community, P.O. Box 547, Voi",none,"Complaint: Plot No.1959/1901, Trust Land, Sofia - Voi Municipality, Taita Taveta District",0
annex_19_complaint_0462,"Trust Land, Not indicated",,unknown,public_complaint,Public land allocated to individuals.,"3/12/2003, Pastor and Church Elders Mpeketoni K.A.G Church, P.O. Box 72, Mpeketoni",,Coast Province,,,2,758,annex_19_complaints_from_the_public.csv,"S/No: 19; Planned user: 0.254 Ha, Partially Developed; Case summary: Public land allocated to individuals.; Source/complainant: 3/12/2003, Pastor and Church Elders Mpeketoni K.A.G Church, P.O. Box 72, Mpeketoni",none,"Complaint: Trust Land, Not indicated",0
annex_19_complaint_0463,"Plot No. 2424 and 2425, Trust Land, Taita Taveta District",,unknown,public_complaint,Public utility plots illegally allocated to individuals.,"14/11/2003, Geoffrey K. Chege, P.O. Box 3, Mpeketoni",,Coast Province,,,2,758,annex_19_complaints_from_the_public.csv,"S/No: 20; Planned user: 4.0 Ha, Unnamed Public Utilities; Case summary: Public utility plots illegally allocated to individuals.; Source/complainant: 14/11/2003, Geoffrey K. Chege, P.O. Box 3, Mpeketoni",none,"Complaint: Plot No. 2424 and 2425, Trust Land, Taita Taveta District",0
annex_19_complaint_0464,"Trust land, Kilifi District",,unknown,public_complaint,The complaint indicates massive irregularities in the adjudication process and irregular allocation of public lands by Land officials. Mr. Kanogo is the beneficiary of 14 beach plots.,"23/11/2003, Nelson Mateb, P.O. Box 466, Kilifi",,Coast Province,,,2,758,annex_19_complaints_from_the_public.csv,"S/No: 21; Planned user: Non indicated; Case summary: The complaint indicates massive irregularities in the adjudication process and irregular allocation of public lands by Land officials. Mr. Kanogo is the beneficiary of 14 beach plots.; Source/complainant: 23/11/2003, Nelson Mateb, P.O. Box 466, Kilifi",none,"Complaint: Trust land, Kilifi District",0
annex_19_complaint_0465,"21635, Trust Land, Kilifi Town",,unknown,public_complaint,Plot curved from an open space and allocated to Kenton (K) Ltd. further.,"13/10/2003, D.M. Mutiso, P.O. Box 21209 - 00505 Nairobi",,Coast Province,,,2,759,annex_19_complaints_from_the_public.csv,"S/No: 22; Planned user: Non indicated; Case summary: Plot curved from an open space and allocated to Kenton (K) Ltd. further.; Source/complainant: 13/10/2003, D.M. Mutiso, P.O. Box 21209 - 00505 Nairobi",none,"Complaint: 21635, Trust Land, Kilifi Town",0
annex_19_complaint_0466,"Trust Land, Mpeketo Lamu",,unknown,public_complaint,Land set aside for public utilities allocated to individuals (Kanu diehards). Only 10 acres out of the 30 acres is remaining.,"17/10/2003, Julius Kimotho, P.O. Box 65, Mpeketoni, Lamu",,Coast Province,,,2,759,annex_19_complaints_from_the_public.csv,"S/No: 23; Planned user: 12.1 Ha (3 plots of 4 Ha each), Lake Kenyatta Primary School; Case summary: Land set aside for public utilities allocated to individuals (Kanu diehards). Only 10 acres out of the 30 acres is remaining.; Source/complainant: 17/10/2003, Julius Kimotho, P.O. Box 65, Mpeketoni, Lamu",none,"Complaint: Trust Land, Mpeketo Lamu",0
annex_19_complaint_0467,"Various Plot Nos(31 plots), Government Land, Mpeketoni Township",,unknown,public_complaint,30 plots allocated to individuals though land was set aside for a public purpose.,"17/10/2003, Julius Kimotho, P.O. Box 65, Mpeketoni, Lamu",,Coast Province,,,2,759,annex_19_complaints_from_the_public.csv,"S/No: 24; Planned user: Airstrip; Case summary: 30 plots allocated to individuals though land was set aside for a public purpose.; Source/complainant: 17/10/2003, Julius Kimotho, P.O. Box 65, Mpeketoni, Lamu",none,"Complaint: Various Plot Nos(31 plots), Government Land, Mpeketoni Township",0
annex_19_complaint_0468,Mpeketoni Township Trust land,,unknown,public_complaint,Complaint alleges that all road reserves surrounding Mpeketoni Township have been allocated to individuals.The Local District Planning Officer was central in these allocations.,"17/10/2003, Julius Kimotho, P.O. Box 65, Mpeketoni, Lamu",,Coast Province,,,2,759,annex_19_complaints_from_the_public.csv,"S/No: 25; Planned user: Road reserves; Case summary: Complaint alleges that all road reserves surrounding Mpeketoni Township have been allocated to individuals.The Local District Planning Officer was central in these allocations.; Source/complainant: 17/10/2003, Julius Kimotho, P.O. Box 65, Mpeketoni, Lamu",none,Complaint: Mpeketoni Township Trust land,0
annex_19_complaint_0469,"Wetland, Between South of Lamu and North of Tana River Delta",,unknown,public_complaint,Ras Tenewi allocated to a private developer.,"9/9/2003, Sam Weru, werus@africaonline",,Coast Province,,,2,759,annex_19_complaints_from_the_public.csv,"S/No: 26; Planned user: Heritage site; Case summary: Ras Tenewi allocated to a private developer.; Source/complainant: 9/9/2003, Sam Weru, werus@africaonline",none,"Complaint: Wetland, Between South of Lamu and North of Tana River Delta",0
annex_19_complaint_0470,"Wetland, Lamu District",,unknown,public_complaint,Public beaches in Lamu allocated to private developers. Case should be investigated.,"24/8/ 2003, Friends of Lamu, C/O Benard Spoerry,sporrey @africaonline.co.ke",,Coast Province,,,2,759,annex_19_complaints_from_the_public.csv,"S/No: 27; Planned user: Public beach; Case summary: Public beaches in Lamu allocated to private developers. Case should be investigated.; Source/complainant: 24/8/ 2003, Friends of Lamu, C/O Benard Spoerry,sporrey @africaonline.co.ke",none,"Complaint: Wetland, Lamu District",0
annex_19_complaint_0471,"Settlement Scheme, Mwatate, Taita Taveta District",,unknown,public_complaint,Powerful individuals allocated land in the Settlement Scheme instead of deserving beneficiaries.,"23/09/03, Wundanyi Boma leaders, P. O Box 1168, Wundanyi",,Coast Province,,,2,759,annex_19_complaints_from_the_public.csv,"S/No: 28; Planned user: Settlement Scheme; Case summary: Powerful individuals allocated land in the Settlement Scheme instead of deserving beneficiaries.; Source/complainant: 23/09/03, Wundanyi Boma leaders, P. O Box 1168, Wundanyi",none,"Complaint: Settlement Scheme, Mwatate, Taita Taveta District",0
annex_19_complaint_0472,"State Corporations Land (National Water Conservation & Pipeline Corporation), Nkrumah Road/Mikindani Street Mombasa",,unknown,public_complaint,"Public land allocated to private developers. Officers to be investigated include Permanent Secretaries, Ministry of Water Development (1985-1990) and Directors of Water Development (1985-1990). Members of the Public with useful information include Mr. P.G Munoru (former Regional Manager Coast Region) Eng. W.J Odhiambo (Former Provincial Water Engineer Coast Province) and Mr. F. Donde (Former Provincial Water Engineer).","25/2/2004, Concerned Employees, National Water Conservation & Pipeline Corporation, Not indicated",,Coast Province,,,2,760,annex_19_complaints_from_the_public.csv,"S/No: 29; Planned user: National Water Corporations Offices (Coast Province); Case summary: Public land allocated to private developers. Officers to be investigated include Permanent Secretaries, Ministry of Water Development (1985-1990) and Directors of Water Development (1985-1990). Members of the Public with useful information include Mr. P.G Munoru (former Regional Manager Coast Region) Eng. W.J Odhiambo (Former Provincial Water Engineer Coast Province) and Mr. F. Donde (Former Provincial Water Engineer).; Source/complainant: 25/2/2004, Concerned Employees, National Water Conservation & Pipeline Corporation, Not indicated",none,"Complaint: State Corporations Land (National Water Conservation & Pipeline Corporation), Nkrumah Road/Mikindani Street Mombasa",0
annex_19_complaint_0473,"State Corporation Land (National Water Conservation & Pipeline Corporation),Nyali, Mombasa",,unknown,public_complaint,"Public land allocated to individuals. Officers to be investigated include Permanent Secretaries, Ministry of Water Development (1995-1998), Directors of Water Development (1995-1998), Managing Directors, National Water Conservation & Pipeline Corporation (1995-2002), Members of the public with useful information include Mr. P.G Munoru, Eng. W.J Odhiambo, Mr. F. Donde and Eng. C. Njiru.","25/2/2004, Concerned Employees, National Water Conservation & Pipeline Corporation, Not indicated",,Coast Province,,,2,760,annex_19_complaints_from_the_public.csv,"S/No: 30; Planned user: Water Supply Booster Pumping Station (Nyali Wells); Case summary: Public land allocated to individuals. Officers to be investigated include Permanent Secretaries, Ministry of Water Development (1995-1998), Directors of Water Development (1995-1998), Managing Directors, National Water Conservation & Pipeline Corporation (1995-2002), Members of the public with useful information include Mr. P.G Munoru, Eng. W.J Odhiambo, Mr. F. Donde and Eng. C. Njiru.; Source/complainant: 25/2/2004, Concerned Employees, National Water Conservation & Pipeline Corporation, Not indicated",none,"Complaint: State Corporation Land (National Water Conservation & Pipeline Corporation),Nyali, Mombasa",0
annex_19_complaint_0474,"State Corporations Land (National Water Conservation & Pipeline Corporation), Mombasa",,unknown,public_complaint,"Part of public land allocated to private developers. Officers to be investigated include Permanent Secretaries, Ministry of Water Development (1995-1998), Directors of Water Development (1995-98), Provincial Water Engineers Coast Province (1995-2000) and Former Managing Directors, National Water Corporation – H.K Rotich and C.K Koske. Members of the public with useful information include Mr. P.G Munoru, Eng. W.J Odhiambo, Mr. F. Donde and Eng. C. Njiru.","25/2/2004, Concerned Employees, National Water Conservation & Pipeline Corporation, Not indicated",,Coast Province,,,2,761,annex_19_complaints_from_the_public.csv,"S/No: 31; Planned user: 2.25 Acres, Changamwe Water Storage Tanks - Birikani; Case summary: Part of public land allocated to private developers. Officers to be investigated include Permanent Secretaries, Ministry of Water Development (1995-1998), Directors of Water Development (1995-98), Provincial Water Engineers Coast Province (1995-2000) and Former Managing Directors, National Water Corporation – H.K Rotich and C.K Koske. Members of the public with useful information include Mr. P.G Munoru, Eng. W.J Odhiambo, Mr. F. Donde and Eng. C. Njiru.; Source/complainant: 25/2/2004, Concerned Employees, National Water Conservation & Pipeline Corporation, Not indicated",none,"Complaint: State Corporations Land (National Water Conservation & Pipeline Corporation), Mombasa",0
annex_19_complaint_0475,"State Corporation Land (National Water Conservation & Pipeline Corporation), Mombasa Malindi Road neighbouring Shanzu Teachers College",,unknown,public_complaint,"Public land allocated to private developers. The timber houses on the Shanzu plot may have been constructed in the late 1970s and early 1980s during the construction of the Sabaki Water Pipeline. Members of the public with useful information include Eng. E. Maina of Kirinyaga Construction, Eng. W.J Odhiambo, Mr. P.G Munoru, Eng. C. Njiru and F. Donde. Officers to be investigated include Permanent Secretaries, Ministry of Water Development (1995-1998), Directors of Water Development (1995-1998), Mr. L.K Biwott, former Managing Director, National Water Conservation and Pipeline Corporation – H.K Rotich, C.K Koske, Dr. D.K Punyua, Managing Director, National Water Corporation and Eng. M.O Ochieng.","25/2/2004, Concerned Employees, National Water Conservation & Pipeline Corporation, Not indicated",,Coast Province,,,2,761,annex_19_complaints_from_the_public.csv,"S/No: 32; Planned user: Unnamed public utility; Case summary: Public land allocated to private developers. The timber houses on the Shanzu plot may have been constructed in the late 1970s and early 1980s during the construction of the Sabaki Water Pipeline. Members of the public with useful information include Eng. E. Maina of Kirinyaga Construction, Eng. W.J Odhiambo, Mr. P.G Munoru, Eng. C. Njiru and F. Donde. Officers to be investigated include Permanent Secretaries, Ministry of Water Development (1995-1998), Directors of Water Development (1995-1998), Mr. L.K Biwott, former Managing Director, National Water Conservation and Pipeline Corporation – H.K Rotich, C.K Koske, Dr. D.K Punyua, Managing Director, National Water Corporation and Eng. M.O Ochieng.; Source/complainant: 25/2/2004, Concerned Employees, National Water Conservation & Pipeline Corporation, Not indicated",none,"Complaint: State Corporation Land (National Water Conservation & Pipeline Corporation), Mombasa Malindi Road neighbouring Shanzu Teachers College",0
annex_19_complaint_0476,"State Corporation Land (National Water Conservation & Pipeline Corporation), Kizingo Mombasa Island",,unknown,public_complaint,"Public land allocated to an individual. Officers to be investigated include Permanent Secretaries (1995-1998), Directors of Water Development (1995-1998) and Mr. L.K Biwott. Members of the public with useful information include Mr. P.G Munoru, Eng. W.J Odhiambo and F. Donde.","25/2/2004, Concerned Employees, National Water Conservation & Pipeline Corporation, Not indicated",,Coast Province,,,2,762,annex_19_complaints_from_the_public.csv,"S/No: 33; Planned user: Provincial Water Engineer's Official Residence; Case summary: Public land allocated to an individual. Officers to be investigated include Permanent Secretaries (1995-1998), Directors of Water Development (1995-1998) and Mr. L.K Biwott. Members of the public with useful information include Mr. P.G Munoru, Eng. W.J Odhiambo and F. Donde.; Source/complainant: 25/2/2004, Concerned Employees, National Water Conservation & Pipeline Corporation, Not indicated",none,"Complaint: State Corporation Land (National Water Conservation & Pipeline Corporation), Kizingo Mombasa Island",0
annex_19_complaint_0477,"State Corporation Land (National Water Conservation & Pipeline Corporation), Mombasa",,unknown,public_complaint,"Northern and Northwestern portions of Water Offices allocated to private developers. Officers to be investigated include Permanent Secretaries, Ministry of Water (1989-1998), Director of Water (1989-1998) and former Managing Director – H.K Rotich. Members of the public with useful information include Eng. W.J Odhiambo, Eng. E. Maina, Eng. C. Njiru, Mr. P.G Munoru and F. Donde.","25/2/2004, Concerned Employees, National Water Conservation & Pipeline Corporation, Not indicated",,Coast Province,,,2,762,annex_19_complaints_from_the_public.csv,"S/No: 34; Planned user: Water Offices – West Mainland (Changamwe); Case summary: Northern and Northwestern portions of Water Offices allocated to private developers. Officers to be investigated include Permanent Secretaries, Ministry of Water (1989-1998), Director of Water (1989-1998) and former Managing Director – H.K Rotich. Members of the public with useful information include Eng. W.J Odhiambo, Eng. E. Maina, Eng. C. Njiru, Mr. P.G Munoru and F. Donde.; Source/complainant: 25/2/2004, Concerned Employees, National Water Conservation & Pipeline Corporation, Not indicated",none,"Complaint: State Corporation Land (National Water Conservation & Pipeline Corporation), Mombasa",0
annex_19_complaint_0478,"State Corporation Land (National Water Conservation & Pipeline Corporation), Malindi",,unknown,public_complaint,Senior Staff Houses in Malindi allocated to private developers who are currently managing Malindi Water supply.,"25/2/2004, Concerned Employees, National Water Conservation & Pipeline Corporation, Not indicated",,Coast Province,,,2,762,annex_19_complaints_from_the_public.csv,"S/No: 35; Planned user: Staff Houses; Case summary: Senior Staff Houses in Malindi allocated to private developers who are currently managing Malindi Water supply.; Source/complainant: 25/2/2004, Concerned Employees, National Water Conservation & Pipeline Corporation, Not indicated",none,"Complaint: State Corporation Land (National Water Conservation & Pipeline Corporation), Malindi",0
annex_19_complaint_0479,"State Corporation Land (National Water Conservation & Pipeline Corporation),Watamu",,unknown,public_complaint,"Public land allocated to individuals. Officers to be investigated include former and current Managing Directors of National Water Conservation and Pipeline Corporation (1989-2001), Mr. L.K Biwott, Permanent Secretaries in charge of Water Affairs (1985-2003) and Eng. Maina.","25/2/2004, Concerned Employees, National Water Conservation & Pipeline Corporation, Not indicated",,Coast Province,,,2,763,annex_19_complaints_from_the_public.csv,"S/No: 36; Planned user: Water Tank Plot; Case summary: Public land allocated to individuals. Officers to be investigated include former and current Managing Directors of National Water Conservation and Pipeline Corporation (1989-2001), Mr. L.K Biwott, Permanent Secretaries in charge of Water Affairs (1985-2003) and Eng. Maina.; Source/complainant: 25/2/2004, Concerned Employees, National Water Conservation & Pipeline Corporation, Not indicated",none,"Complaint: State Corporation Land (National Water Conservation & Pipeline Corporation),Watamu",0
annex_19_complaint_0480,"Mombasa Block 305/XIX, Urban Land, Mombasa Opposite the Corner of Aga Khan Walk/Machakos Road",,unknown,public_complaint,Public utility area run by Kenya Reinsurance Plaza – Mombasa allocated to a Councilor. Matter should be investigated,"29/01/04, Muriu Mungai & Co. Advocates, P.O. Box 75362 – 00200 Nairobi",,Coast Province,,,2,763,annex_19_complaints_from_the_public.csv,"S/No: 37; Planned user: Public utility area (sewer system, storm water drainage, fire escape, parking bay); Case summary: Public utility area run by Kenya Reinsurance Plaza – Mombasa allocated to a Councilor. Matter should be investigated; Source/complainant: 29/01/04, Muriu Mungai & Co. Advocates, P.O. Box 75362 – 00200 Nairobi",none,"Complaint: Mombasa Block 305/XIX, Urban Land, Mombasa Opposite the Corner of Aga Khan Walk/Machakos Road",0
annex_19_complaint_0481,"Ministry land, Lamu",,unknown,public_complaint,Public land allocated to an individual. Matter should be investigated to ascertain the facts.,"5/11/2003, Mokowe Residents Hindi/Magogoni Division, P.O. Box 61",,Coast Province,,,2,763,annex_19_complaints_from_the_public.csv,"S/No: 38; Planned user: General Service Unit Camp; Case summary: Public land allocated to an individual. Matter should be investigated to ascertain the facts.; Source/complainant: 5/11/2003, Mokowe Residents Hindi/Magogoni Division, P.O. Box 61",none,"Complaint: Ministry land, Lamu",0
annex_19_complaint_0482,"PDP.DRG. NOSS/MLD/25/2002, Trust Land, Malindi Municipality",,unknown,public_complaint,Land meant for the extension of a primary school in Malindi allocated to individuals.,"9/2/2004, Snr. Ali Bin Salim Primary School, P.O. Box 110 Malindi",,Coast Province,,,2,763,annex_19_complaints_from_the_public.csv,"S/No: 39; Planned user: 0.21 ha, Primary School; Case summary: Land meant for the extension of a primary school in Malindi allocated to individuals.; Source/complainant: 9/2/2004, Snr. Ali Bin Salim Primary School, P.O. Box 110 Malindi",none,"Complaint: PDP.DRG. NOSS/MLD/25/2002, Trust Land, Malindi Municipality",0
annex_19_complaint_0483,"Plot No. K122 and 14?, Trust Land, Bura Taita Taveta, District",,unknown,public_complaint,Land meant for nursery school and dispensary allocated to individuals.,"30/12/03, Residents of Bura, P.O. Box 42, Ngamwa",,Coast Province,,,2,763,annex_19_complaints_from_the_public.csv,"S/No: 40; Planned user: Nursery School & Dispensary; Case summary: Land meant for nursery school and dispensary allocated to individuals.; Source/complainant: 30/12/03, Residents of Bura, P.O. Box 42, Ngamwa",none,"Complaint: Plot No. K122 and 14?, Trust Land, Bura Taita Taveta, District",0
annex_19_complaint_0484,"P. 1416, Trust Land, Bura Location – Taita Taveta District",,unknown,public_complaint,Land meant for development of school allocated to individual.,"30/12/03, Residents of Bura, P.O. Box 42, Ngamwa",,Coast Province,,,2,763,annex_19_complaints_from_the_public.csv,"S/No: 41; Planned user: 12 Acres, Nyika Primary School; Case summary: Land meant for development of school allocated to individual.; Source/complainant: 30/12/03, Residents of Bura, P.O. Box 42, Ngamwa",none,"Complaint: P. 1416, Trust Land, Bura Location – Taita Taveta District",0
annex_19_complaint_0485,"Plot No. 1412, Trust Land, Bura – Taita Taveta, District",,unknown,public_complaint,Public land allocated to an individual.,"30/12/03, Residents of Bura, P.O. Box 42, Ngamwa",,Coast Province,,,2,764,annex_19_complaints_from_the_public.csv,"S/No: 42; Planned user: 12 Acres, Kombolo Technical High School; Case summary: Public land allocated to an individual.; Source/complainant: 30/12/03, Residents of Bura, P.O. Box 42, Ngamwa",none,"Complaint: Plot No. 1412, Trust Land, Bura – Taita Taveta, District",0
annex_19_complaint_0486,"Plot No. 1428, Trust Land, Bura – Taita Taveta, District",,unknown,public_complaint,Public utility land allocated to an individual who has proceeded to subdivide it and transfer the same to third parties.,"30/12/03, Residents of Bura, P.O. Box 42, Ngamwa",,Coast Province,,,2,764,annex_19_complaints_from_the_public.csv,"S/No: 43; Planned user: 11 Acres, Not indicated; Case summary: Public utility land allocated to an individual who has proceeded to subdivide it and transfer the same to third parties.; Source/complainant: 30/12/03, Residents of Bura, P.O. Box 42, Ngamwa",none,"Complaint: Plot No. 1428, Trust Land, Bura – Taita Taveta, District",0
annex_19_complaint_0487,"Urban Land, Mombasa next to Banadir Café",,unknown,public_complaint,"Road reserve allocated to private developers who have erected a structure, which is used for conducting illegal drug business.","18/2/2004, Omar Hassan Kad & Others, P.O. Box 85426, Mombasa",,Coast Province,,,2,764,annex_19_complaints_from_the_public.csv,"S/No: 44; Planned user: Road reserve; Case summary: Road reserve allocated to private developers who have erected a structure, which is used for conducting illegal drug business.; Source/complainant: 18/2/2004, Omar Hassan Kad & Others, P.O. Box 85426, Mombasa",none,"Complaint: Urban Land, Mombasa next to Banadir Café",0
annex_19_complaint_0488,"Mwazang'ombe Block 10/4237/3, Government Land, Kilifi",,unknown,public_complaint,"The land in question was originally the property of an Arab from Tukaungu and was repossessed by the Government. Moi directed that the 39 people who were already occupying the land be allocated the same. However, during the allocation, there was double survey, double adjudication and introduction of undeserving allottees thereby increasing the number of allottees to 89.","30/1/2004, Mr. M.C Randu, P.O. Box 627, Kilifi",,Coast Province,,,2,764,annex_19_complaints_from_the_public.csv,"S/No: 45; Planned user: 88.4 Acres, Settlement; Case summary: The land in question was originally the property of an Arab from Tukaungu and was repossessed by the Government. Moi directed that the 39 people who were already occupying the land be allocated the same. However, during the allocation, there was double survey, double adjudication and introduction of undeserving allottees thereby increasing the number of allottees to 89.; Source/complainant: 30/1/2004, Mr. M.C Randu, P.O. Box 627, Kilifi",none,"Complaint: Mwazang'ombe Block 10/4237/3, Government Land, Kilifi",0
annex_19_complaint_0489,"Urban Land, Mombasa",,unknown,public_complaint,Public land allocated to individuals.,"23-02-2004, Residents of Likoni Flats, Not indicated",,Coast Province,,,2,764,annex_19_complaints_from_the_public.csv,"S/No: 46; Planned user: Access Road & Playground; Case summary: Public land allocated to individuals.; Source/complainant: 23-02-2004, Residents of Likoni Flats, Not indicated",none,"Complaint: Urban Land, Mombasa",0
annex_19_complaint_0490,"Plot No.134, Urban Land,Shimanzi Road",,unknown,public_complaint,Public land allocated to a private developer.,"23-02-2004, Amirali T Sulemanji, Box 82306 Mombasa",,Coast Province,,,2,765,annex_19_complaints_from_the_public.csv,"S/No: 47; Planned user: Public access road; Case summary: Public land allocated to a private developer.; Source/complainant: 23-02-2004, Amirali T Sulemanji, Box 82306 Mombasa",none,"Complaint: Plot No.134, Urban Land,Shimanzi Road",0
annex_19_complaint_0491,"309/XIX, Urban Land, Mwakilingo Street, Moi Avenue",,unknown,public_complaint,"Plot between Plot No 284 and XIX, off","23-02-2004, Grace De Souza, Box 95083 Mombasa",,Coast Province,,,2,765,annex_19_complaints_from_the_public.csv,"S/No: 48; Planned user: Access road; Case summary: Plot between Plot No 284 and XIX, off; Source/complainant: 23-02-2004, Grace De Souza, Box 95083 Mombasa",none,"Complaint: 309/XIX, Urban Land, Mwakilingo Street, Moi Avenue",0
annex_19_complaint_0492,"243, XXI, Urban Land, Archbishop Makari Road",,unknown,public_complaint,Numerous Kiosks constructed on public land. Complainant suspects this is a ruse to allocate the land.,"23-02-2004, H.R Shah, Box 80836 Mombasa",,Coast Province,,,2,765,annex_19_complaints_from_the_public.csv,"S/No: 49; Planned user: Access road; Case summary: Numerous Kiosks constructed on public land. Complainant suspects this is a ruse to allocate the land.; Source/complainant: 23-02-2004, H.R Shah, Box 80836 Mombasa",none,"Complaint: 243, XXI, Urban Land, Archbishop Makari Road",0
annex_19_complaint_0493,"309/XIX, Wetland, Beach Lamu",,unknown,public_complaint,Prime land in Lamus' Shella Beach allocated to individuals.,"23-02-2004, Jonnie Whaite, Tel; 339739/210",,Coast Province,,,2,765,annex_19_complaints_from_the_public.csv,"S/No: 50; Planned user: Public beach; Case summary: Prime land in Lamus' Shella Beach allocated to individuals.; Source/complainant: 23-02-2004, Jonnie Whaite, Tel; 339739/210",none,"Complaint: 309/XIX, Wetland, Beach Lamu",0
annex_19_complaint_0494,"Urban Land, Shelly Beach, Mombasa Mainland-South",,unknown,public_complaint,Three access roads sealed off. A wall has been built along one of them thereby blocking access to the beach.,"18/02/2004, Anonymous, Not indicated",,Coast Province,,,2,765,annex_19_complaints_from_the_public.csv,"S/No: 51; Planned user: Access road; Case summary: Three access roads sealed off. A wall has been built along one of them thereby blocking access to the beach.; Source/complainant: 18/02/2004, Anonymous, Not indicated",none,"Complaint: Urban Land, Shelly Beach, Mombasa Mainland-South",0
annex_19_complaint_0495,"107253/1A,Urban Land Nyali, Mombasa",,unknown,public_complaint,Complainants suspect that the public utility has been allocated to individuals.,"18/02/2004, Beata Mkok Exec. Director, Box 1636 Mombasa",,Coast Province,,,2,765,annex_19_complaints_from_the_public.csv,"S/No: 52; Planned user: Training Centre for young girls; Case summary: Complainants suspect that the public utility has been allocated to individuals.; Source/complainant: 18/02/2004, Beata Mkok Exec. Director, Box 1636 Mombasa",none,"Complaint: 107253/1A,Urban Land Nyali, Mombasa",0
annex_19_complaint_0496,"Plot number 324, Urban Land, East of Mtwa Market, Bohari district second row from In Ocean",,unknown,public_complaint,"Land meant for a public purpose allocated to an individual with the assistance of Harry Wamubei, a former District Commissioner.","18/02/2004, Emmanuel Ngumbao Kitsao,Box 133 Kikambala Mombasa",,Coast Province,,,2,765,annex_19_complaints_from_the_public.csv,"S/No: 53; Planned user: 78 acres, Not indicated; Case summary: Land meant for a public purpose allocated to an individual with the assistance of Harry Wamubei, a former District Commissioner.; Source/complainant: 18/02/2004, Emmanuel Ngumbao Kitsao,Box 133 Kikambala Mombasa",none,"Complaint: Plot number 324, Urban Land, East of Mtwa Market, Bohari district second row from In Ocean",0
annex_19_complaint_0497,"Plots number 348/6 & 425, Government Likoni and South Mainland",,unknown,public_complaint,Public land allocated to an individual.,"18/02/2004, K.W Martin, Box 76 Ukunda",,Coast Province,,,2,765,annex_19_complaints_from_the_public.csv,"S/No: 54; Planned user: Beach access; Case summary: Public land allocated to an individual.; Source/complainant: 18/02/2004, K.W Martin, Box 76 Ukunda",none,"Complaint: Plots number 348/6 & 425, Government Likoni and South Mainland",0
annex_19_complaint_0498,"452/3/6/60/61/65,79/80,Urban Land, Chani district Market",,unknown,public_complaint,Public land under the threat of grabbing. Particulars not clear.,"18/02/2004, Joseph Katiwa, Box 93149 Mombasa",,Coast Province,,,2,766,annex_19_complaints_from_the_public.csv,"S/No: 55; Planned user: Public land; Case summary: Public land under the threat of grabbing. Particulars not clear.; Source/complainant: 18/02/2004, Joseph Katiwa, Box 93149 Mombasa",none,"Complaint: 452/3/6/60/61/65,79/80,Urban Land, Chani district Market",0
annex_19_complaint_0499,"Urban land, Shelly Beach, Mainland (Likoni)",,unknown,public_complaint,"Beach access A, between Plot No. 342 and 1677 allegedly sealed off by a wall thereby blocking the public and other users.","18/02/2004, South Coast Residents Association, Box 96030 Mombasa",,Coast Province,,,2,766,annex_19_complaints_from_the_public.csv,"S/No: 56; Planned user: Beach access roads; Case summary: Beach access A, between Plot No. 342 and 1677 allegedly sealed off by a wall thereby blocking the public and other users.; Source/complainant: 18/02/2004, South Coast Residents Association, Box 96030 Mombasa",none,"Complaint: Urban land, Shelly Beach, Mainland (Likoni)",0
annex_19_complaint_0500,"Urban land, Shelly Beach, Mainland (Likoni)",,unknown,public_complaint,"Beach access B, between plot no 425 and 345 allegedly sealed off by building materials and a trench dug out to erect a wall.","18/02/2004, South Coast Residents Association, Box 96030 Mombasa",,Coast Province,,,2,766,annex_19_complaints_from_the_public.csv,"S/No: 57; Planned user: Beach access roads; Case summary: Beach access B, between plot no 425 and 345 allegedly sealed off by building materials and a trench dug out to erect a wall.; Source/complainant: 18/02/2004, South Coast Residents Association, Box 96030 Mombasa",none,"Complaint: Urban land, Shelly Beach, Mainland (Likoni)",0
annex_19_complaint_0501,"Government Land, Shelly Beach, Mainland (Likoni)",,unknown,public_complaint,"Beach access C, between Plots No. 348 and 349 allegedly sealed off by a wall thereon blocking the public and other users. A Title Deed No. 1764 also issued.","18/02/2004, South Coast Residents Association, Box 96030 Mombasa",,Coast Province,,,2,766,annex_19_complaints_from_the_public.csv,"S/No: 58; Planned user: Beach access roads; Case summary: Beach access C, between Plots No. 348 and 349 allegedly sealed off by a wall thereon blocking the public and other users. A Title Deed No. 1764 also issued.; Source/complainant: 18/02/2004, South Coast Residents Association, Box 96030 Mombasa",none,"Complaint: Government Land, Shelly Beach, Mainland (Likoni)",0
annex_19_complaint_0502,"Ministry land, Kizingo",,unknown,public_complaint,It is alleged that the District Commissioner forced Government employees to vacate from their houses and allocated the same to rich Asians.,"18/02/2004, Fred Miriga, Box 86733 Mombasa",,Coast Province,,,2,766,annex_19_complaints_from_the_public.csv,"S/No: 59; Planned user: Housing Units; Case summary: It is alleged that the District Commissioner forced Government employees to vacate from their houses and allocated the same to rich Asians.; Source/complainant: 18/02/2004, Fred Miriga, Box 86733 Mombasa",none,"Complaint: Ministry land, Kizingo",0
annex_19_complaint_0503,"Urban Land, Mama Ngina",,unknown,public_complaint,It is alleged that grabbers erected a boundary wall within the park facing the sea front.,"18/02/2004, Shajehan Kahn, Box 81320 Mombasa",,Coast Province,,,2,766,annex_19_complaints_from_the_public.csv,"S/No: 60; Planned user: Park; Case summary: It is alleged that grabbers erected a boundary wall within the park facing the sea front.; Source/complainant: 18/02/2004, Shajehan Kahn, Box 81320 Mombasa",none,"Complaint: Urban Land, Mama Ngina",0
annex_19_complaint_0504,"Urban land, Makande Mombasa",,unknown,public_complaint,Part of the compound comprising of Makande Alms House allocated to an individual. The same has been fenced off and access roads blocked.,"18/02/2004, Antony Otieno, Box 16854 Mombasa",,Coast Province,,,2,766,annex_19_complaints_from_the_public.csv,"S/No: 61; Planned user: Municipal project for the homeless & destitute; Case summary: Part of the compound comprising of Makande Alms House allocated to an individual. The same has been fenced off and access roads blocked.; Source/complainant: 18/02/2004, Antony Otieno, Box 16854 Mombasa",none,"Complaint: Urban land, Makande Mombasa",0
annex_19_complaint_0505,"Urban land, Makadara grounds, Mombasa",,unknown,public_complaint,Part of Makadara grounds sub divided and allocated to private developers.,"18/02/2004, Khelef Khalifa, Box 41380 Mombasa",,Coast Province,,,2,767,annex_19_complaints_from_the_public.csv,"S/No: 62; Planned user: Park; Case summary: Part of Makadara grounds sub divided and allocated to private developers.; Source/complainant: 18/02/2004, Khelef Khalifa, Box 41380 Mombasa",none,"Complaint: Urban land, Makadara grounds, Mombasa",0
annex_19_complaint_0506,"102/XI/MI-Mombasa, Urban land, Dickson Gardens, Mombasa",,unknown,public_complaint,It is alleged that the Catholic Diocese of Mombasa was allocated a public park used by residents for recreation purposes.,"18/02/2004, Muhuri C/o Taib Taib, Box 41380 Mombasa",,Coast Province,,,2,767,annex_19_complaints_from_the_public.csv,"S/No: 63; Planned user: Recreational Area; Case summary: It is alleged that the Catholic Diocese of Mombasa was allocated a public park used by residents for recreation purposes.; Source/complainant: 18/02/2004, Muhuri C/o Taib Taib, Box 41380 Mombasa",none,"Complaint: 102/XI/MI-Mombasa, Urban land, Dickson Gardens, Mombasa",0
annex_19_complaint_0507,"Mombasa XXXII/40, Urban Block Land, Mombasa",,unknown,public_complaint,Public utility land situated between Mombasa Club and the Pump Station close to Fort Jesus allocated to individuals.,"15/04/2004, Residents of Old Town, Mombasa",,Coast Province,,,2,767,annex_19_complaints_from_the_public.csv,"S/No: 64; Planned user: Public Park & Recreational Area; Case summary: Public utility land situated between Mombasa Club and the Pump Station close to Fort Jesus allocated to individuals.; Source/complainant: 15/04/2004, Residents of Old Town, Mombasa",none,"Complaint: Mombasa XXXII/40, Urban Block Land, Mombasa",0
annex_19_complaint_0508,"NTIMA/IGOKI/251?, Trust Land, Meru Municipal Council",,unknown,public_complaint,"The Commissioner of Lands compulsorily acquired 55 parcels of land on 20 June 1978 vide Gazette Notices Nos.1740 and 1741. In 1998, the records in the District Land Registry were fraudulently altered to revert the land in question to the relatives of the person to whom the land had been compulsorily acquired.","18/2/2004, Francis Kiruji and 16 others, P.O Box 1279, Meru",,Eastern Province,,,2,768,annex_19_complaints_from_the_public.csv,"S/No: 1; Planned user: 0.55 Ha, Madaraka Housing Estate and Slaughter House; Case summary: The Commissioner of Lands compulsorily acquired 55 parcels of land on 20 June 1978 vide Gazette Notices Nos.1740 and 1741. In 1998, the records in the District Land Registry were fraudulently altered to revert the land in question to the relatives of the person to whom the land had been compulsorily acquired.; Source/complainant: 18/2/2004, Francis Kiruji and 16 others, P.O Box 1279, Meru",none,"Complaint: NTIMA/IGOKI/251?, Trust Land, Meru Municipal Council",0
annex_19_complaint_0509,"1504/7, Trust Land, Mavoko Municipality Old Mombasa Road",,unknown,public_complaint,The Commissioner of Lands acquired land for the construction of a weighbridge at Mavoko Municipality. Squatters who have erected illegal structures have encroached on the unused land.,"27/1/2004, Margaret Wamaitha Humprey, Not indicated",,Eastern Province,,,2,768,annex_19_complaints_from_the_public.csv,"S/No: 2; Planned user: 113 acres, Weighbridge Construction & Amenities; Case summary: The Commissioner of Lands acquired land for the construction of a weighbridge at Mavoko Municipality. Squatters who have erected illegal structures have encroached on the unused land.; Source/complainant: 27/1/2004, Margaret Wamaitha Humprey, Not indicated",none,"Complaint: 1504/7, Trust Land, Mavoko Municipality Old Mombasa Road",0
annex_19_complaint_0510,"1491, Parastatal Land, Machakos",,unknown,public_complaint,It is alleged that National Social Security Fund has been transferring land that it acquired illegally private developers.,"27/2/2004, George M. Kiilu, P.O Box 826 Machakos",,Eastern Province,,,2,768,annex_19_complaints_from_the_public.csv,"S/No: 3; Planned user: Non indicated; Case summary: It is alleged that National Social Security Fund has been transferring land that it acquired illegally private developers.; Source/complainant: 27/2/2004, George M. Kiilu, P.O Box 826 Machakos",none,"Complaint: 1491, Parastatal Land, Machakos",0
annex_19_complaint_0511,"GK Plots 1, 2, 5, 3, 4, Government Land, Meru Municipality",,unknown,public_complaint,Government houses located behind the District Commissioner's residence in Meru allocated to individuals who demolished them and erected other structures thereon.,"7/1/2004, Julius A. Karijo, P.O. Box 894 Meru",,Eastern Province,,,2,768,annex_19_complaints_from_the_public.csv,"S/No: 4; Planned user: Not indicated, Housing Units; Case summary: Government houses located behind the District Commissioner's residence in Meru allocated to individuals who demolished them and erected other structures thereon.; Source/complainant: 7/1/2004, Julius A. Karijo, P.O. Box 894 Meru",none,"Complaint: GK Plots 1, 2, 5, 3, 4, Government Land, Meru Municipality",0
annex_19_complaint_0512,"Plot No. 570, Settlement Scheme (Ex-Lewa Settlement Scheme), Central District",,unknown,public_complaint,Public land allocated to a private developer. Matter to be investigated to ascertain the facts.,"30/10/03, S. G. Muchemi, P.O. Box 97, Timau",,Eastern Province,,,2,768,annex_19_complaints_from_the_public.csv,"S/No: 5; Planned user: Not indicated, Spring and Dam; Case summary: Public land allocated to a private developer. Matter to be investigated to ascertain the facts.; Source/complainant: 30/10/03, S. G. Muchemi, P.O. Box 97, Timau",none,"Complaint: Plot No. 570, Settlement Scheme (Ex-Lewa Settlement Scheme), Central District",0
annex_19_complaint_0513,"Not indicated, Trust Land, Kianjai",,unknown,public_complaint,Public utility plots have less acreage on the ground than what is reflected in the records. Land Officers and the Land Committee under the Chairmanship of Jacob Kuamba facilitated the illegal and irregular allocations.,"21/10/03, Community of Uringu Part, III Adjudication Section, P.O. Box 168, Kianjai – Meru North District",,Eastern Province,,,2,769,annex_19_complaints_from_the_public.csv,"S/No: 6; Planned user: Not indicated, 3 Primary Schools, 7 Churches, 1 Market, 1 Health Centre, 1 Cattle Dip, 3 Catchments Areas and Roads.; Case summary: Public utility plots have less acreage on the ground than what is reflected in the records. Land Officers and the Land Committee under the Chairmanship of Jacob Kuamba facilitated the illegal and irregular allocations.; Source/complainant: 21/10/03, Community of Uringu Part, III Adjudication Section, P.O. Box 168, Kianjai – Meru North District",none,"Complaint: Not indicated, Trust Land, Kianjai",0
annex_19_complaint_0514,"Plot No. 1114, 1113 and 1363, Trust Land, Machakos",,unknown,public_complaint,"Public land allocated to private developers. Plots located in map title ATHI RIVER/ATHI RIVER BLOCK 1 (CHUMVI) and compiled from R. O. Opuodho and Company Licensed Land Surveyors Field Sheet of L.R. No. 4379 Machakos District. The sheet is referred to as REGISTRY INDEX SERIES, S. K. 21 sheet 6 part of (162/1/388) and sheet 7(162/1/388).","12/10/2003, Kisilu Francis Musyoki, C/O Kyumbi Primary School, Machakos. Tel. 0722-967097",,Eastern Province,,,2,769,annex_19_complaints_from_the_public.csv,"S/No: 7; Planned user: Not indicated, Plot No. 1114 – Kyumbi Primary School, 113 – Health Centre and 1363 – Nursery School; Case summary: Public land allocated to private developers. Plots located in map title ATHI RIVER/ATHI RIVER BLOCK 1 (CHUMVI) and compiled from R. O. Opuodho and Company Licensed Land Surveyors Field Sheet of L.R. No. 4379 Machakos District. The sheet is referred to as REGISTRY INDEX SERIES, S. K. 21 sheet 6 part of (162/1/388) and sheet 7(162/1/388).; Source/complainant: 12/10/2003, Kisilu Francis Musyoki, C/O Kyumbi Primary School, Machakos. Tel. 0722-967097",none,"Complaint: Plot No. 1114, 1113 and 1363, Trust Land, Machakos",0
annex_19_complaint_0515,"339/4, Government Land, Athi River",,unknown,public_complaint,Public land allocated to individuals.,"4/11/2003, Mr. Peter Mutiso Kitolo, P.O. Box 11, Athi River, Tel. 0733-971551",,Eastern Province,,,2,769,annex_19_complaints_from_the_public.csv,"S/No: 8; Planned user: 1000 Acres, Not indicated; Case summary: Public land allocated to individuals.; Source/complainant: 4/11/2003, Mr. Peter Mutiso Kitolo, P.O. Box 11, Athi River, Tel. 0733-971551",none,"Complaint: 339/4, Government Land, Athi River",0
annex_19_complaint_0516,"Parcel No. 652, Sheet 78, Wetland, Meru Central",,unknown,public_complaint,Public land allocated to a private developer.,"3/11/2003, S. K. Miriti, Upper Chure Sub-location, Igoki Location, Abogetta Division Meru Central",,Eastern Province,,,2,769,annex_19_complaints_from_the_public.csv,"S/No: 9; Planned user: 0.14 Acres, Kithino Water Point; Case summary: Public land allocated to a private developer.; Source/complainant: 3/11/2003, S. K. Miriti, Upper Chure Sub-location, Igoki Location, Abogetta Division Meru Central",none,"Complaint: Parcel No. 652, Sheet 78, Wetland, Meru Central",0
annex_19_complaint_0517,"Not indicated, Trust Land, Meru North",,unknown,public_complaint,"Meru Central County Council resolved on 12/04/67 that one mile strip in the Northern Grazing Area be subdivided and allocated to the Kianjai and Mathara People. However, this land was allocated to 10 people who own over 900 acres.","16/02/04, Burii Native Residents Burii Location, P.O. Box 73, Meru",,Eastern Province,,,2,769,annex_19_complaints_from_the_public.csv,"S/No: 10; Planned user: Not indicated, Grazing Area; Case summary: Meru Central County Council resolved on 12/04/67 that one mile strip in the Northern Grazing Area be subdivided and allocated to the Kianjai and Mathara People. However, this land was allocated to 10 people who own over 900 acres.; Source/complainant: 16/02/04, Burii Native Residents Burii Location, P.O. Box 73, Meru",none,"Complaint: Not indicated, Trust Land, Meru North",0
annex_19_complaint_0518,"Ex-Lewa Settlement Scheme 369, Wetland, Meru District",,unknown,public_complaint,Public dam allocated to individuals. Matter to be investigated to ascertain the facts.,"16/02/04, S. I. Mwagiru, P.O. Box 1075, Karatina",,Eastern Province,,,2,770,annex_19_complaints_from_the_public.csv,"S/No: 11; Planned user: Not indicated, Public Dam; Case summary: Public dam allocated to individuals. Matter to be investigated to ascertain the facts.; Source/complainant: 16/02/04, S. I. Mwagiru, P.O. Box 1075, Karatina",none,"Complaint: Ex-Lewa Settlement Scheme 369, Wetland, Meru District",0
annex_19_complaint_0519,"Nkuene/Uruku/680/28, Trust Land, Nkubu-Meru",,unknown,public_complaint,Public land allocated to an individual.,"23-02-2004, Isaiah Mugambi, Box 50 Nkubu",,Eastern Province,,,2,770,annex_19_complaints_from_the_public.csv,"S/No: 12; Planned user: Not indicated, Open Air Market and Religious purposes; Case summary: Public land allocated to an individual.; Source/complainant: 23-02-2004, Isaiah Mugambi, Box 50 Nkubu",none,"Complaint: Nkuene/Uruku/680/28, Trust Land, Nkubu-Meru",0
annex_19_complaint_0520,"Evurori / 1067 & 900, Trust Land, Embu",,unknown,public_complaint,Public land allocated to individuals.,"23-02-2004, Frederick Ndwiga Njeru, Box 148 Ishiara",,Eastern Province,,,2,770,annex_19_complaints_from_the_public.csv,"S/No: 13; Planned user: Not indicated, Divisional Sports Grounds; Case summary: Public land allocated to individuals.; Source/complainant: 23-02-2004, Frederick Ndwiga Njeru, Box 148 Ishiara",none,"Complaint: Evurori / 1067 & 900, Trust Land, Embu",0
annex_19_complaint_0521,"Not indicated, Trust Land, Meru",,unknown,public_complaint,Public utilities land allocated to an individual.,"23-02-2004, Geoffrey Rukaria, Box 1114 Meru",,Eastern Province,,,2,770,annex_19_complaints_from_the_public.csv,"S/No: 14; Planned user: Not indicated, Open Air markets, Bus Terminal; Case summary: Public utilities land allocated to an individual.; Source/complainant: 23-02-2004, Geoffrey Rukaria, Box 1114 Meru",none,"Complaint: Not indicated, Trust Land, Meru",0
annex_19_complaint_0522,"112/1201, 1202, 1203, 1204, 1205, 1206, Trust Land, Embu Municipality",,unknown,public_complaint,Land meant for public utilities allocated to individuals.,"23-02-2004, James N. Kiviu, Box 105 Embu",,Eastern Province,,,2,770,annex_19_complaints_from_the_public.csv,"S/No: 15; Planned user: Not indicated, Open Air markets, Bus Terminal; Case summary: Land meant for public utilities allocated to individuals.; Source/complainant: 23-02-2004, James N. Kiviu, Box 105 Embu",none,"Complaint: 112/1201, 1202, 1203, 1204, 1205, 1206, Trust Land, Embu Municipality",0
annex_19_complaint_0523,"120, 1267, 1337, 1344, Trust Land, Embu Municipality",,unknown,public_complaint,Land meant for public utilities allocated to individuals.,"23-02-2004, James N. Kiviu, Box 105 Embu",,Eastern Province,,,2,770,annex_19_complaints_from_the_public.csv,"S/No: 16; Planned user: Not indicated, Showground; Case summary: Land meant for public utilities allocated to individuals.; Source/complainant: 23-02-2004, James N. Kiviu, Box 105 Embu",none,"Complaint: 120, 1267, 1337, 1344, Trust Land, Embu Municipality",0
annex_19_complaint_0524,"1313, 1314, 1315, 1316, Trust Land, Embu Municipality, near Embu Police line",,unknown,public_complaint,Land meant for public utilities allocated to individuals.,"23-02-2004, James N. Kiviu, Box 105 Embu",,Eastern Province,,,2,770,annex_19_complaints_from_the_public.csv,"S/No: 17; Planned user: Not indicated, Road reserve; Case summary: Land meant for public utilities allocated to individuals.; Source/complainant: 23-02-2004, James N. Kiviu, Box 105 Embu",none,"Complaint: 1313, 1314, 1315, 1316, Trust Land, Embu Municipality, near Embu Police line",0
annex_19_complaint_0525,"1329, 1354, 1355, 1357, 1356, Government Land, Embu Municipality",,unknown,public_complaint,Land meant for public utilities allocated to individuals.,"23-02-2004, James N. Kiviu, Box 105 Embu",,Eastern Province,,,2,771,annex_19_complaints_from_the_public.csv,"S/No: 18; Planned user: Not indicated, Ministry of Works Camps; Case summary: Land meant for public utilities allocated to individuals.; Source/complainant: 23-02-2004, James N. Kiviu, Box 105 Embu",none,"Complaint: 1329, 1354, 1355, 1357, 1356, Government Land, Embu Municipality",0
annex_19_complaint_0526,"1280, 1281, 1282, 1283, 1284, 1285, 1284, 1286, 1289, 1290, Trust Land, Embu Municipality",,unknown,public_complaint,Land meant for public utilities allocated to individuals.,"23-02-2004, James N. Kiviu, Box 105 Embu",,Eastern Province,,,2,771,annex_19_complaints_from_the_public.csv,"S/No: 19; Planned user: Not indicated, Open air market; Case summary: Land meant for public utilities allocated to individuals.; Source/complainant: 23-02-2004, James N. Kiviu, Box 105 Embu",none,"Complaint: 1280, 1281, 1282, 1283, 1284, 1285, 1284, 1286, 1289, 1290, Trust Land, Embu Municipality",0
annex_19_complaint_0527,"1270, 1271, 1272, m 1273, 1274, 12794, Trust Land, Embu Municipality",,unknown,public_complaint,Land meant for public utilities allocated to individuals.,"23-02-2004, James N. Kiviu, Box 105 Embu",,Eastern Province,,,2,771,annex_19_complaints_from_the_public.csv,"S/No: 20; Planned user: Not indicated, Parking area, Bus Terminus; Case summary: Land meant for public utilities allocated to individuals.; Source/complainant: 23-02-2004, James N. Kiviu, Box 105 Embu",none,"Complaint: 1270, 1271, 1272, m 1273, 1274, 12794, Trust Land, Embu Municipality",0
annex_19_complaint_0528,"Plot No. 946 Kiboko Settlement Scheme, Settlement Scheme, Kibwezi Constituency",,unknown,public_complaint,Land meant for public utilities in Kiboko Settlement Scheme allocated to individuals.,"Hon. Richard Kalembe Ndile, P.O Box 41842, Nairobi",,Eastern Province,,,2,771,annex_19_complaints_from_the_public.csv,"S/No: 21; Planned user: 32 acres, Public utility; Case summary: Land meant for public utilities in Kiboko Settlement Scheme allocated to individuals.; Source/complainant: Hon. Richard Kalembe Ndile, P.O Box 41842, Nairobi",none,"Complaint: Plot No. 946 Kiboko Settlement Scheme, Settlement Scheme, Kibwezi Constituency",0
annex_19_complaint_0529,"1043 & 1200, Trust Land, Kavaini",,unknown,public_complaint,Public utilities allocated to an individual.,"23-02-2004, Hon. David Musila P.O Box 41842, Nairobi",,Eastern Province,,,2,771,annex_19_complaints_from_the_public.csv,"S/No: 22; Planned user: Not indicated, Borehole & Cattle Dip; Case summary: Public utilities allocated to an individual.; Source/complainant: 23-02-2004, Hon. David Musila P.O Box 41842, Nairobi",none,"Complaint: 1043 & 1200, Trust Land, Kavaini",0
annex_19_complaint_0530,"Not indicated, Settlement Scheme,Masongaleni",,unknown,public_complaint,Land set aside to settle people who were evicted from Chyulu Hills allocated to undeserving beneficiaries.,"Hon. Richard Kalembe Ndile, P.O Box 41842, Nairobi",,Eastern Province,,,2,771,annex_19_complaints_from_the_public.csv,"S/No: 23; Planned user: Not indicated,Settlement Scheme; Case summary: Land set aside to settle people who were evicted from Chyulu Hills allocated to undeserving beneficiaries.; Source/complainant: Hon. Richard Kalembe Ndile, P.O Box 41842, Nairobi",none,"Complaint: Not indicated, Settlement Scheme,Masongaleni",0
annex_19_complaint_0531,"Kisumu Block 6/394and 6/395, Urban Land, Kisumu Municipality",,unknown,public_complaint,Public land allocated to Hayer Singh who has leased it to Standard Chartered Bank Kisumu.,"29/12/2003, Cosmas Ombongi,Tel 2735091/ 0733 446595",,Nyanza Province,,,2,772,annex_19_complaints_from_the_public.csv,"S/No: 1; Planned user: Jua Kali Artisans; Case summary: Public land allocated to Hayer Singh who has leased it to Standard Chartered Bank Kisumu.; Source/complainant: 29/12/2003, Cosmas Ombongi,Tel 2735091/ 0733 446595",none,"Complaint: Kisumu Block 6/394and 6/395, Urban Land, Kisumu Municipality",0
annex_19_complaint_0532,"Trust Land, Nyamira District",,unknown,public_complaint,Public utility land allocated to an individual.,"28/10/2003, Concerned Citizen, Not indicated",,Nyanza Province,,,2,772,annex_19_complaints_from_the_public.csv,"S/No: 2; Case summary: Public utility land allocated to an individual.; Source/complainant: 28/10/2003, Concerned Citizen, Not indicated",none,"Complaint: Trust Land, Nyamira District",0
annex_19_complaint_0533,"Kisumu/Block 6/548, Urban Land, Kisumu Municipality",,unknown,public_complaint,Kisumu Girls/Boys Staff Houses allocated to an individual.,"9/12/2003, Richard Kokwaro, P.O. Box 811, Kisumu",,Nyanza Province,,,2,772,annex_19_complaints_from_the_public.csv,"S/No: 3; Planned user: Housing Units; Case summary: Kisumu Girls/Boys Staff Houses allocated to an individual.; Source/complainant: 9/12/2003, Richard Kokwaro, P.O. Box 811, Kisumu",none,"Complaint: Kisumu/Block 6/548, Urban Land, Kisumu Municipality",0
annex_19_complaint_0534,"H.G. 28 - Block 12/410 411, Government Land, Kisumu Municipality",,unknown,public_complaint,Government houses allocated to an individual who subsequently developed them.,"17/10/2003, D.N. Ogoti, P.O. Box 111 Malindi",,Nyanza Province,,,2,772,annex_19_complaints_from_the_public.csv,"S/No: 4; Case summary: Government houses allocated to an individual who subsequently developed them.; Source/complainant: 17/10/2003, D.N. Ogoti, P.O. Box 111 Malindi",none,"Complaint: H.G. 28 - Block 12/410 411, Government Land, Kisumu Municipality",0
annex_19_complaint_0535,"Pembe Tatu Estate No.114,115,146,147,148?, Urban Land, Kisumu Municipality",,unknown,public_complaint,Land was reserved for a park in Pembe Tatu Estate subdivided and allocated to individuals.,"21/10/2003, M.O. Kokwaro, P.O. Box 1973, Kisumu",,Nyanza Province,,,2,772,annex_19_complaints_from_the_public.csv,"S/No: 5; Planned user: Parking; Case summary: Land was reserved for a park in Pembe Tatu Estate subdivided and allocated to individuals.; Source/complainant: 21/10/2003, M.O. Kokwaro, P.O. Box 1973, Kisumu",none,"Complaint: Pembe Tatu Estate No.114,115,146,147,148?, Urban Land, Kisumu Municipality",0
annex_19_complaint_0536,"Parcel No.1666 Masat Sifuyo Location, Trust Land, Sifuyo",,unknown,public_complaint,"Public land allocated to Musumba Oluoch, a former nominated Councilor.","10/11/2003, West Ugenya Residents, P.O. Box 31 Ukwala West Ugenya",,Nyanza Province,,,2,772,annex_19_complaints_from_the_public.csv,"S/No: 6; Planned user: Originally 48 acres - Currently 1.1 Ha, Hospital; Case summary: Public land allocated to Musumba Oluoch, a former nominated Councilor.; Source/complainant: 10/11/2003, West Ugenya Residents, P.O. Box 31 Ukwala West Ugenya",none,"Complaint: Parcel No.1666 Masat Sifuyo Location, Trust Land, Sifuyo",0
annex_19_complaint_0537,"Parcel Number 636 Sifuyo sub-location, Trust Land, Sifuyo Ugenya – Ukwala Division",,unknown,public_complaint,Public utility land allocated to an individual.,"10/11/2003, West Ugenya Residents, P.O. Box 31 Ukwala West Ugenya",,Nyanza Province,,,2,772,annex_19_complaints_from_the_public.csv,"S/No: 7; Planned user: Communal Cultural Activities; Case summary: Public utility land allocated to an individual.; Source/complainant: 10/11/2003, West Ugenya Residents, P.O. Box 31 Ukwala West Ugenya",none,"Complaint: Parcel Number 636 Sifuyo sub-location, Trust Land, Sifuyo Ugenya – Ukwala Division",0
annex_19_complaint_0538,"Trust Land, Bonchari Constituency, Suneka Township, Kisii Central District",,unknown,public_complaint,Public land allocated to private developers.,"10/9/2003, Omosege S. D. A. Church, P.O. Box 875, Kisii",,Nyanza Province,,,2,772,annex_19_complaints_from_the_public.csv,"S/No: 8; Planned user: Sports Ground; Case summary: Public land allocated to private developers.; Source/complainant: 10/9/2003, Omosege S. D. A. Church, P.O. Box 875, Kisii",none,"Complaint: Trust Land, Bonchari Constituency, Suneka Township, Kisii Central District",0
annex_19_complaint_0539,"PI 812/813 Plot No. 43, Trust Land, Nyansiongo",,unknown,public_complaint,Public land allocated to private developers.,"27/01/04, Individual, P.O. Box 38, Keroka",,Nyanza Province,,,2,772,annex_19_complaints_from_the_public.csv,"S/No: 9; Planned user: Cattle dip and Community Spring; Case summary: Public land allocated to private developers.; Source/complainant: 27/01/04, Individual, P.O. Box 38, Keroka",none,"Complaint: PI 812/813 Plot No. 43, Trust Land, Nyansiongo",0
annex_19_complaint_0540,"Kisumu Block 7/234 Kisumu, Urban Land, Kisumu",,unknown,public_complaint,"Musa Otunge was allocated land where the Kisumu Hindu temple is situated, and he claims ownership despite the fact that the temple has been there for 60 years.","27/01/04, Advocate, P.O. Box 255, Kisumu, Kenya",,Nyanza Province,,,2,773,annex_19_complaints_from_the_public.csv,"S/No: 10; Planned user: 0.1400 Ha, Temple; Case summary: Musa Otunge was allocated land where the Kisumu Hindu temple is situated, and he claims ownership despite the fact that the temple has been there for 60 years.; Source/complainant: 27/01/04, Advocate, P.O. Box 255, Kisumu, Kenya",none,"Complaint: Kisumu Block 7/234 Kisumu, Urban Land, Kisumu",0
annex_19_complaint_0541,"Trust Land, Mau-Sumit Total Junction",,unknown,public_complaint,Parking area allocated to individuals.,"27/01/04, Maseno University, P.O. Box 333 Maseno",,Nyanza Province,,,2,773,annex_19_complaints_from_the_public.csv,"S/No: 11; Planned user: Lorry parking area at junction of A 104 & B 104; Case summary: Parking area allocated to individuals.; Source/complainant: 27/01/04, Maseno University, P.O. Box 333 Maseno",none,"Complaint: Trust Land, Mau-Sumit Total Junction",0
annex_19_complaint_0542,"Plots No. 114, 115, 146, 148 & 149, Urban Land, Kisumu",,unknown,public_complaint,Public utility plot sub-divided into the mentioned plots and thereafter allocated to a private developers.,"6/11/2003, Meshack Odhiambo Kokwaro, P.O. Box 1973 Kisumu",,Nyanza Province,,,2,773,annex_19_complaints_from_the_public.csv,"S/No: 12; Planned user: Parking area (Pembe Tatu Estate); Case summary: Public utility plot sub-divided into the mentioned plots and thereafter allocated to a private developers.; Source/complainant: 6/11/2003, Meshack Odhiambo Kokwaro, P.O. Box 1973 Kisumu",none,"Complaint: Plots No. 114, 115, 146, 148 & 149, Urban Land, Kisumu",0
annex_19_complaint_0543,"Kisumu Municipality/Block 6/247 – 254, Urban Land, Kisumu",,unknown,public_complaint,Public land allocated to private developers.,"3/11/2003, Eli Enoka Aida, P.O. Box 824, Kisumu",,Nyanza Province,,,2,773,annex_19_complaints_from_the_public.csv,"S/No: 13; Planned user: Road Reserve; Case summary: Public land allocated to private developers.; Source/complainant: 3/11/2003, Eli Enoka Aida, P.O. Box 824, Kisumu",none,"Complaint: Kisumu Municipality/Block 6/247 – 254, Urban Land, Kisumu",0
annex_19_complaint_0544,"Settlement Scheme (Mananga Settlement Scheme), Next to Manga Police Station, Nyamira District",,unknown,public_complaint,"Public land allocated to individuals who have erected permanent and temporary structures. Complaint submitted to the Kenya Anti-Corruption Commission by David Nyandoro Mochama of P.O Box 33373, Nairobi who forwarded it to this Commission.","10/3/2004, Kenya Anti-Corruption Commission, P.O Box 61130 – 00200 Nairobi",,Nyanza Province,,,2,773,annex_19_complaints_from_the_public.csv,"S/No: 14; Planned user: Public utility; Case summary: Public land allocated to individuals who have erected permanent and temporary structures. Complaint submitted to the Kenya Anti-Corruption Commission by David Nyandoro Mochama of P.O Box 33373, Nairobi who forwarded it to this Commission.; Source/complainant: 10/3/2004, Kenya Anti-Corruption Commission, P.O Box 61130 – 00200 Nairobi",none,"Complaint: Settlement Scheme (Mananga Settlement Scheme), Next to Manga Police Station, Nyamira District",0
annex_19_complaint_0545,"KISUMU MUN/Block 6/248 & 249, Urban Land, Kisumu",,unknown,public_complaint,Public land situated in front of Plot No. KISUMU MUN/Block 6/501 allocated to an individual.,"11/03/2004, Eli Enoka Aida, P.O Box 824, Kisumu",,Nyanza Province,,,2,773,annex_19_complaints_from_the_public.csv,"S/No: 15; Planned user: Road Reserve; Case summary: Public land situated in front of Plot No. KISUMU MUN/Block 6/501 allocated to an individual.; Source/complainant: 11/03/2004, Eli Enoka Aida, P.O Box 824, Kisumu",none,"Complaint: KISUMU MUN/Block 6/248 & 249, Urban Land, Kisumu",0
annex_19_complaint_0546,"10/35 and 10/37, Urban Land, Kisumu Municipality",,unknown,public_complaint,Road reserve adjoining plots 10/36 and 10/37 allocated to an individual,"23-02-2004, Suresh V. Somaia, Box 117 Kisumu",,Nyanza Province,,,2,773,annex_19_complaints_from_the_public.csv,"S/No: 16; Planned user: Road reserve; Case summary: Road reserve adjoining plots 10/36 and 10/37 allocated to an individual; Source/complainant: 23-02-2004, Suresh V. Somaia, Box 117 Kisumu",none,"Complaint: 10/35 and 10/37, Urban Land, Kisumu Municipality",0
annex_19_complaint_0547,"Trust Land, Botire and Misesi sub- location Kisii",,unknown,public_complaint,Public utility land allocated and is being cultivated by the local chief.,"23-02-2004, James Dhago Onyimbo, Box 381 Kisii",,Nyanza Province,,,2,774,annex_19_complaints_from_the_public.csv,"S/No: 17; Planned user: 4 acres, Gakero Secondary school; Case summary: Public utility land allocated and is being cultivated by the local chief.; Source/complainant: 23-02-2004, James Dhago Onyimbo, Box 381 Kisii",none,"Complaint: Trust Land, Botire and Misesi sub- location Kisii",0
annex_19_complaint_0548,"Trust Land, Suneka Division, Riana Location Kisii",,unknown,public_complaint,School land allocated to individuals.,"23-02-2004, Nicholas Omeke, Box 102, Asumbi",,Nyanza Province,,,2,774,annex_19_complaints_from_the_public.csv,"S/No: 18; Planned user: Mugori Primary School; Case summary: School land allocated to individuals.; Source/complainant: 23-02-2004, Nicholas Omeke, Box 102, Asumbi",none,"Complaint: Trust Land, Suneka Division, Riana Location Kisii",0
annex_19_complaint_0549,"1754 and 777, Trust land, Kisii District",,unknown,public_complaint,"Road reserve, which is an access road to parcel Nos. 786, 787, 1753, 1758, allocated to private developers.","7/10/2003, Nelson O. Oisede, P.O Box 1393 Kisii",,Nyanza Province,,,2,774,annex_19_complaints_from_the_public.csv,"S/No: 19; Planned user: 6 meters x 100 meters, Road reserve; Case summary: Road reserve, which is an access road to parcel Nos. 786, 787, 1753, 1758, allocated to private developers.; Source/complainant: 7/10/2003, Nelson O. Oisede, P.O Box 1393 Kisii",none,"Complaint: 1754 and 777, Trust land, Kisii District",0
annex_19_complaint_0550,"Government Land, Kakamega Highway",,unknown,public_complaint,Road reserve allocated to private developers.,"18/02/04, Odhiambo Okech, P.O. Box 483, Bondo",,Western Province,,,2,775,annex_19_complaints_from_the_public.csv,"S/No: 1; Planned user: Road Reserve; Case summary: Road reserve allocated to private developers.; Source/complainant: 18/02/04, Odhiambo Okech, P.O. Box 483, Bondo",none,"Complaint: Government Land, Kakamega Highway",0
annex_19_complaint_0551,"National Forest, Kakamega District",,unknown,public_complaint,It is alleged by the Residents of Alwosi that the Department of Forests acquired their land without following the laid down procedures of gazettement and de-gazettement of forests.,"1/9/2003, Committee of Residents of Alowosi and Kisaina Farm C.I.D Co-operative, P.O.Box 172, Kaimosi",,Western Province,,,2,775,annex_19_complaints_from_the_public.csv,"S/No: 2; Planned user: Private Land; Case summary: It is alleged by the Residents of Alwosi that the Department of Forests acquired their land without following the laid down procedures of gazettement and de-gazettement of forests.; Source/complainant: 1/9/2003, Committee of Residents of Alowosi and Kisaina Farm C.I.D Co-operative, P.O.Box 172, Kaimosi",none,"Complaint: National Forest, Kakamega District",0
annex_19_complaint_0552,"BU/LR/ 45/51, National Forest, Bungoma District",,unknown,public_complaint,Land was compulsorily acquired by the State for purposes of establishing a forest. It is alleged that this was done without adequate thought of the full implications.,"6/10/2003, Residents of Webuye, Not indicated",,Western Province,,,2,775,annex_19_complaints_from_the_public.csv,"S/No: 3; Planned user: National Forest; Case summary: Land was compulsorily acquired by the State for purposes of establishing a forest. It is alleged that this was done without adequate thought of the full implications.; Source/complainant: 6/10/2003, Residents of Webuye, Not indicated",none,"Complaint: BU/LR/ 45/51, National Forest, Bungoma District",0
annex_19_complaint_0553,"Trust Land, Webuye",,unknown,public_complaint,Public utility plot in an estate allocated to a private developer.,"23-02-2004, Residents of Webuye Site and Service Scheme, Box 436 Webuye",,Western Province,,,2,775,annex_19_complaints_from_the_public.csv,"S/No: 4; Case summary: Public utility plot in an estate allocated to a private developer.; Source/complainant: 23-02-2004, Residents of Webuye Site and Service Scheme, Box 436 Webuye",none,"Complaint: Trust Land, Webuye",0
annex_19_complaint_0554,"Trust Land, Busia, Sio Port Park",,unknown,public_complaint,Public land allocated to individuals.,"23-02-2004, S. Makuda, Box 11 Sio Port, Busia District",,Western Province,,,2,775,annex_19_complaints_from_the_public.csv,"S/No: 5; Case summary: Public land allocated to individuals.; Source/complainant: 23-02-2004, S. Makuda, Box 11 Sio Port, Busia District",none,"Complaint: Trust Land, Busia, Sio Port Park",0
annex_19_complaint_0555,"643, Trust Land, Busia",,unknown,public_complaint,A nursery school has built on a road barring the public from using it.,"23-02-2004, Paul S. Akai, Box 160 Nambale",,Western Province,,,2,775,annex_19_complaints_from_the_public.csv,"S/No: 6; Planned user: Access road; Case summary: A nursery school has built on a road barring the public from using it.; Source/complainant: 23-02-2004, Paul S. Akai, Box 160 Nambale",none,"Complaint: 643, Trust Land, Busia",0
annex_19_complaint_0556,"Forest, Kamulombe",,unknown,public_complaint,Forest land used by the local people for initiation rituals and other aesthetic values allocated to a former Minister.,"6/1/2004, S.S.S Alish,Box 70 Kisasi, Tiriki",,Western Province,,,2,775,annex_19_complaints_from_the_public.csv,"S/No: 7; Planned user: Forest; Case summary: Forest land used by the local people for initiation rituals and other aesthetic values allocated to a former Minister.; Source/complainant: 6/1/2004, S.S.S Alish,Box 70 Kisasi, Tiriki",none,"Complaint: Forest, Kamulombe",0
annex_19_complaint_0557,"Forest, Kamulombe",,unknown,public_complaint,Public land allocated to individuals.,"6/1/2004, S.S.S Alish, Box 70 Kisasi, Tiriki",,Western Province,,,2,775,annex_19_complaints_from_the_public.csv,"S/No: 8; Planned user: Medical Training Centre; Case summary: Public land allocated to individuals.; Source/complainant: 6/1/2004, S.S.S Alish, Box 70 Kisasi, Tiriki",none,"Complaint: Forest, Kamulombe",0
annex_19_complaint_0558,"Trust land, Mandera",,unknown,public_complaint,Public land land allocated to individuals.,"23/02/04, Abdi Haji, P.O Box 352, Mandera",,North Eastern Province,,,2,776,annex_19_complaints_from_the_public.csv,"S/No: 1; Planned user: Jua Kali Artisans; Case summary: Public land land allocated to individuals.; Source/complainant: 23/02/04, Abdi Haji, P.O Box 352, Mandera",none,"Complaint: Trust land, Mandera",0
annex_19_complaint_0559,"Trust land, Garissa",,unknown,public_complaint,Public land land allocated to individuals.,"23/ 04/04, Residents of Garissa Town, Garissa",,North Eastern Province,,,2,776,annex_19_complaints_from_the_public.csv,"S/No: 2; Planned user: Water Supply Perimeter Area; Case summary: Public land land allocated to individuals.; Source/complainant: 23/ 04/04, Residents of Garissa Town, Garissa",none,"Complaint: Trust land, Garissa",0
forest_excision_scheme_0001,Kikuyu Escarpment,,unknown,forest_excision_scheme,Exchange with 58 77 Ha AIC Mission,AIM Kijabe,,"Kikuyu Escarpment, Kiambu, Central",45.33,Uphold the status quo,2,1,annex_01_forest_excisions_with_legal_notices.csv,Legal Notice: 105 of 1973; Purpose: Exchange with 58 77 Ha AIC Mission; Request: African Inland Mission; Status: Fully Occupied; Remarks: The area is settled,none,Kikuyu Escarpment forest excision (LN 105 of 1973),0
forest_excision_scheme_0002,Kikuyu Escarpment,,unknown,forest_excision_scheme,Extension of Sasaumua Dam water tank,City Council,,"Kikuyu Escarpment, Kiambu, Central",0.0297,Uphold the status quo,2,1,annex_01_forest_excisions_with_legal_notices.csv,Legal Notice: 6 of 1970; Purpose: Extension of Sasaumua Dam water tank; Request: Nairobi City Council; Status: Developed; Remarks: The area is occupied,none,Kikuyu Escarpment forest excision (LN 6 of 1970),0
forest_excision_scheme_0003,Kikuyu Escarpment,,unknown,forest_excision_scheme,Sasaumua Dam ext,City Council,,"Kikuyu Escarpment, Nyandarua, Central",9.18,Uphold the status quo,2,1,annex_01_forest_excisions_with_legal_notices.csv,Legal Notice: 241 of 1969; Purpose: Sasaumua Dam ext; Request: Nairobi City Council; Status: Developed; Remarks: The area is occupied,none,Kikuyu Escarpment forest excision (LN 241 of 1969),0
forest_excision_scheme_0004,Aberdare,,unknown,forest_excision_scheme,National Park,Department of Wildlife,,"Aberdare, Murang'a, Central",2751.92,Uphold the status quo,2,1,annex_01_forest_excisions_with_legal_notices.csv,Legal Notice: 171 of 1968; Purpose: National Park; Request: Ministry of Tourism; Status: Developed; Remarks: National Park,none,Aberdare forest excision (LN 171 of 1968),0
forest_excision_scheme_0005,Aberdare,,unknown,forest_excision_scheme,National Park,Department of Wildlife,,"Aberdare, Nyandarua, Central",756.78,Uphold the status quo,2,1,annex_01_forest_excisions_with_legal_notices.csv,Legal Notice: 171 of 1968; Purpose: National Park; Request: Ministry of Tourism; Status: Developed; Remarks: National Park,none,Aberdare forest excision (LN 171 of 1968),0
forest_excision_scheme_0006,Aberdare,,unknown,forest_excision_scheme,National Park,Department of Wildlife,,"Aberdare, Nyeri, Central",15.855 93,Uphold the status quo,2,1,annex_01_forest_excisions_with_legal_notices.csv,Legal Notice: 171 of 1968; Purpose: National Park; Request: Ministry of Tourism; Status: Developed; Remarks: National Park,none,Aberdare forest excision (LN 171 of 1968),0
forest_excision_scheme_0007,Kikuyu Escarpment,,unknown,forest_excision_scheme,For Sawmill Development,Individual,,"Kikuyu Escarpment, Kiambu, Central",27.09,Revoke,2,1,annex_01_forest_excisions_with_legal_notices.csv,Legal Notice: 252 of 1993; Purpose: For Sawmill Development; Request: Uttam Singh Brar; Status: Part of the area under sawmill Other part under horticulture; Remarks: This was an excision for private gain,none,Kikuyu Escarpment forest excision (LN 252 of 1993),0
forest_excision_scheme_0008,Kiambu,,unknown,forest_excision_scheme,Private Development,Individual,,"Kiambu, Kiambu, Central",29.68,Revoke,2,1,annex_01_forest_excisions_with_legal_notices.csv,Legal Notice: 260 of 1995; Purpose: Private Development; Request: Pelican Eng Company; Status: Taken Possesion Illegally; Remarks: This was an excision for private gain Issuance of the title preceeded degazettement,none,Kiambu forest excision (LN 260 of 1995),0
forest_excision_scheme_0009,Mount Kenya,,unknown,forest_excision_scheme,Land Exchange,Individual,,"Hombe, Nyeri, Central",9.413,Uphold the status quo,2,1,annex_01_forest_excisions_with_legal_notices.csv,Legal Notice: 13 of 1976; Purpose: Land Exchange; Request: Mr W A Murigu; Status: Fully Occupied; Remarks: This area is settled,none,Mount Kenya forest excision (LN 13 of 1976),0
forest_excision_scheme_0010,Kiganjo,,unknown,forest_excision_scheme,Elliot s Bakery,Individual,,"Gathiuru, Nyeri, Central",1.103,Uphold the status quo,2,1,annex_01_forest_excisions_with_legal_notices.csv,Legal Notice: 106 of 1977; Purpose: Elliot s Bakery; Request: Individual; Status: Fully Occupied,none,Kiganjo forest excision (LN 106 of 1977),0
forest_excision_scheme_0011,Kikuyu Escarpment,,unknown,forest_excision_scheme,Farming,Mama Ngina Kenyatta,,"Kikuyu Escarpment, Thika, Central",36,Uphold the status quo,2,1,annex_01_forest_excisions_with_legal_notices.csv,Legal Notice: 81 of 1980; Purpose: Farming; Request: Individual; Status: Fully Occupied; Remarks: This was an excision for private gain,none,Kikuyu Escarpment forest excision (LN 81 of 1980),0
forest_excision_scheme_0012,Mount Kenya,,unknown,forest_excision_scheme,To settle people displaced by Kirinyaga Technical,Individuals displaced during expansion of Kirinyaga Tech Institute,,"Kamweti, Kirinyaga, Central",20 43,Uphold the status quo,2,2,annex_01_forest_excisions_with_legal_notices.csv,Legal Notice: 61 of 1977; Purpose: To settle people displaced by Kirinyaga Technical; Request: Ministry of Education; Status: Fully Occupied; Remarks: The area is settled,none,Mount Kenya forest excision (LN 61 of 1977),0
forest_excision_scheme_0013,Nyeri,,unknown,forest_excision_scheme,Kimathi Institute,Institution,,"Nyeri, Nyeri, Central",80 67,Uphold the status quo,2,2,annex_01_forest_excisions_with_legal_notices.csv,Legal Notice: 12 of 1976; Purpose: Kimathi Institute; Request: Ministry of Education; Status: Fully Occupied; Remarks: The area is occupied,none,Nyeri forest excision (LN 12 of 1976),0
forest_excision_scheme_0014,Nyeri Hill,,unknown,forest_excision_scheme,V H F Repeater Station,KBC,,"Nyeri, Nyeri, Central",0 08,Uphold the status quo,2,2,annex_01_forest_excisions_with_legal_notices.csv,Legal Notice: 68 of 1966; Purpose: V H F Repeater Station; Request: Ministry of Information; Status: Fully Occupied; Remarks: The area is occupied,none,Nyeri Hill forest excision (LN 68 of 1966),0
forest_excision_scheme_0015,Kiganjo,,unknown,forest_excision_scheme,Industrial development,KCC,,"Kiganjo, Nyeri, Central",20,Uphold the status quo,2,2,annex_01_forest_excisions_with_legal_notices.csv,Legal Notice: 199 of 1987; Purpose: Industrial development; Request: Commissioner of Lands; Status: Fully Occupied; Remarks: The area is occupied,none,Kiganjo forest excision (LN 199 of 1987),0
forest_excision_scheme_0016,Kikuyu Escarpment,,unknown,forest_excision_scheme,Farming,Mama Ngina Kenyatta,,"Keini, Nyeri, Central",37 85,Revoke,2,2,annex_01_forest_excisions_with_legal_notices.csv,Legal Notice: 54 of 1965; Purpose: Farming; Request: Kenyatta's Family; Status: Fully Occupied; Remarks: This was an excision for private gain,none,Kikuyu Escarpment forest excision (LN 54 of 1965),0
forest_excision_scheme_0017,Mt Kenya,,unknown,forest_excision_scheme,Kangaita Tea Factory,KTDA,,"Kangaita, Kirinyaga, Central",56 25,Uphold the status quo,2,2,annex_01_forest_excisions_with_legal_notices.csv,Legal Notice: 336 of 1965; Purpose: Kangaita Tea Factory; Request: Ministry of Agriculture; Status: Fully Occupied; Remarks: Tea farming is established,none,Mt Kenya forest excision (LN 336 of 1965),0
forest_excision_scheme_0018,Mt Kenya,,unknown,forest_excision_scheme,Kagochi Tea Exp Firm,KTDA,,"Ragati, Nyeri, Central",65 25,Uphold the status quo,2,2,annex_01_forest_excisions_with_legal_notices.csv,Legal Notice: 12 of 1969; Purpose: Kagochi Tea Exp Firm; Request: KTDA; Status: Fully Occupied; Remarks: Tea farming is established,none,Mt Kenya forest excision (LN 12 of 1969),0
forest_excision_scheme_0019,Muguga,,unknown,forest_excision_scheme,Settlement,Landless People,,"Muguga, Kiambu, Central",100 36,Uphold the status quo,2,2,annex_01_forest_excisions_with_legal_notices.csv,Legal Notice: 62 of 1963; Purpose: Settlement; Request: Ministry of Lands; Status: Fully Occupied; Remarks: The are is settled,none,Muguga forest excision (LN 62 of 1963),0
forest_excision_scheme_0020,Kikuyu Escarpment,,unknown,forest_excision_scheme,Lari Settlement,Landless People,,"Up-Lands, Kiambu, Central",240 39,Uphold the status quo,2,2,annex_01_forest_excisions_with_legal_notices.csv,Legal Notice: 273 of 1968; Purpose: Lari Settlement; Request: Ministry of Lands; Status: Fully Occupied; Remarks: The are is settled,none,Kikuyu Escarpment forest excision (LN 273 of 1968),0
forest_excision_scheme_0021,Kikuyu Escarpment,,unknown,forest_excision_scheme,Lari Settlement,Landless People,,"Up-Lands, Kiambu, Central",781 06,Uphold the status quo,2,2,annex_01_forest_excisions_with_legal_notices.csv,Legal Notice: 273 of 1968; Purpose: Lari Settlement; Request: Ministry of Lands; Status: Fully Occupied; Remarks: The are is settled,none,Kikuyu Escarpment forest excision (LN 273 of 1968),0
forest_excision_scheme_0022,Muguga,,unknown,forest_excision_scheme,Muguga Jet Scheme,Landless People,,"Muguga, Kiambu, Central",991 1,Uphold the status quo,2,2,annex_01_forest_excisions_with_legal_notices.csv,Legal Notice: 73 of 1975; Purpose: Muguga Jet Scheme; Request: Ministry of Lands; Status: Fully Occupied; Remarks: The are is settled,none,Muguga forest excision (LN 73 of 1975),0
forest_excision_scheme_0023,Kikuyu Escarpment,,unknown,forest_excision_scheme,Settlement at Kinale/Kamae area,Landless People,,"Kinare, Kiambu, Central",3.522 70,Uphold the status quo but exclude ecologically sensitive areas,2,2,annex_01_forest_excisions_with_legal_notices.csv,Legal Notice: 10 of 1988; Purpose: Settlement at Kinale/Kamae area; Request: Commissioner of Lands; Status: Fully Occupied; Remarks: The are is settled,none,Kikuyu Escarpment forest excision (LN 10 of 1988),0
forest_excision_scheme_0024,Mount Kenya,,unknown,forest_excision_scheme,Kangaita Tea Factory,KTDA,,"Kangaita, Kirinyaga, Central",186.5,Uphold the status quo,2,3,annex_01_forest_excisions_with_legal_notices.csv,Legal Notice: 11 of 1976; Purpose: Kangaita Tea Factory; Request: KTDA; Status: Fully Occupied; Remarks: Tea Farming Established,none,Mount Kenya forest excision (LN 11 of 1976),0
forest_excision_scheme_0025,Leshau,,unknown,forest_excision_scheme,Excision for settlement,Landless People,,"Leshau, Nyandarua, Central",194 7,Uphold the status quo but exclude ecologically sensitive areas,2,3,annex_01_forest_excisions_with_legal_notices.csv,Legal Notice: 346 of 1993; Purpose: Excision for settlement; Request: P C Central; Status: Taken Possesion; Remarks: The are is settled,none,Leshau forest excision (LN 346 of 1993),0
forest_excision_scheme_0026,Chieni,,unknown,forest_excision_scheme,Chieni Settlement,Landless People,,"Chieni, Nyeri, Central",615 94,Uphold the status quo,2,3,annex_01_forest_excisions_with_legal_notices.csv,Legal Notice: 135 of 1966; Purpose: Chieni Settlement; Request: Ministry of Lands; Status: Fully Occupied; Remarks: The are is settled,none,Chieni forest excision (LN 135 of 1966),0
forest_excision_scheme_0027,Mt Kenya,,unknown,forest_excision_scheme,Sagana Settlement,Landless People,,"Hombe, Nyeri, Central",485.63,Uphold the status quo,2,3,annex_01_forest_excisions_with_legal_notices.csv,Legal Notice: 226 of 1967; Purpose: Sagana Settlement; Request: Ministry of Lands; Status: Fully Occupied; Remarks: The are is settled,none,Mt Kenya forest excision (LN 226 of 1967),0
forest_excision_scheme_0028,Mt Kenya,,unknown,forest_excision_scheme,Warazo Settlement,Landless People,,"Hombe, Nyeri, Central",946 99,Uphold the status quo,2,3,annex_01_forest_excisions_with_legal_notices.csv,Legal Notice: 309 of 1968; Purpose: Warazo Settlement; Request: Ministry of Lands; Status: Fully Occupied; Remarks: The are is settled,none,Mt Kenya forest excision (LN 309 of 1968),0
forest_excision_scheme_0029,Aberdare,,unknown,forest_excision_scheme,Extension of Charity excision,Landless People,,"Zaina, Nyeri, Central",344 4,Uphold the status quo,2,3,annex_01_forest_excisions_with_legal_notices.csv,Legal Notice: 168 of 1982; Purpose: Extension of Charity excision; Request: Commissioner of Lands; Status: Fully Occupied; Remarks: The are is settled,none,Aberdare forest excision (LN 168 of 1982),0
forest_excision_scheme_0030,Kikuyu Escarpment,,unknown,forest_excision_scheme,For farming on Exchange basis,Mama Ngina Kenyatta,,"Kieni, Kiambu, Central",33 99,Revoke,2,3,annex_01_forest_excisions_with_legal_notices.csv,Legal Notice: 345 of 1993; Purpose: For farming on Exchange basis; Request: Mama Ngina Kenyatta; Status: Taken Possesion; Remarks: This was an excision for private gain,none,Kikuyu Escarpment forest excision (LN 345 of 1993),0
forest_excision_scheme_0031,Kikuyu Escarpment,,unknown,forest_excision_scheme,Kagaa Tea Nursery,MOA,,"Up Lands, Kiambu, Central",14 77,Uphold the status quo,2,3,annex_01_forest_excisions_with_legal_notices.csv,Legal Notice: 63 of 1963; Purpose: Kagaa Tea Nursery; Request: Ministry of Agriculture; Status: Fully Occupied; Remarks: The are is settled,none,Kikuyu Escarpment forest excision (LN 63 of 1963),0
forest_excision_scheme_0032,Kiambu,,unknown,forest_excision_scheme,Farming,Mr Bedan Mbugua,,"Kiambu, Kiambu, Central",25,Revoke,2,3,annex_01_forest_excisions_with_legal_notices.csv,Legal Notice: 56 of 1999; Purpose: Farming; Request: Webeso Dev; Status: Taken Possesion EIA not done; Remarks: This was an excision for private gain,none,Kiambu forest excision (LN 56 of 1999),0
forest_excision_scheme_0033,Aberdare,,unknown,forest_excision_scheme,Ndaragua Trading Centre,Nyandarua County Council,,"Ndaragwa, Nyandarua, Central",2.773,Uphold the status quo,2,3,annex_01_forest_excisions_with_legal_notices.csv,Legal Notice: 208 of 1977; Purpose: Ndaragua Trading Centre; Request: Nyandarua County Council; Status: Fully Occupied; Remarks: The are is settled,none,Aberdare forest excision (LN 208 of 1977),0
forest_excision_scheme_0034,Marenje,,unknown,forest_excision_scheme,Settlement,Landless People,,"Kwale, Kwale, Coast","1,473.09",Uphold the status quo,2,3,annex_01_forest_excisions_with_legal_notices.csv,Legal Notice: 50 of 1967; Purpose: Settlement; Request: Ministry of Lands; Status: Fully Occupied; Remarks: The are is settled,none,Marenje forest excision (LN 50 of 1967),0
forest_excision_scheme_0035,Mt Kenya,,unknown,forest_excision_scheme,National Park,Department of Wildlife,,"Meru, Meru Central, Eastern","10,552 26",Uphold the status quo,2,3,annex_01_forest_excisions_with_legal_notices.csv,Legal Notice: 182 of 1968; Purpose: National Park; Request: Ministry of Tourism; Remarks: National Park,none,Mt Kenya forest excision (LN 182 of 1968),0
forest_excision_scheme_0036,Mt Kenya,,unknown,forest_excision_scheme,National Park,Department of Wildlife,,"Meru, Meru Central, Eastern","1,052.21",Uphold the status quo,2,3,annex_01_forest_excisions_with_legal_notices.csv,Legal Notice: 183 of 1968; Purpose: National Park; Request: Ministry of Tourism; Remarks: National Park,none,Mt Kenya forest excision (LN 183 of 1968),0
forest_excision_scheme_0037,Mt Kenya,,unknown,forest_excision_scheme,National Park,Department of Wildlife,,"Meru, Meru Central, Eastern","1,072.44",Uphold the status quo,2,3,annex_01_forest_excisions_with_legal_notices.csv,Legal Notice: 183 of 1968; Purpose: National Park; Request: Ministry of Tourism; Remarks: National Park,none,Mt Kenya forest excision (LN 183 of 1968),0
forest_excision_scheme_0038,Kibwezi,,unknown,forest_excision_scheme,Motel Petrol Station,Individual,,"Kibwezi, Makueni, Eastern",3.27,Revoke,2,3,annex_01_forest_excisions_with_legal_notices.csv,Legal Notice: 335 of 1968; Purpose: Motel Petrol Station; Request: Messrs Kongoni; Status: Fully Occupied; Remarks: This was an excision for private gain,none,Kibwezi forest excision (LN 335 of 1968),0
forest_excision_scheme_0039,Kibwezi,,unknown,forest_excision_scheme,BP Petrol Station,Individual,,"Kibwezi, Makueni, Eastern",2.53,Revoke,2,4,annex_01_forest_excisions_with_legal_notices.csv,Legal Notice: 188 of 1970; Purpose: BP Petrol Station; Request: Not known; Status: Fully Occupied; Remarks: This was an excision for private gain,none,Kibwezi forest excision (LN 188 of 1970),0
forest_excision_scheme_0040,Mount Kenya,,unknown,forest_excision_scheme,Angaine's farm,Hon J H Angaine,,"Ontulili, Meru Central, Eastern",384.1,Revoke,2,4,annex_01_forest_excisions_with_legal_notices.csv,Legal Notice: 68 of 1975; Purpose: Angaine's farm; Request: Hon J H Angaine; Status: Fully Occupied; Remarks: This was an excision for private gain,none,Mount Kenya forest excision (LN 68 of 1975),0
forest_excision_scheme_0041,Mount Kenya,,unknown,forest_excision_scheme,Mr Angaine's farm,Individual,,"Ontulili, Meru Central, Eastern",546.2,Revoke,2,4,annex_01_forest_excisions_with_legal_notices.csv,Legal Notice: 107 of 1977; Purpose: Mr Angaine's farm; Request: Mr Angaine; Status: Fully Occupied; Remarks: This was an excision for private gain,none,Mount Kenya forest excision (LN 107 of 1977),0
forest_excision_scheme_0042,Upper Imenti,,unknown,forest_excision_scheme,Private Development,Individual,,"Meru, Meru Central, Eastern",0.3629,Revoke,2,4,annex_01_forest_excisions_with_legal_notices.csv,Legal Notice: 51 of 1999; Purpose: Private Development; Request: Individual; Status: Taken possession; Remarks: This was an excision for private gain,none,Upper Imenti forest excision (LN 51 of 1999),0
forest_excision_scheme_0043,Lower Imenti,,unknown,forest_excision_scheme,Settlement,Individual,,"Meru, Meru Central, Eastern",33.18,Revoke,2,4,annex_01_forest_excisions_with_legal_notices.csv,Legal Notice: 221 of 1967; Purpose: Settlement; Request: Ministry of lands; Status: Fully Occupied; Remarks: This was an excision for private gain,none,Lower Imenti forest excision (LN 221 of 1967),0
forest_excision_scheme_0044,Nyambene,,unknown,forest_excision_scheme,Settlement,Individual,,"Nyambene, Meru North, Eastern",11.33,Revoke,2,4,annex_01_forest_excisions_with_legal_notices.csv,Legal Notice: 59 of 1968; Purpose: Settlement; Request: Ministry of lands; Status: Fully Occupied; Remarks: This was an excision for private gain,none,Nyambene forest excision (LN 59 of 1968),0
forest_excision_scheme_0045,Nyambene,,unknown,forest_excision_scheme,Settlement,Individual,,"Nyambene, Meru North, Eastern",25.49,Revoke,2,4,annex_01_forest_excisions_with_legal_notices.csv,Legal Notice: 59 of 1968; Purpose: Settlement; Request: Ministry of lands; Status: Fully Occupied; Remarks: This was an excision for private gain,none,Nyambene forest excision (LN 59 of 1968),0
forest_excision_scheme_0046,Meru,,unknown,forest_excision_scheme,Housing,Kenya Re,,"Meru, Meru Central, Eastern",12.14,Revoke,2,4,annex_01_forest_excisions_with_legal_notices.csv,Legal Notice: 106 of 1998; Purpose: Housing; Request: Kenya Re; Status: Taken possession; Remarks: This was an excision for private gain,none,Meru forest excision (LN 106 of 1998),0
forest_excision_scheme_0047,Kibwezi,,unknown,forest_excision_scheme,Add to Motel Petrol Station,Kongoni Motel,,"Kibwezi, Makueni, Eastern",3.69,Revoke,2,4,annex_01_forest_excisions_with_legal_notices.csv,Legal Notice: 13 of 1970; Purpose: Add to Motel Petrol Station; Request: Messrs Kongoni Motels; Status: Fully Occupied; Remarks: This was an excision for private gain,none,Kibwezi forest excision (LN 13 of 1970),0
forest_excision_scheme_0048,Mount Kenya,,unknown,forest_excision_scheme,Ontulili Settlement,Landless People,,"Ontulili, Meru Central, Eastern",195.9,uphold the status quo,2,4,annex_01_forest_excisions_with_legal_notices.csv,Legal Notice: 222 of 1977; Purpose: Ontulili Settlement; Request: Ministry of Lands; Status: Fully Occupied; Remarks: The area is settled,none,Mount Kenya forest excision (LN 222 of 1977),0
forest_excision_scheme_0049,Upper Imenti,,unknown,forest_excision_scheme,Ngonga Settlement,Landless People,,"Meru, Meru Central, Eastern",209.22,uphold the status quo,2,4,annex_01_forest_excisions_with_legal_notices.csv,Legal Notice: 220 of 1967; Purpose: Ngonga Settlement; Request: Ministry of Lands; Status: Fully Occupied; Remarks: The area is settled,none,Upper Imenti forest excision (LN 220 of 1967),0
forest_excision_scheme_0050,Upper Imenti,,unknown,forest_excision_scheme,Gathuini Settlement,Landless People,,"Meru, Meru Central, Eastern",219.74,uphold the status quo,2,4,annex_01_forest_excisions_with_legal_notices.csv,Legal Notice: 222 of 1967; Purpose: Gathuini Settlement; Request: Ministry of Lands; Status: Fully Occupied; Remarks: The area is settled,none,Upper Imenti forest excision (LN 222 of 1967),0
forest_excision_scheme_0051,Upper Imenti,,unknown,forest_excision_scheme,Thege Settlement,Landless People,,"Meru, Meru Central, Eastern",250.91,uphold the status quo,2,4,annex_01_forest_excisions_with_legal_notices.csv,Legal Notice: 223 of 1967; Purpose: Thege Settlement; Request: Ministry of Lands; Status: Fully Occupied; Remarks: The area is settled,none,Upper Imenti forest excision (LN 223 of 1967),0
forest_excision_scheme_0052,Upper Imenti,,unknown,forest_excision_scheme,Nchoro Settlement,Landless People,,"Meru, Meru Central, Eastern",64.75,uphold the status quo,2,4,annex_01_forest_excisions_with_legal_notices.csv,Legal Notice: 223 of 1967; Purpose: Nchoro Settlement; Request: Ministry of Lands; Status: Fully Occupied; Remarks: The area is settled,none,Upper Imenti forest excision (LN 223 of 1967),0
forest_excision_scheme_0053,Upper Imenti,,unknown,forest_excision_scheme,Ruiri Settlement,Landless People,,"Meru, Meru Central, Eastern",390.53,uphold the status quo,2,4,annex_01_forest_excisions_with_legal_notices.csv,Legal Notice: 76 of 1968; Purpose: Ruiri Settlement; Request: Ministry of Lands; Status: Fully Occupied; Remarks: The area is settled,none,Upper Imenti forest excision (LN 76 of 1968),0
forest_excision_scheme_0054,Upper Imenti,,unknown,forest_excision_scheme,Kithoka Settlement,Landless People,,"Meru, Meru Central, Eastern",22.66,uphold the status quo,2,4,annex_01_forest_excisions_with_legal_notices.csv,Legal Notice: 76 of 1968; Purpose: Kithoka Settlement; Request: Ministry of Lands; Status: Fully Occupied; Remarks: The area is settled,none,Upper Imenti forest excision (LN 76 of 1968),0
forest_excision_scheme_0055,Upper Imenti,,unknown,forest_excision_scheme,Kithoka Settlement,Landless People,,"Meru, Meru Central, Eastern",35.21,uphold the status quo,2,5,annex_01_forest_excisions_with_legal_notices.csv,Legal Notice: 76 of 1968; Purpose: Kithoka Settlement; Request: Ministry of Lands; Status: Fully Occupied; Remarks: The area is settled,none,Upper Imenti forest excision (LN 76 of 1968),0
forest_excision_scheme_0056,Nyambene,,unknown,forest_excision_scheme,Settlement,Landless People,,"Nyambene, Meru North, Eastern",205.18,uphold the status quo,2,5,annex_01_forest_excisions_with_legal_notices.csv,Legal Notice: 185 of 1963; Purpose: Settlement; Request: Ministry of Lands; Status: Fully Occupied; Remarks: The area is settled,none,Nyambene forest excision (LN 185 of 1963),0
forest_excision_scheme_0057,Nyambene,,unknown,forest_excision_scheme,Settlement,Landless People,,"Nyambene, Meru North, Eastern",56.65,uphold the status quo,2,5,annex_01_forest_excisions_with_legal_notices.csv,Legal Notice: 224 of 1967; Purpose: Settlement; Request: Ministry of Lands; Status: Fully Occupied; Remarks: The area is settled,none,Nyambene forest excision (LN 224 of 1967),0
forest_excision_scheme_0058,Nyambene,,unknown,forest_excision_scheme,Settlement,Landless People,,"Nyambene, Meru North, Eastern",115.34,uphold the status quo,2,5,annex_01_forest_excisions_with_legal_notices.csv,Legal Notice: 224 of 1967; Purpose: Settlement; Request: Ministry of Lands; Status: Fully Occupied; Remarks: The area is settled,none,Nyambene forest excision (LN 224 of 1967),0
forest_excision_scheme_0059,Kilungu,,unknown,forest_excision_scheme,Construction of a school.,Salvation Army Primary School,,"Kilungu, Machakos, Eastern",1.268,uphold the status quo,2,5,annex_01_forest_excisions_with_legal_notices.csv,Legal Notice: 83 of 1977; Purpose: Construction of a school.; Request: Salvation Army P School; Status: Fully Occupied; Remarks: The area is occupied,none,Kilungu forest excision (LN 83 of 1977),0
forest_excision_scheme_0060,Mt Kenya,,unknown,forest_excision_scheme,Settlement,Squatters,,"Ontulili, Meru Central, Eastern",796.04,"Review to authenticate the beneficiaries, who should move to Sirimon and leave Nguisishi for reforestation",2,5,annex_01_forest_excisions_with_legal_notices.csv,Legal Notice: 29 of 2001; Purpose: Settlement; Request: Relocation of Nguishi Forest squatters to Sirimon; Status: Partially occupied EIA not done.; Remarks: The area is settled,none,Mt Kenya forest excision (LN 29 of 2001),0
forest_excision_scheme_0061,Ngong Road Forest,,unknown,forest_excision_scheme,ASK Show Ground,ASK,,"Ngong, Nairobi, Nairobi",118.4,uphold the status quo,2,5,annex_01_forest_excisions_with_legal_notices.csv,Legal Notice: 208 of 1971; Purpose: ASK Show Ground; Request: Ministry of Agriculture; Status: Fully Occupied; Remarks: The area is occupied,none,Ngong Road Forest forest excision (LN 208 of 1971),0
forest_excision_scheme_0062,Ngong Road,,unknown,forest_excision_scheme,City Council depot,City Council,,"Ngong, Nairobi, Nairobi",17.6,uphold the status quo,2,5,annex_01_forest_excisions_with_legal_notices.csv,Legal Notice: 240 of 1969; Purpose: City Council depot; Request: Nairobi City Council; Status: Fully Occupied; Remarks: The area is occupied,none,Ngong Road forest excision (LN 240 of 1969),0
forest_excision_scheme_0063,Karura,,unknown,forest_excision_scheme,ICRAF Site,ICRAF,,"Karura, Nairobi, Nairobi",2.783,uphold the status quo,2,5,annex_01_forest_excisions_with_legal_notices.csv,Legal Notice: 310 of 1986; Purpose: ICRAF Site; Request: Commissioner of Lands; Status: Taken possession; Remarks: The area is occupied,none,Karura forest excision (LN 310 of 1986),0
forest_excision_scheme_0064,Ngong Road,,unknown,forest_excision_scheme,Forest excision (scheme-level finding),S M Githungu,,"Ngong, Nairobi, Nairobi",3.742,Revoke,2,5,annex_01_forest_excisions_with_legal_notices.csv,Legal Notice: 3 of 1978; Request: Individual; Status: Fully Occupied; Remarks: This was an excision for private gain,none,Ngong Road forest excision (LN 3 of 1978),0
forest_excision_scheme_0065,Karura,,unknown,forest_excision_scheme,Urban development on Exchange,Individual/Forest Department,,"Karura, Nairobi, Nairobi",5.9,Revoke,2,5,annex_01_forest_excisions_with_legal_notices.csv,Legal Notice: 301 of 1993; Purpose: Urban development on Exchange; Request: Joreth Ltd; Status: Taken possession; Remarks: This was an excision for private gain,none,Karura forest excision (LN 301 of 1993),0
forest_excision_scheme_0066,Ngong Road,,unknown,forest_excision_scheme,Substation,K PLC,,"Ngong, Nairobi, Nairobi",0.3716,uphold the status quo.,2,5,annex_01_forest_excisions_with_legal_notices.csv,Legal Notice: 51 of 1978; Purpose: Substation; Request: E A P & LC; Status: Fully Occupied; Remarks: The area is occupied.,none,Ngong Road forest excision (LN 51 of 1978),0
forest_excision_scheme_0067,Ngong Road,,unknown,forest_excision_scheme,KPLC Wind Station,KPLC,,"Ngong, Nairobi, Nairobi",0.37,uphold the status quo,2,6,annex_01_forest_excisions_with_legal_notices.csv,Legal Notice: 31 of 1967; Purpose: KPLC Wind Station; Request: KPLC; Status: Fully Occupied; Remarks: The area is occupied,none,Ngong Road forest excision (LN 31 of 1967),0
forest_excision_scheme_0068,Dagoretti,,unknown,forest_excision_scheme,Settlement,Landless People,,"Dagoretti, Nairobi, Nairobi",117.4,uphold the status quo,2,6,annex_01_forest_excisions_with_legal_notices.csv,Legal Notice: 123 of 1979; Purpose: Settlement; Request: Ministry of Lands; Status: Fully Occupied; Remarks: The area is settled,none,Dagoretti forest excision (LN 123 of 1979),0
forest_excision_scheme_0069,Ngong Road,,unknown,forest_excision_scheme,Hockey Pitch,Lenana High School,,"Ngong, Nairobi, Nairobi",0.77,uphold the status quo,2,6,annex_01_forest_excisions_with_legal_notices.csv,Legal Notice: 261 of 1966; Purpose: Hockey Pitch; Request: Duke of York School; Status: Fully Occupied; Remarks: The area is occupied,none,Ngong Road forest excision (LN 261 of 1966),0
forest_excision_scheme_0070,Ngong Road Forest,,unknown,forest_excision_scheme,Extension of Met Station,Meteorological Department,,"Ngong, Nairobi, Nairobi",9.44,uphold the status quo,2,6,annex_01_forest_excisions_with_legal_notices.csv,Legal Notice: 35 of 1966; Purpose: Extension of Met Station; Request: Meteorological Department; Status: Fully Occupied; Remarks: The area is occupied,none,Ngong Road Forest forest excision (LN 35 of 1966),0
forest_excision_scheme_0071,Ngong Road Forest,,unknown,forest_excision_scheme,Kenya Science Teachers College,Ministry of Education,,"Ngong, Nairobi, Nairobi",26.31,uphold the status quo,2,6,annex_01_forest_excisions_with_legal_notices.csv,Legal Notice: 18 of 1966; Purpose: Kenya Science Teachers College; Request: Ministry of Education; Status: Fully Occupied; Remarks: The area is occupied,none,Ngong Road Forest forest excision (LN 18 of 1966),0
forest_excision_scheme_0072,Ngong Road Forest,,unknown,forest_excision_scheme,Nairobi War Cemetery,Nairobi City Council,,"Ngong, Nairobi, Nairobi",4.48,uphold the status quo,2,6,annex_01_forest_excisions_with_legal_notices.csv,Legal Notice: 46 of 1965; Purpose: Nairobi War Cemetery; Request: Commissioner of Lands; Status: Fully Occupied; Remarks: The area is occupied,none,Ngong Road Forest forest excision (LN 46 of 1965),0
forest_excision_scheme_0073,Ngong,,unknown,forest_excision_scheme,Not in record,Not in Record,,"Ngong, Nairobi, Nairobi",82,Revoke,2,6,annex_01_forest_excisions_with_legal_notices.csv,Legal Notice: 79 of 1997; Purpose: Not in record; Request: Not in Record; Status: Taken possession; Remarks: The area was fraudulently excised as a gazette notice was not published. The area is still forest.,none,Ngong forest excision (LN 79 of 1997),0
forest_excision_scheme_0074,Karura,,unknown,forest_excision_scheme,Not in record,Not in Record,,"Karura, Nairobi, Nairobi",85,Revoke,2,6,annex_01_forest_excisions_with_legal_notices.csv,Legal Notice: 97 of 1997; Purpose: Not in record; Request: Not in Record; Status: Taken possession; Remarks: The area was fraudulently excised as a gazette notice was not published. The area is still forest.,none,Karura forest excision (LN 97 of 1997),0
forest_excision_scheme_0075,Ngong,,unknown,forest_excision_scheme,Not in record,Not in Record,,"Ngong, Nairobi, Nairobi",53.68,Revoke,2,6,annex_01_forest_excisions_with_legal_notices.csv,Legal Notice: 44 of 1998; Purpose: Not in record; Request: Not in Record; Status: Taken possession; Remarks: This was an excision for private gain,none,Ngong forest excision (LN 44 of 1998),0
forest_excision_scheme_0076,Longonot,,unknown,forest_excision_scheme,National Park,Department of Wildlife,,"Longonot, Nakuru, Rift Valley",4773.50,uphold the status quo,2,6,annex_01_forest_excisions_with_legal_notices.csv,Legal Notice: 123 of 1985; Purpose: National Park; Request: Ministry of Tourism; Status: Taken possession; Remarks: National park.,none,Longonot forest excision (LN 123 of 1985),0
forest_excision_scheme_0077,Lake Nakuru,,unknown,forest_excision_scheme,National Park,Department of Wildlife,,"Nakuru, Nakuru, Rift Valley",11210.00,uphold the status quo,2,6,annex_01_forest_excisions_with_legal_notices.csv,Legal Notice: 185 of 1972; Purpose: National Park; Request: Ministry of Tourism; Status: Taken possession; Remarks: National park.,none,Lake Nakuru forest excision (LN 185 of 1972),0
forest_excision_scheme_0078,Mt Elgon,,unknown,forest_excision_scheme,National Park,Department of Wildlife,,"Kimothon, Trans Nzoia, Rift Valley",16916.23,uphold the status quo,2,6,annex_01_forest_excisions_with_legal_notices.csv,Legal Notice: 111 of 1968; Purpose: National Park; Request: Ministry of Tourism; Status: Fully Occupied; Remarks: National park,none,Mt Elgon forest excision (LN 111 of 1968),0
forest_excision_scheme_0079,Eastern Mau,,unknown,forest_excision_scheme,Extension of Elburgon Township,Elburgon Urban Council,,"Elburgon, Nakuru, Rift Valley",39.64,uphold the status quo,2,7,annex_01_forest_excisions_with_legal_notices.csv,Legal Notice: 121 of 1978; Purpose: Extension of Elburgon Township; Request: Ministry of Lands; Status: Fully Occupied; Remarks: The area is settled,none,Eastern Mau forest excision (LN 121 of 1978),0
forest_excision_scheme_0080,South Western Mau,,unknown,forest_excision_scheme,Tea Research Institute,Exchange,,"Kericho, Kericho, Rift Valley",128.5,uphold the status quo,2,7,annex_01_forest_excisions_with_legal_notices.csv,Legal Notice: 74 of 1977; Purpose: Tea Research Institute; Request: Exchange with Kenya Tea Research; Status: Fully Occupied; Remarks: The area is occupied,none,South Western Mau forest excision (LN 74 of 1977),0
forest_excision_scheme_0081,Marop,,unknown,forest_excision_scheme,Church,Full Gospel,,"Marop, Baringo, Rift Valley",1.78,uphold the status quo,2,7,annex_01_forest_excisions_with_legal_notices.csv,Legal Notice: 302 of 1995; Purpose: Church; Request: Full Gospel; Status: Fully Occupied; Remarks: The area is occupied,none,Marop forest excision (LN 302 of 1995),0
forest_excision_scheme_0082,Kaptagat,,unknown,forest_excision_scheme,For a school & other amenities,Hon Nicholas Kiprono Biwott,,"Kaptagat, Elgeyo Marakwet, Rift Valley",161.5,Revoke,2,7,annex_01_forest_excisions_with_legal_notices.csv,Legal Notice: 384 of 1994; Purpose: For a school & other amenities; Request: DC Iten; Status: Partly occupied; Remarks: This was an excision for private gain,none,Kaptagat forest excision (LN 384 of 1994),0
forest_excision_scheme_0083,Maji Mazuri,,unknown,forest_excision_scheme,Settlement,Individual,,"Maji Mazuri, Baringo, Rift Valley",9.8,Revoke,2,7,annex_01_forest_excisions_with_legal_notices.csv,Legal Notice: 490 of 1991; Purpose: Settlement; Request: Mr P Barnett; Status: Fully Occupied; Remarks: This was an excision for private gain,none,Maji Mazuri forest excision (LN 490 of 1991),0
forest_excision_scheme_0084,Katimok,,unknown,forest_excision_scheme,Sawmill,Individual,,"Katimok, Baringo, Rift Valley",3.7,Revoke,2,7,annex_01_forest_excisions_with_legal_notices.csv,Legal Notice: 355 of 1995; Purpose: Sawmill; Request: Kabarak Farm; Status: Taken possession,none,Katimok forest excision (LN 355 of 1995),0
forest_excision_scheme_0085,Katimok,,unknown,forest_excision_scheme,Petrol Station,Individual,,"Katimok, Baringo, Rift Valley",0.76,Revoke,2,7,annex_01_forest_excisions_with_legal_notices.csv,Legal Notice: 355 of 1995; Purpose: Petrol Station; Request: Owner of petrol; Status: Taken possession; Remarks: This was an excision for private gain,none,Katimok forest excision (LN 355 of 1995),0
forest_excision_scheme_0086,Katimok,,unknown,forest_excision_scheme,Exchange with an individual land used by a school,Individual,,"Katimok, Baringo, Rift Valley",6.749,uphold the status quo,2,7,annex_01_forest_excisions_with_legal_notices.csv,Legal Notice: 17 of 1989; Purpose: Exchange with an individual land used by a school; Status: Fully Occupied; Remarks: The area is settled,none,Katimok forest excision (LN 17 of 1989),0
forest_excision_scheme_0087,Kapchemutwa,,unknown,forest_excision_scheme,Settlement,Individual,,"Elgeyo, Keiyo, Rift Valley",35.2,Revoke,2,7,annex_01_forest_excisions_with_legal_notices.csv,Legal Notice: 56 of 1968; Purpose: Settlement; Request: Ministry of lands; Status: Fully Occupied; Remarks: This was an excision for private gain,none,Kapchemutwa forest excision (LN 56 of 1968),0
forest_excision_scheme_0088,Kapchemutwa,,unknown,forest_excision_scheme,Settlement,Individual,,"Elgeyo, Keiyo, Rift Valley",7.77,Revoke,2,7,annex_01_forest_excisions_with_legal_notices.csv,Legal Notice: 56 of 1968; Purpose: Settlement; Request: Ministry of lands; Status: Fully Occupied; Remarks: This was an excision for private gain,none,Kapchemutwa forest excision (LN 56 of 1968),0
forest_excision_scheme_0089,Kapchemutwa,,unknown,forest_excision_scheme,Settlement,Individual,,"Elgeyo, Keiyo, Rift Valley",6.88,Revoke,2,7,annex_01_forest_excisions_with_legal_notices.csv,Legal Notice: 56 of 1968; Purpose: Settlement; Request: Ministry of lands; Status: Fully Occupied; Remarks: This was an excision for private gain,none,Kapchemutwa forest excision (LN 56 of 1968),0
forest_excision_scheme_0090,Western Mau,,unknown,forest_excision_scheme,Farming,Individual,,"Kencho, Kericho, Rift Valley",7.88,Revoke,2,7,annex_01_forest_excisions_with_legal_notices.csv,Legal Notice: 207 of 1971; Purpose: Farming; Request: Commissioner of Lands; Status: Fully Occupied; Remarks: The area is settled,none,Western Mau forest excision (LN 207 of 1971),0
forest_excision_scheme_0091,Ol Arabel,,unknown,forest_excision_scheme,Settlement,Landless,,"Mchongoi, Laikipia, Rift Valley",618.1,uphold the status quo.,2,7,annex_01_forest_excisions_with_legal_notices.csv,Legal Notice: 7 of 1982; Purpose: Settlement; Request: Ministry of Lands; Status: Fully Occupied; Remarks: The area is settled,none,Ol Arabel forest excision (LN 7 of 1982),0
forest_excision_scheme_0092,Uaso Narok,,unknown,forest_excision_scheme,Individual allotment,Individual,,"Uaso Narok, Laikipia, Rift Valley",12.44,Revoke,2,7,annex_01_forest_excisions_with_legal_notices.csv,Legal Notice: 6 of 1987; Purpose: Individual allotment; Request: Individual; Status: Taken possession; Remarks: This was an excision for private gain,none,Uaso Narok forest excision (LN 6 of 1987),0
forest_excision_scheme_0093,Marmanet,,unknown,forest_excision_scheme,Exchange for forestry,Individual,,"Marmanet, Laikipia, Rift Valley",45.6,Revoke,2,8,annex_01_forest_excisions_with_legal_notices.csv,Legal Notice: 343 of 1993; Purpose: Exchange for forestry; Request: Mr Mwen; Status: Taken possession; Remarks: This was an excision for private gain,none,Marmanet forest excision (LN 343 of 1993),0
forest_excision_scheme_0094,Kapchemutwa,,unknown,forest_excision_scheme,For farming,Individual,,"Elgeyo, Marakwet, Rift Valley",9.05,Revoke,2,8,annex_01_forest_excisions_with_legal_notices.csv,Legal Notice: 493 of 1994; Purpose: For farming; Request: Peter Kibet Chesire; Status: Taken possession; Remarks: This was an excision for private gain,none,Kapchemutwa forest excision (LN 493 of 1994),0
forest_excision_scheme_0095,Mt Londiani,,unknown,forest_excision_scheme,Settlement,Individual,,"Elburgon, Nakuru, Rift Valley",44.92,uphold the status quo,2,8,annex_01_forest_excisions_with_legal_notices.csv,Legal Notice: 198 of 1967; Purpose: Settlement; Request: Individual request; Status: Fully Occupied; Remarks: The area is settled,none,Mt Londiani forest excision (LN 198 of 1967),0
forest_excision_scheme_0096,South Western Mau,,unknown,forest_excision_scheme,Farming,Individual,,"Kericho, Nakuru, Rift Valley",0.853,Revoke,2,8,annex_01_forest_excisions_with_legal_notices.csv,Legal Notice: 169 of 1971; Purpose: Farming; Request: Commissioner of Lands; Status: Fully Occupied; Remarks: This was an excision for private gain,none,South Western Mau forest excision (LN 169 of 1971),0
forest_excision_scheme_0097,Eastern Mau,,unknown,forest_excision_scheme,Extension of Township,Individual,,"Elburgon, Nakuru, Rift Valley",12.42,uphold the status quo,2,8,annex_01_forest_excisions_with_legal_notices.csv,Legal Notice: 83 of 1976; Purpose: Extension of Township; Request: Ministry of Lands; Status: Fully Occupied; Remarks: The area is settled,none,Eastern Mau forest excision (LN 83 of 1976),0
forest_excision_scheme_0098,South Western Mau,,unknown,forest_excision_scheme,Individual allotment,Individual,,"Keringet, Nakuru, Rift Valley",8.018,Revoke,2,8,annex_01_forest_excisions_with_legal_notices.csv,Legal Notice: 37 of 1989; Purpose: Individual allotment; Status: Fully Occupied; Remarks: This was an excision for private gain,none,South Western Mau forest excision (LN 37 of 1989),0
forest_excision_scheme_0099,North Nandi,,unknown,forest_excision_scheme,Settlement,Individuals,,"North Nandi, Nandi, Rift Valley",27.51,uphold the status quo,2,8,annex_01_forest_excisions_with_legal_notices.csv,Legal Notice: 259 of 1967; Purpose: Settlement; Request: Ministry of Lands; Status: Fully Occupied; Remarks: The area is settled,none,North Nandi forest excision (LN 259 of 1967),0
forest_excision_scheme_0100,North Nandi,,unknown,forest_excision_scheme,Settlement,Individuals,,"North Nandi, Nandi, Rift Valley",33.58,uphold the status quo.,2,8,annex_01_forest_excisions_with_legal_notices.csv,Legal Notice: 259 of 1967; Purpose: Settlement; Request: Ministry of Lands; Status: Fully Occupied; Remarks: The area is settled,none,North Nandi forest excision (LN 259 of 1967),0
forest_excision_scheme_0101,North Nandi,,unknown,forest_excision_scheme,Settlement,Individuals,,"North Nandi, Nandi, Rift Valley",52.21,uphold the status quo,2,8,annex_01_forest_excisions_with_legal_notices.csv,Legal Notice: 260 of 1967; Purpose: Settlement; Request: Ministry of Lands; Status: Fully Occupied; Remarks: The area is settled,none,North Nandi forest excision (LN 260 of 1967),0
forest_excision_scheme_0102,North Nandi,,unknown,forest_excision_scheme,Settlement,Individuals,,"North Nandi, Nandi, Rift Valley",13.35,uphold the status quo,2,8,annex_01_forest_excisions_with_legal_notices.csv,Legal Notice: 260 of 1967; Purpose: Settlement; Request: Ministry of Lands; Status: Fully Occupied; Remarks: The area is settled,none,North Nandi forest excision (LN 260 of 1967),0
forest_excision_scheme_0103,North Nandi,,unknown,forest_excision_scheme,Settlement,Individuals,,"North Nandi, Nandi, Rift Valley",12.18,uphold the status quo,2,8,annex_01_forest_excisions_with_legal_notices.csv,Legal Notice: 260 of 1967; Purpose: Settlement; Request: Ministry of Lands; Status: Fully Occupied; Remarks: The area is settled,none,North Nandi forest excision (LN 260 of 1967),0
forest_excision_scheme_0104,South Nandi,,unknown,forest_excision_scheme,Settlement,Individuals,,"South Nandi, Nandi, Rift Valley",24.69,uphold the status quo,2,8,annex_01_forest_excisions_with_legal_notices.csv,Legal Notice: 39 of 1968; Purpose: Settlement; Request: Ministry of lands; Status: Fully Occupied; Remarks: The area is settled,none,South Nandi forest excision (LN 39 of 1968),0
forest_excision_scheme_0105,Ururu,,unknown,forest_excision_scheme,Settlement,Individuals,,"Kapsabet, Nandi, Rift Valley",44.92,uphold the status quo,2,8,annex_01_forest_excisions_with_legal_notices.csv,Legal Notice: 40 of 1968; Purpose: Settlement; Request: Ministry of Lands; Status: Fully Occupied; Remarks: The area is settled,none,Ururu forest excision (LN 40 of 1968),0
forest_excision_scheme_0106,Ururu,,unknown,forest_excision_scheme,Settlement,Individuals,,"Kapsabet, Nandi, Rift Valley",84.18,uphold the status quo,2,8,annex_01_forest_excisions_with_legal_notices.csv,Legal Notice: 40 of 1968; Purpose: Settlement; Request: Ministry of Lands; Status: Fully Occupied; Remarks: The area is settled,none,Ururu forest excision (LN 40 of 1968),0
forest_excision_scheme_0107,North Nandi,,unknown,forest_excision_scheme,Settlement,Individuals,,"North Nandi, Nandi, Rift Valley",16.59,uphold the status quo,2,8,annex_01_forest_excisions_with_legal_notices.csv,Legal Notice: 142 of 1981; Purpose: Settlement; Request: Ministry of Lands; Status: Fully Occupied; Remarks: The area is settled,none,North Nandi forest excision (LN 142 of 1981),0
forest_excision_scheme_0108,North Nandi,,unknown,forest_excision_scheme,Settlement,Individuals,,"North Nandi, Nandi, Rift Valley",9.43,uphold the status quo,2,9,annex_01_forest_excisions_with_legal_notices.csv,Legal Notice: 143 of 1981; Purpose: Settlement; Request: Ministry of Lands; Status: Fully Occupied; Remarks: The area is settled,none,North Nandi forest excision (LN 143 of 1981),0
forest_excision_scheme_0109,Kitale,,unknown,forest_excision_scheme,Not known,Individual,,"Kitale, Trans Nzoia, Rift Valley",2.84,Revoke,2,9,annex_01_forest_excisions_with_legal_notices.csv,Legal Notice: 184 of 1963; Purpose: Not known; Request: Individual; Status: Fully Occupied,none,Kitale forest excision (LN 184 of 1963),0
forest_excision_scheme_0110,N Tinderet,,unknown,forest_excision_scheme,Sawmill,Individual,,"Cegaro, Uasin Gishu, Rift Valley",20,Revoke,2,9,annex_01_forest_excisions_with_legal_notices.csv,Legal Notice: 277 of 1995; Purpose: Sawmill; Request: Muraki; Status: Taken possession; Remarks: This was an excision for private gain,none,N Tinderet forest excision (LN 277 of 1995),0
forest_excision_scheme_0111,Kitalale,,unknown,forest_excision_scheme,Exchange with 372.3 ha added to Mt Elgon,Individual/Forest Department,,"Kitalale, Trans Nzoia, Rift Valley",312.8,uphold the status quo,2,9,annex_01_forest_excisions_with_legal_notices.csv,Legal Notice: 360 of 1986; Purpose: Exchange with 372.3 ha added to Mt Elgon; Request: Individual; Status: Taken possession; Remarks: The area is settled,none,Kitalale forest excision (LN 360 of 1986),0
forest_excision_scheme_0112,Western Mau,,unknown,forest_excision_scheme,Sambret Tea Estate,Individuals,,"Kericho, Kericho, Rift Valley",552.3,Revoke and recover all land Illegally issued to Brooke Bond,2,9,annex_01_forest_excisions_with_legal_notices.csv,Legal Notice: 278 of 1993; Purpose: Sambret Tea Estate; Request: Sambret Tea Estate; Status: Fully Occupied; Remarks: 202.0 Ha of forest land maintain as forest,none,Western Mau forest excision (LN 278 of 1993),0
forest_excision_scheme_0113,Western Mau,,unknown,forest_excision_scheme,Tea Estate Development,Individuals,,"Kericho, Kericho, Rift Valley",136.9,Revoke,2,9,annex_01_forest_excisions_with_legal_notices.csv,Legal Notice: 278 of 1993; Purpose: Tea Estate Development; Request: Sambret Tea Estate; Status: Fully Occupied; Remarks: Area maintain as forest,none,Western Mau forest excision (LN 278 of 1993),0
forest_excision_scheme_0114,Menengai,,unknown,forest_excision_scheme,Micro wave station,KPTC,,"Menengai, Nakuru, Rift Valley",0.0929,uphold the status quo,2,9,annex_01_forest_excisions_with_legal_notices.csv,Legal Notice: 69 of 1970; Purpose: Micro wave station; Request: KPTC; Status: Fully Occupied; Remarks: The area is occupied,none,Menengai forest excision (LN 69 of 1970),0
forest_excision_scheme_0115,Chepalungu,,unknown,forest_excision_scheme,Settlement,Landless People,,"Chepalungu, Bomet, Rift Valley",5210.90,uphold the status quo but isolate catchment areas,2,9,annex_01_forest_excisions_with_legal_notices.csv,Legal Notice: 332 of 1994; Purpose: Settlement; Request: People of Bomet; Status: Taken possession; Remarks: This was an excision for private gain,none,Chepalungu forest excision (LN 332 of 1994),0
forest_excision_scheme_0116,Loitokitok,,unknown,forest_excision_scheme,For farming,Individual,,"Olotokitok, Kajiado, Rift Valley",1.86,Revoke,2,9,annex_01_forest_excisions_with_legal_notices.csv,Legal Notice: 218 of 1994; Purpose: For farming; Request: Mr L Muturi; Remarks: This was an excision for private gain,none,Loitokitok forest excision (LN 218 of 1994),0
forest_excision_scheme_0117,Kapchemutwa,,unknown,forest_excision_scheme,Settlement,Landless People,,"Elgeyo, Keiyo, Rift Valley",59.89,uphold the status quo,2,9,annex_01_forest_excisions_with_legal_notices.csv,Legal Notice: 56 of 1968; Purpose: Settlement; Request: Ministry of lands; Status: Fully Occupied; Remarks: The area is settled,none,Kapchemutwa forest excision (LN 56 of 1968),0
forest_excision_scheme_0118,Kapchemutwa,,unknown,forest_excision_scheme,Settlement,Landless People,,"Elgeyo, Keiyo, Rift Valley",76.89,uphold the status quo,2,9,annex_01_forest_excisions_with_legal_notices.csv,Legal Notice: 57 of 1968; Purpose: Settlement; Request: Ministry of lands; Status: Fully Occupied; Remarks: The area is settled,none,Kapchemutwa forest excision (LN 57 of 1968),0
forest_excision_scheme_0119,Kapchemutwa,,unknown,forest_excision_scheme,Settlement,Landless People,,"Elgeyo, Keiyo, Rift Valley",55.04,uphold the status quo,2,9,annex_01_forest_excisions_with_legal_notices.csv,Legal Notice: 58 of 1968; Purpose: Settlement; Request: Ministry of lands; Status: Fully Occupied; Remarks: The area is settled,none,Kapchemutwa forest excision (LN 58 of 1968),0
forest_excision_scheme_0120,Kapchemutwa,,unknown,forest_excision_scheme,Settlement,Landless People,,"Elgeyo, Keiyo, Rift Valley",147.2,uphold the status quo.,2,9,annex_01_forest_excisions_with_legal_notices.csv,Legal Notice: 14 of 1985; Purpose: Settlement; Request: Ministry of Lands; Status: Fully Occupied; Remarks: The area is settled,none,Kapchemutwa forest excision (LN 14 of 1985),0
forest_excision_scheme_0121,Kaptagat,,unknown,forest_excision_scheme,Settlement,Landless People,,"Kaptagat, Keiyo, Rift Valley",56.54,uphold the status quo.,2,10,annex_01_forest_excisions_with_legal_notices.csv,Legal Notice: 146 of 1985; Purpose: Settlement; Request: Ministry of Lands; Status: Fully Occupied; Remarks: The area is settled.,none,Kaptagat forest excision (LN 146 of 1985),0
forest_excision_scheme_0122,South Western Mau,,unknown,forest_excision_scheme,Embobomos settlement,Landless People,,"Kericho, Kericho, Rift Valley",3798.46,uphold the status quo.,2,10,annex_01_forest_excisions_with_legal_notices.csv,Legal Notice: 251 of 1968; Purpose: Embobomos settlement; Request: Ministry of Lands; Status: Fully Occupied; Remarks: The area is settled,none,South Western Mau forest excision (LN 251 of 1968),0
forest_excision_scheme_0123,South Western Mau,,unknown,forest_excision_scheme,Settlement at Olenguruone,Landless People,,"Keringet, Kericho, Rift Valley",4452.00,Review to set aside catchment areas uphold the status quo but exclude Eco-Sensitive,2,10,annex_01_forest_excisions_with_legal_notices.csv,Legal Notice: 127 of 1988; Purpose: Settlement at Olenguruone; Request: Ministry of Lands; Status: Fully Occupied; Remarks: The area is settled,none,South Western Mau forest excision (LN 127 of 1988),0
forest_excision_scheme_0124,Lembus,,unknown,forest_excision_scheme,Sigoro settlement,Landless People,,"Lembus, Koibatek, Rift Valley",946.99,upholding the status quo.,2,10,annex_01_forest_excisions_with_legal_notices.csv,Legal Notice: 207 of 1965; Purpose: Sigoro settlement; Request: Ministry of Lands; Status: Fully Occupied; Remarks: The area is settled,none,Lembus forest excision (LN 207 of 1965),0
forest_excision_scheme_0125,Lembus,,unknown,forest_excision_scheme,Tinet Settlement,Landless People,,"Lembus, Koibatek, Rift Valley",781.46,uphold the status quo.,2,10,annex_01_forest_excisions_with_legal_notices.csv,Legal Notice: 207 of 1965; Purpose: Tinet Settlement; Request: Ministry of Lands; Status: Fully Occupied; Remarks: The area is settled,none,Lembus forest excision (LN 207 of 1965),0
forest_excision_scheme_0126,Lembus,,unknown,forest_excision_scheme,Torongo settlement,Landless People,,"Lembus, Koibatek, Rift Valley",4601.38,uphold the status quo.,2,10,annex_01_forest_excisions_with_legal_notices.csv,Legal Notice: 207 of 1965; Purpose: Torongo settlement; Request: Ministry of Lands; Status: Fully Occupied; Remarks: The area is settled,none,Lembus forest excision (LN 207 of 1965),0
forest_excision_scheme_0127,Maji Mazuri,,unknown,forest_excision_scheme,Maji Mazuri Trading Centre.,Landless People,,"Maji Mazuri, Koibatek, Rift Valley",50.18,uphold the status quo.,2,10,annex_01_forest_excisions_with_legal_notices.csv,Legal Notice: 347 of 1968; Purpose: Maji Mazuri Trading Centre.; Request: County Council; Status: Fully Occupied; Remarks: The area is settled,none,Maji Mazuri forest excision (LN 347 of 1968),0
forest_excision_scheme_0128,Lembus,,unknown,forest_excision_scheme,Settlement,Landless People,,"Lembus, Koibatek, Rift Valley",3935.50,Review to set aside catchment areas,2,10,annex_01_forest_excisions_with_legal_notices.csv,Legal Notice: 203 of 1988; Purpose: Settlement; Request: Ministry of Lands; Status: Fully Occupied; Remarks: The area is settled,none,Lembus forest excision (LN 203 of 1988),0
forest_excision_scheme_0129,Marmanet,,unknown,forest_excision_scheme,Settlement,Investigate Beneficiary,,"Marmanet, Laikipia, Rift Valley",703.7,Investigate beneficiaries,2,10,annex_01_forest_excisions_with_legal_notices.csv,Legal Notice: 341 of 1995; Purpose: Settlement; Request: Provincial Administration; Status: Not fully occupied,none,Marmanet forest excision (LN 341 of 1995),0
forest_excision_scheme_0130,Marmanet,,unknown,forest_excision_scheme,Settlement,Investigate Beneficiary,,"Marmanet, Laikipia, Rift Valley",162.56,Investigate,2,10,annex_01_forest_excisions_with_legal_notices.csv,Legal Notice: 84 of 1998; Purpose: Settlement; Request: Farmers; Status: Taken possession,none,Marmanet forest excision (LN 84 of 1998),0
forest_excision_scheme_0131,Kapkanyar,,unknown,forest_excision_scheme,Settlement,Landless People,,"Cherangani, Marakwet, Rift Valley",4562.50,Uphold but isolate Eco-Sensitive areas,2,10,annex_01_forest_excisions_with_legal_notices.csv,Legal Notice: 161 of 1988; Purpose: Settlement; Request: Commissioner of Lands; Status: Fully Occupied; Remarks: The area is settled,none,Kapkanyar forest excision (LN 161 of 1988),0
forest_excision_scheme_0132,Menengai,,unknown,forest_excision_scheme,Settlement,Landless People,,"Menengai, Nakuru, Rift Valley",566.9,uphold the status quo.,2,10,annex_01_forest_excisions_with_legal_notices.csv,Legal Notice: 127 of 1977; Purpose: Settlement; Request: Ministry of Lands; Status: Fully Occupied; Remarks: The area is settled,none,Menengai forest excision (LN 127 of 1977),0
forest_excision_scheme_0133,North Nandi,,unknown,forest_excision_scheme,Settlement,Landless People,,"North Nandi, Nandi, Rift Valley",36.42,uphold the status quo,2,11,annex_01_forest_excisions_with_legal_notices.csv,Legal Notice: 260 of 1967; Purpose: Settlement; Request: Ministry of Lands; Status: Fully Occupied; Remarks: The area is settled,none,North Nandi forest excision (LN 260 of 1967),0
forest_excision_scheme_0134,North Nandi,,unknown,forest_excision_scheme,Settlement,Landless People,,"North Nandi, Nandi, Rift Valley",143.67,uphold the status quo.,2,11,annex_01_forest_excisions_with_legal_notices.csv,Legal Notice: 260 of 1967; Purpose: Settlement; Request: Ministry of Lands; Status: Fully Occupied; Remarks: The area is settled,none,North Nandi forest excision (LN 260 of 1967),0
forest_excision_scheme_0135,North Nandi,,unknown,forest_excision_scheme,Settlement,Landless People,,"North Nandi, Nandi, Rift Valley",65.97,uphold the status quo,2,11,annex_01_forest_excisions_with_legal_notices.csv,Legal Notice: 260 of 1967; Purpose: Settlement; Request: Ministry of Lands; Status: Fully Occupied; Remarks: The area is settled,none,North Nandi forest excision (LN 260 of 1967),0
forest_excision_scheme_0136,South Nandi,,unknown,forest_excision_scheme,Settlement,Landless People,,"South Nandi, Nandi, Rift Valley",254.15,uphold the status quo,2,11,annex_01_forest_excisions_with_legal_notices.csv,Legal Notice: 39 of 1968; Purpose: Settlement; Request: Ministry of Lands; Status: Fully Occupied; Remarks: The area is settled,none,South Nandi forest excision (LN 39 of 1968),0
forest_excision_scheme_0137,South Nandi,,unknown,forest_excision_scheme,Settlement,Landless People,,"South Nandi, Nandi, Rift Valley",1541.7,uphold the status quo,2,11,annex_01_forest_excisions_with_legal_notices.csv,Legal Notice: 52 of 1998; Purpose: Settlement; Request: People of Nandi; Status: Taken possession; Remarks: The area is settled,none,South Nandi forest excision (LN 52 of 1998),0
forest_excision_scheme_0138,North Nandi,,unknown,forest_excision_scheme,Settlement,Landless People,,"North Nandi, Nandi, Rift Valley",943.2,Consider upholding the status quo,2,11,annex_01_forest_excisions_with_legal_notices.csv,Legal Notice: 15 of 1985; Purpose: Settlement; Request: Ministry of Lands; Status: Fully Occupied; Remarks: The area is settled,none,North Nandi forest excision (LN 15 of 1985),0
forest_excision_scheme_0139,Kitalale,,unknown,forest_excision_scheme,For farming,Individual,,"Kitalale, TransNzoia, Rift Valley",189.1,Revoke,2,11,annex_01_forest_excisions_with_legal_notices.csv,Legal Notice: 292 of 1994; Purpose: For farming; Request: S.K. Kipsaita; Status: Taken possession; Remarks: This was an excision for private gain,none,Kitalale forest excision (LN 292 of 1994),0
forest_excision_scheme_0140,Eldoret,,unknown,forest_excision_scheme,Settlement,Landless People,,"Eldoret, Uasin Gishu, Rift Valley",155,uphold the status quo.,2,11,annex_01_forest_excisions_with_legal_notices.csv,Legal Notice: 258 of 1966; Purpose: Settlement; Request: Ministry of lands; Status: Fully Occupied; Remarks: The area is settled,none,Eldoret forest excision (LN 258 of 1966),0
forest_excision_scheme_0141,Lelan,,unknown,forest_excision_scheme,Settlement,Landless People,,"Lelan, West Pokot, Rift Valley",13785.60,Uphold but exclude Ecosensitive areas,2,11,annex_01_forest_excisions_with_legal_notices.csv,Legal Notice: 162 of 1988; Purpose: Settlement; Request: Ministry of Lands; Status: Fully Occupied; Remarks: The area is settled,none,Lelan forest excision (LN 162 of 1988),0
forest_excision_scheme_0142,Sanao,,unknown,forest_excision_scheme,Kaiso Primary School,Local community,,"Sanao, Baringo, Rift Valley",25,uphold the status quo,2,11,annex_01_forest_excisions_with_legal_notices.csv,Legal Notice: 353 of 1995; Purpose: Kaiso Primary School; Request: P.T.A; Status: Taken possession; Remarks: The area is occupied,none,Sanao forest excision (LN 353 of 1995),0
forest_excision_scheme_0143,Tarambas,,unknown,forest_excision_scheme,Kapkokoi Primary School,Local community,,"Tarambas, Baringo, Rift Valley",2.72,uphold the status quo,2,11,annex_01_forest_excisions_with_legal_notices.csv,Legal Notice: 354 of 1995; Purpose: Kapkokoi Primary School; Request: P.T.A; Status: Taken possession; Remarks: The area is settled,none,Tarambas forest excision (LN 354 of 1995),0
forest_excision_scheme_0144,Tarambas,,unknown,forest_excision_scheme,Bermoi African Inland Church,Local community,,"Tarambas, Baringo, Rift Valley",1.4,uphold the status quo,2,11,annex_01_forest_excisions_with_legal_notices.csv,Legal Notice: 354 of 1995; Purpose: Bermoi African Inland Church; Request: A.I.C; Status: Taken possession,none,Tarambas forest excision (LN 354 of 1995),0
forest_excision_scheme_0145,Tarambas,,unknown,forest_excision_scheme,Kapkomoi African Inland Church,Local community,,"Tarambas, Baringo, Rift Valley",1.17,uphold the status quo.,2,11,annex_01_forest_excisions_with_legal_notices.csv,Legal Notice: 354 of 1995; Purpose: Kapkomoi African Inland Church; Request: A.I.C.; Status: Taken possession; Remarks: The area is settled,none,Tarambas forest excision (LN 354 of 1995),0
forest_excision_scheme_0146,Kimojoch,,unknown,forest_excision_scheme,Sacho High School,Local community,,"Kimojoch, Baringo, Rift Valley",184,"Uphold, but reduce area",2,11,annex_01_forest_excisions_with_legal_notices.csv,Legal Notice: 356 of 1995; Purpose: Sacho High School; Request: School Board of Governors; Status: Partially occupied; Remarks: Review the area occupied.,none,Kimojoch forest excision (LN 356 of 1995),0
forest_excision_scheme_0147,Kimojoch,,unknown,forest_excision_scheme,Bakawann Primary School,Local community,,"Kimojoch, Baringo, Rift Valley",7.09,uphold the status quo,2,12,annex_01_forest_excisions_with_legal_notices.csv,Legal Notice: 356 of 1995; Purpose: Bakawann Primary School; Status: Taken possession; Remarks: The area is settled,none,Kimojoch forest excision (LN 356 of 1995),0
forest_excision_scheme_0148,Kaptagat,,unknown,forest_excision_scheme,Settlement,Local community,,"Kaptagat, Keiyo, Rift Valley",17.34,Revoke,2,12,annex_01_forest_excisions_with_legal_notices.csv,Legal Notice: 54 of 1995; Purpose: Settlement; Request: Land Exchange; Status: Taken possession EIA not done; Remarks: This was an excision for private gain,none,Kaptagat forest excision (LN 54 of 1995),0
forest_excision_scheme_0149,Eldoret,,unknown,forest_excision_scheme,Land exchange,Ministry of Agriculture,,"Eldoret, Uasin Gishu, Rift Valley",0.7753,uphold the status quo,2,12,annex_01_forest_excisions_with_legal_notices.csv,Legal Notice: 84 of 1976; Purpose: Land exchange; Request: Ministry of Agriculture; Status: Fully Occupied; Remarks: The area is occupied,none,Eldoret forest excision (LN 84 of 1976),0
forest_excision_scheme_0150,Eastern Mau,,unknown,forest_excision_scheme,Michinda H School,Ministry of Education,,"Elburgon, Nakuru, Rift Valley",2.6,uphold the status quo,2,12,annex_01_forest_excisions_with_legal_notices.csv,Legal Notice: 262 of 1972; Purpose: Michinda H School; Request: Ministry of Education; Status: Fully Occupied; Remarks: The area is occupied,none,Eastern Mau forest excision (LN 262 of 1972),0
forest_excision_scheme_0151,Marmanet,,unknown,forest_excision_scheme,Settlement/Exchange,Mr Nderitu,,"Marmanet, Laikipia, Rift Valley",56.87,Revoke,2,12,annex_01_forest_excisions_with_legal_notices.csv,Legal Notice: 303 of 1999; Purpose: Settlement/Exchange; Request: Individual; Status: Taken possession; Remarks: The exchange is not complete,none,Marmanet forest excision (LN 303 of 1999),0
forest_excision_scheme_0152,Musegem,,unknown,forest_excision_scheme,Coffee Factory,Musegem community,,"Musegem, Baringo, Rift Valley",0.506,uphold the status quo,2,12,annex_01_forest_excisions_with_legal_notices.csv,Legal Notice: 305 of 1995; Purpose: Coffee Factory; Request: People of Mosegem; Status: Fully Occupied; Remarks: The area is occupied,none,Musegem forest excision (LN 305 of 1995),0
forest_excision_scheme_0153,Mau Narok,,unknown,forest_excision_scheme,For settlement,Motukamo Cooperative Society,,"Sururu, Nakuru, Rift Valley",25.17,Revoke,2,12,annex_01_forest_excisions_with_legal_notices.csv,Legal Notice: 245 of 1993; Purpose: For settlement; Request: Motukamo Farmer's Co; Status: Taken possession; Remarks: This was an excision for private gain,none,Mau Narok forest excision (LN 245 of 1993),0
forest_excision_scheme_0154,Marmanet,,unknown,forest_excision_scheme,Settlement,Not known,,"Marmanet, Laikipia, Rift Valley",2837.4,Revoke,2,12,annex_01_forest_excisions_with_legal_notices.csv,Legal Notice: 151 of 2001; Purpose: Settlement; Request: Ministry of Lands; Status: Partially occupied. EIA not Done; Remarks: The area is settled but contested in court.,none,Marmanet forest excision (LN 151 of 2001),0
forest_excision_scheme_0155,Marmanet,,unknown,forest_excision_scheme,Road realignment,Public Works,,"Marmanet, Laikipia, Rift Valley",0.92,uphold the status quo,2,12,annex_01_forest_excisions_with_legal_notices.csv,Legal Notice: 8 of 1969; Purpose: Road realignment; Request: Commissioner of Lands; Status: Fully Occupied; Remarks: The area is settled,none,Marmanet forest excision (LN 8 of 1969),0
forest_excision_scheme_0156,Katimok,,unknown,forest_excision_scheme,Ossen School,School,,"Katimok, Baringo, Rift Valley",9.25,uphold the status quo,2,12,annex_01_forest_excisions_with_legal_notices.csv,Legal Notice: 272 of 1979; Purpose: Ossen School; Request: Ministry of Education; Status: Fully Occupied; Remarks: The area is occupied,none,Katimok forest excision (LN 272 of 1979),0
forest_excision_scheme_0157,Katimok,,unknown,forest_excision_scheme,School,School,,"Katimok, Baringo, Rift Valley",3.6,uphold the status quo,2,12,annex_01_forest_excisions_with_legal_notices.csv,Legal Notice: 301 of 1995; Purpose: School; Request: Kabarbet Primary School; Status: Fully Occupied; Remarks: The area is occupied,none,Katimok forest excision (LN 301 of 1995),0
forest_excision_scheme_0158,Pemwai,,unknown,forest_excision_scheme,School,School,,"Katimok, Baringo, Rift Valley",12.47,uphold the status quo,2,12,annex_01_forest_excisions_with_legal_notices.csv,Legal Notice: 304 of 1995; Purpose: School; Request: Pemwai Sec School; Status: Fully Occupied; Remarks: The area is occupied,none,Pemwai forest excision (LN 304 of 1995),0
forest_excision_scheme_0159,Kapchemutwa,,unknown,forest_excision_scheme,Singore Girls School,School,,"Elgeyo, Keiyo, Rift Valley",5.26,uphold the status quo,2,12,annex_01_forest_excisions_with_legal_notices.csv,Legal Notice: 127 of 1968; Purpose: Singore Girls School; Request: Board of Governors; Status: Fully Occupied; Remarks: The area is occupied,none,Kapchemutwa forest excision (LN 127 of 1968),0
forest_excision_scheme_0160,North Tinderet,,unknown,forest_excision_scheme,School,School,,"North Nandi, Kencho, Rift Valley",4.001,uphold the status quo,2,12,annex_01_forest_excisions_with_legal_notices.csv,Legal Notice: 82 of 1976; Purpose: School; Request: Ministry of Education; Status: Fully Occupied; Remarks: The area is occupied,none,North Tinderet forest excision (LN 82 of 1976),0
forest_excision_scheme_0161,N. Tinderet,,unknown,forest_excision_scheme,For Sochoi Secondary School,School,,"Cegaro, Nandi, Rift Valley",33.78,uphold the status quo,2,13,annex_01_forest_excisions_with_legal_notices.csv,Legal Notice: 430 of 1994; Purpose: For Sochoi Secondary School; Request: Sochoi Sec. school; Status: Taken possession; Remarks: The area is occupied.,none,N. Tinderet forest excision (LN 430 of 1994),0
forest_excision_scheme_0162,S.W. Mau,,unknown,forest_excision_scheme,Tea Research,Tea Research,,"Kericho, Kencho, Rift Valley",159.5,uphold the status quo.,2,13,annex_01_forest_excisions_with_legal_notices.csv,Legal Notice: 340 of 1995; Purpose: Tea Research; Request: Tea Research Foundation; Status: Partially occupied; Remarks: The area is occupied; but an area of approximately 45.0 Ha is not developed.,none,S.W. Mau forest excision (LN 340 of 1995),0
forest_excision_scheme_0163,Kakamega,,unknown,forest_excision_scheme,National Reserve,Department of Wildlife,,"Kakamega, Kakamega, Western",3984.90,uphold the status quo.,2,13,annex_01_forest_excisions_with_legal_notices.csv,Legal Notice: 272 of 1986; Purpose: National Reserve; Request: Ministry of Tourism; Status: Taken possession; Remarks: National Reserve,none,Kakamega forest excision (LN 272 of 1986),0
forest_excision_scheme_0164,Kisere,,unknown,forest_excision_scheme,Kakamega National Reserve,Department of Wildlife,,"Kakamega, Kakamega, Western",484.9,uphold the status quo,2,13,annex_01_forest_excisions_with_legal_notices.csv,Legal Notice: 272 of 1986; Purpose: Kakamega National Reserve; Request: Ministry of Tourism; Status: Taken possession; Remarks: National Reserve.,none,Kisere forest excision (LN 272 of 1986),0
forest_excision_scheme_0165,Wanga,,unknown,forest_excision_scheme,For farming,Individual,,"Wanga, Busia, Western",2,Revoke,2,13,annex_01_forest_excisions_with_legal_notices.csv,Legal Notice: 378 of 1991; Purpose: For farming; Request: Late Mr. Okondo; Status: Fully Occupied; Remarks: This was an excision for private gain,none,Wanga forest excision (LN 378 of 1991),0
forest_excision_scheme_0166,Turbo,,unknown,forest_excision_scheme,Railway realignment,Kenya Railways,,"Turbo, Lugari, Western",4.6,uphold the status quo,2,13,annex_01_forest_excisions_with_legal_notices.csv,Legal Notice: 227 of 1972; Purpose: Railway realignment; Request: Kenya Railways; Status: Fully Occupied; Remarks: The area is occupied.,none,Turbo forest excision (LN 227 of 1972),0
forest_excision_scheme_0167,Mount Elgon,,unknown,forest_excision_scheme,Settlement of Elgonyi,Landless People,,"Kaberua, Bungoma, Western",3.686,uphold the status quo,2,13,annex_01_forest_excisions_with_legal_notices.csv,Legal Notice: 51 of 1974; Purpose: Settlement of Elgonyi; Request: Ministry of Lands; Status: Fully Occupied; Remarks: The area is settled.,none,Mount Elgon forest excision (LN 51 of 1974),0
forest_excision_scheme_0168,Malaba,,unknown,forest_excision_scheme,School,School,,"Kakamega, Kakamega, Western",4.396,uphold the status quo,2,13,annex_01_forest_excisions_with_legal_notices.csv,Legal Notice: 153 of 1977; Purpose: School; Request: Ministry of Education; Status: Fully Occupied; Remarks: The area is occupied.,none,Malaba forest excision (LN 153 of 1977),0
forest_excision_scheme_0169,,,unknown,forest_excision_scheme,Forest excision (scheme-level finding),,,,141703.8,,2,13,annex_01_forest_excisions_with_legal_notices.csv,Remarks: Total,none, forest excision,0
forest_excision_scheme_0170,Nyeri Nyeri Satellite Town,,unknown,forest_excision_scheme,Town development,Unknown,,"Nyeri, Nyeri, Central",432.0,Revoke,2,14,annex_02_forest _excisions _1962 _to_ date.csv,Excision: Nyeri Satellite Town; BP No: Not available; Year: 1999; Purpose: Town development; Status: Not occupied; Legal procedure: Illegal; Remarks: Maintain as forest,none,Nyeri forest excision — Nyeri Satellite Town,0
forest_excision_scheme_0171,Kikuyu Escarp Extension of Nyambari trading centre,,unknown,forest_excision_scheme,Private development,Onesmus Ngunjiri (Former KANU Chairman -Nakuru),,"Uplands, Kiambu, Central",8.1,Revoke,2,14,annex_02_forest _excisions _1962 _to_ date.csv,Excision: Extension of Nyambari trading centre; BP No: Not available; Year: 1993; Purpose: Private development; Status: Not occupied; Legal procedure: Illegal; Remarks: Maintain as forest,none,Kikuyu Escarp forest excision — Extension of Nyambari trading centre,0
forest_excision_scheme_0172,Kikuyu Escarp Mr Buddy Gichure,,unknown,forest_excision_scheme,Farm extension,Buddy Gichure,,"Ragia, Kiambu, Central",4.5,Revoke,2,14,annex_02_forest _excisions _1962 _to_ date.csv,Excision: Mr Buddy Gichure; BP No: Not available; Year: 1993; Purpose: Farm extension; Status: Occupied; Legal procedure: Illegal; Remarks: Maintain as forest,none,Kikuyu Escarp forest excision — Mr Buddy Gichure,0
forest_excision_scheme_0173,Kamiti Kamiti Settlement,,unknown,forest_excision_scheme,Settlement of squatters,Persons displaced by clashes,,"Kiambu, Kiambu, Central",169.57,Revoke,2,14,annex_02_forest _excisions _1962 _to_ date.csv,Excision: Kamiti Settlement; BP No: Not available; Year: 1994; Purpose: Settlement of squatters; Status: Partially occupied; Legal procedure: Illegal; Remarks: Maintain as forest,none,Kamiti forest excision — Kamiti Settlement,0
forest_excision_scheme_0174,Kikuyu Escar Soko Mjinga Settlement,,unknown,forest_excision_scheme,Establishment of a market,Kiambu County Council,,"Kinale, Kiambu, Central",20,Revoke,2,14,annex_02_forest _excisions _1962 _to_ date.csv,Excision: Soko Mjinga Settlement; BP No: Not available; Year: 1994; Purpose: Establishment of a market; Status: Not occupied; Legal procedure: Illegal; Remarks: Maintain as forest.,none,Kikuyu Escar forest excision — Soko Mjinga Settlement,0
forest_excision_scheme_0175,Kikuyu Escar Kijabe Girls Secondary School,,unknown,forest_excision_scheme,Expand school,Local community,,"Kinale, Kiambu, Central",21.41,Legalise allocation,2,14,annex_02_forest _excisions _1962 _to_ date.csv,Excision: Kijabe Girls Secondary School; BP No: Not available; Year: 1996; Purpose: Expand school; Status: Occupied; Legal procedure: Illegal,none,Kikuyu Escar forest excision — Kijabe Girls Secondary School,0
forest_excision_scheme_0176,Aberdare Ndaragwa Township,,unknown,forest_excision_scheme,Extension of Ndaragwa Town,Nyandarua County Council,,"Ndaragwa, Nyandarua, Central",110.3,Revoke,2,14,annex_02_forest _excisions _1962 _to_ date.csv,Excision: Ndaragwa Township; BP No: 175/325; Year: 1991; Purpose: Extension of Ndaragwa Town; Status: Occupied; Legal procedure: Illegal,none,Aberdare forest excision — Ndaragwa Township,0
forest_excision_scheme_0177,Nyeri Nyeri ASK show ground,,unknown,forest_excision_scheme,ASK showground,Nyeri ASK,,"Nyeri, Nyeri, Central",49.5,Revoke,2,14,annex_02_forest _excisions _1962 _to_ date.csv,Excision: Nyeri ASK show ground; BP No: Not available; Year: 1993; Purpose: ASK showground; Status: Partially and temporary occupied; Legal procedure: Illegal; Remarks: The ASK to relocate to the previous Show Ground at Ruring'u,none,Nyeri forest excision — Nyeri ASK show ground,0
forest_excision_scheme_0178,Kikuyu Escarp Lari Trading Centre,,unknown,forest_excision_scheme,Expansion of town,Local community,,"Kerita, Kiambu, Central",9.40,Revoke,2,15,annex_02_forest _excisions _1962 _to_ date.csv,Excision: Lari Trading Centre; BP No: Not available; Year: 1988; Purpose: Expansion of town; Legal procedure: Illegal; Remarks: Whole area is built into a Town. The beneficiaries should be made to pay for their plots at the present market rates.,none,Kikuyu Escarp forest excision — Lari Trading Centre,0
forest_excision_scheme_0179,Magumo North Magumu North,,unknown,forest_excision_scheme,Settlement of the landless,Landless,,"South Kinangop, Nyandarua, Central",241.5,Legalise and exclude ecologically sensitive areas,2,15,annex_02_forest _excisions _1962 _to_ date.csv,Excision: Magumu North; BP No: Not available; Year: 1989; Purpose: Settlement of the landless; Status: Fully occupied; Legal procedure: Illegal; Remarks: Whole area is settled,none,Magumo North forest excision — Magumu North,0
forest_excision_scheme_0180,Magumo South Magumu South,,unknown,forest_excision_scheme,Settlement of the landless,Landless,,"South Kinangop, Nyandarua, Central",368.9,Legalise and exclude ecologically sensitive areas,2,15,annex_02_forest _excisions _1962 _to_ date.csv,Excision: Magumu South; BP No: Not available; Year: 1989; Purpose: Settlement of the landless; Status: Fully occupied; Legal procedure: Illegal; Remarks: Whole area is settled.,none,Magumo South forest excision — Magumu South,0
forest_excision_scheme_0181,Kikuyu Escarp Extension of Kinale excision,,unknown,forest_excision_scheme,Settlement,Undeserving cases,,"Kinale, Kiambu, Central",182,Revoke,2,15,annex_02_forest _excisions _1962 _to_ date.csv,Excision: Extension of Kinale excision; BP No: Not available; Year: 1990; Purpose: Settlement; Status: Occupied; Legal procedure: Illegal; Remarks: Area is being cultivated by people who are staying elsewhere after extending the legally agreed excision,none,Kikuyu Escarp forest excision — Extension of Kinale excision,0
forest_excision_scheme_0182,Nyamweru Githogoyo Primary School,,unknown,forest_excision_scheme,Establishment of a school,Local community,,"Uplands, Kiambu, Central",3.00,Legalise excision.,2,15,annex_02_forest _excisions _1962 _to_ date.csv,Excision: Githogoyo Primary School; BP No: Not available; Year: 1987; Purpose: Establishment of a school; Status: Occupied; Legal procedure: Illegal; Remarks: This is a Public School.,none,Nyamweru forest excision — Githogoyo Primary School,0
forest_excision_scheme_0183,Kikuyu Escarp Raini Nyeke Primary School,,unknown,forest_excision_scheme,Establishment of a school,Kiambu County Council,,"Uplands, Kiambu, Central",3.00,Legalise excision,2,15,annex_02_forest _excisions _1962 _to_ date.csv,Excision: Raini Nyeke Primary School; BP No: Not available; Year: 1987; Purpose: Establishment of a school; Legal procedure: Illegal; Remarks: This is a Public School,none,Kikuyu Escarp forest excision — Raini Nyeke Primary School,0
forest_excision_scheme_0184,Aberdare Karima Girls Sec. School,,unknown,forest_excision_scheme,Extension of Karima Girls Sec. School,Karima Girls Sec School,,"Geta, Nyandarua, Central",13.60,Legalise excision,2,16,annex_02_forest _excisions _1962 _to_ date.csv,Excision: Karima Girls Sec. School; BP No: Not available; Year: 1985; Purpose: Extension of Karima Girls Sec. School; Status: Occupied; Legal procedure: Illegal; Remarks: This is a Public School Issue a renewable license.,none,Aberdare forest excision — Karima Girls Sec. School,0
forest_excision_scheme_0185,Kiambu Kiambu Women Group,,unknown,forest_excision_scheme,Women group Projects,Kiambu Women Group,,"Kiambu, Kiambu, Central",39.82,Revoke,2,16,annex_02_forest _excisions _1962 _to_ date.csv,Excision: Kiambu Women Group; BP No: Not available; Year: 1984; Purpose: Women group Projects; Status: Vacant; Legal procedure: Illegal; Remarks: Maintain as forest,none,Kiambu forest excision — Kiambu Women Group,0
forest_excision_scheme_0186,Kiambu Tugirane Project,,unknown,forest_excision_scheme,Horticultural Farming,Hon Kuria Kanyingi,,"Kiambu, Kiambu, Central",24.00,Revoke,2,16,annex_02_forest _excisions _1962 _to_ date.csv,Excision: Tugirane Project; BP No: Not available; Year: 1984; Purpose: Horticultural Farming; Status: Partially occupied; Legal procedure: Illegal; Remarks: A Title deed was issued to Kama Agencies for an area covering 15.62 hectares and registered as L R No.21350 /1 in 1995. Revoke.,none,Kiambu forest excision — Tugirane Project,0
forest_excision_scheme_0187,Nyeri Hills. Nyeri Hills Microwave station,,unknown,forest_excision_scheme,Transmission,Telecomm and KBC,,"Nyeri, Nyeri, Central",0.40,Legalise excision,2,16,annex_02_forest _excisions _1962 _to_ date.csv,Excision: Nyeri Hills Microwave station; BP No: Not available; Year: 1976; Purpose: Transmission; Status: Occupied; Legal procedure: Illegal; Remarks: Transmitting Mast is built.,none,Nyeri Hills. forest excision — Nyeri Hills Microwave station,0
forest_excision_scheme_0188,Aberdares. Geta/Bush Settlement,,unknown,forest_excision_scheme,Settlement Scheme,Landless People,,"Geta, Nyandarua, Central",650.00,Legalise and exclude ecologically sensitive areas.,2,16,annex_02_forest _excisions _1962 _to_ date.csv,Excision: Geta/Bush Settlement; BP No: Not available; Year: 1968; Purpose: Settlement Scheme; Status: Occupied; Legal procedure: Illegal; Remarks: Settlement Scheme established since 1968.,none,Aberdares. forest excision — Geta/Bush Settlement,0
forest_excision_scheme_0189,Aberdares. Mekaro Settlement Scheme,,unknown,forest_excision_scheme,Settlement Scheme,Landless People,,"Geta, Nyandarua, Central","3,690.00",Legalise and exclude ecologically sensitive areas.,2,16,annex_02_forest _excisions _1962 _to_ date.csv,Excision: Mekaro Settlement Scheme; BP No: Not available; Year: 1967; Purpose: Settlement Scheme; Status: Occupied; Legal procedure: Illegal; Remarks: Settlement Scheme established since 1967,none,Aberdares. forest excision — Mekaro Settlement Scheme,0
forest_excision_scheme_0190,Kikuyu Escarp Ragia Settlement Scheme,,unknown,forest_excision_scheme,Settle the landless,Landless People,,"Ragia, Kiambu, Central","1,795.00",Legalise and exclude ecological sensitive areas,2,16,annex_02_forest _excisions _1962 _to_ date.csv,Excision: Ragia Settlement Scheme; BP No: Not available; Year: 1965; Purpose: Settle the landless; Status: Occupied; Legal procedure: Illegal; Remarks: Settlement Scheme established since 1965,none,Kikuyu Escarp forest excision — Ragia Settlement Scheme,0
forest_excision_scheme_0191,Upper Imenti Meru ASK showground,,unknown,forest_excision_scheme,Relocation of Meru ASK showground.,Meru ASK,,"Meru, Meru Central, Eastern",40.47,Revoke,2,17,annex_02_forest _excisions _1962 _to_ date.csv,Excision: Meru ASK showground; BP No: 175/347; Year: 1994; Purpose: Relocation of Meru ASK showground.; Status: Partially occupied; Legal procedure: Illegal; Remarks: The Showground should be relocated to Kinoru Stadium,none,Upper Imenti forest excision — Meru ASK showground,0
forest_excision_scheme_0192,Upper Imenti Methodist University,,unknown,forest_excision_scheme,University,Methodist Church,,"Meru, Meru Central, Eastern",40.47,Legalise excision,2,17,annex_02_forest _excisions _1962 _to_ date.csv,Excision: Methodist University; BP No: 180/288; Year: 1997; Purpose: University; Status: Partially occupied; Legal procedure: Illegal,none,Upper Imenti forest excision — Methodist University,0
forest_excision_scheme_0193,Mount Kenya Ontulili Secondary School,,unknown,forest_excision_scheme,Construction of Secondary School,Ontulili Secondary School,,"Ontulili, Meru Central, Eastern",16.00,Legalise excision,2,17,annex_02_forest _excisions _1962 _to_ date.csv,Excision: Ontulili Secondary School; BP No: Not available; Year: 1998; Purpose: Construction of Secondary School; Status: Occupied; Legal procedure: Illegal; Remarks: This is a Public School,none,Mount Kenya forest excision — Ontulili Secondary School,0
forest_excision_scheme_0194,Nyambene Extension of Kambene Primary School,,unknown,forest_excision_scheme,"A school, church and a dispensary.","School, church and a dispensary.",,"Nyambene, Meru North, Eastern",10.00,Revoke and maintain as forest,2,17,annex_02_forest _excisions _1962 _to_ date.csv,"Excision: Extension of Kambene Primary School; BP No: Not available; Year: 1996; Purpose: A school, church and a dispensary.; Status: Not occupied; Legal procedure: Illegal; Remarks: No development Has taken place",none,Nyambene forest excision — Extension of Kambene Primary School,0
forest_excision_scheme_0195,Upper Imenti Meru Technical School,,unknown,forest_excision_scheme,Technical School,Meru Technical School,,"Meru, Meru Central, Eastern",7.64,Legalise excision,2,17,annex_02_forest _excisions _1962 _to_ date.csv,Excision: Meru Technical School; BP No: 175/345; Year: 1977; Purpose: Technical School; Status: Occupied; Legal procedure: Illegal,none,Upper Imenti forest excision — Meru Technical School,0
forest_excision_scheme_0196,Iveti Masaku County Council Exchange,,unknown,forest_excision_scheme,Exchanging 17.5 ha under Masaku County Council,Masaku County Council,,"Iveti, Machakos, Eastern",14.25,Legalise exchange,2,17,annex_02_forest _excisions _1962 _to_ date.csv,Excision: Masaku County Council Exchange; BP No: Not available; Year: 1971; Purpose: Exchanging 17.5 ha under Masaku County Council; Status: Occupied; Legal procedure: Illegal,none,Iveti forest excision — Masaku County Council Exchange,0
forest_excision_scheme_0197,Ngong Road. Ankhan Holding.,,unknown,forest_excision_scheme,Private development,Hoseah Kiplagat,,"Ngong, Nairobi, Nairobi",6.03,Revoke,2,17,annex_02_forest _excisions _1962 _to_ date.csv,Excision: Ankhan Holding.; BP No: Not available; Year: 2000; Purpose: Private development; Status: Not occupied; Legal procedure: Illegal; Remarks: Sold to NSSF,none,Ngong Road. forest excision — Ankhan Holding.,0
forest_excision_scheme_0198,Ngong Road Nairobi Chapel,,unknown,forest_excision_scheme,Private development,Private Developers,,"Ngong, Nairobi, Nairobi",6.5,Revoke,2,17,annex_02_forest _excisions _1962 _to_ date.csv,Excision: Nairobi Chapel; BP No: Not available; Year: 2000; Purpose: Private development; Status: Partially occupied; Legal procedure: Illegal; Remarks: Maintain as forest,none,Ngong Road forest excision — Nairobi Chapel,0
forest_excision_scheme_0199,Karura Mr. Johnson Githii Karanja,,unknown,forest_excision_scheme,Private development,Initially allocated to Hezekiah Kogo Karanja.,,"Karura, Nairobi, Nairobi",0.3774,Revoke,2,17,annex_02_forest _excisions _1962 _to_ date.csv,Excision: Mr. Johnson Githii Karanja; BP No: Not available; Year: 1999; Purpose: Private development; Status: Occupied; Legal procedure: Illegal; Remarks: Area is developed,none,Karura forest excision — Mr. Johnson Githii Karanja,0
forest_excision_scheme_0200,Karura Baptist Convention,,unknown,forest_excision_scheme,Private development,Baptist Church,,"Karura, Nairobi, Nairobi",0.81,Revoke,2,18,annex_02_forest _excisions _1962 _to_ date.csv,Excision: Baptist Convention; BP No: 175/333; Year: 1991; Purpose: Private development; Status: Not occupied; Legal procedure: Illegal; Remarks: Area is not developed,none,Karura forest excision — Baptist Convention,0
forest_excision_scheme_0201,Ngong Road Nairobi ASK Show,,unknown,forest_excision_scheme,Expansion of ASK Show ground,ASK,,"Ngong, Nairobi, Nairobi",7.51,Revoke,2,18,annex_02_forest _excisions _1962 _to_ date.csv,Excision: Nairobi ASK Show; BP No: Not available; Year: 1992; Purpose: Expansion of ASK Show ground; Status: Partially occupied; Legal procedure: Illegal; Remarks: Area is not developed. ASK are using this area as a motor bike-racing course. Revoke.,none,Ngong Road forest excision — Nairobi ASK Show,0
forest_excision_scheme_0202,Ngong Road Mounted police,,unknown,forest_excision_scheme,Mounted police training unit,Private Developers,,"Ngong, Nairobi, Nairobi",5.30,Revoke,2,18,annex_02_forest _excisions _1962 _to_ date.csv,Excision: Mounted police; BP No: Not available; Year: 1992; Purpose: Mounted police training unit; Status: Partially occupied; Legal procedure: Illegal; Remarks: Area was partitioned into L. R. Nos 254421-25448 Construction of Residential houses is going on. Revoke Title,none,Ngong Road forest excision — Mounted police,0
forest_excision_scheme_0203,Ngong Road Private Development,,unknown,forest_excision_scheme,Residential houses,Private Developers,,"Ngong, Nairobi, Nairobi",2.03,Revoke,2,18,annex_02_forest _excisions _1962 _to_ date.csv,Excision: Private Development; BP No: Not available.; Year: 1992; Purpose: Residential houses; Status: Partially occupied; Legal procedure: Illegal; Remarks: Area is not developed,none,Ngong Road forest excision — Private Development,0
forest_excision_scheme_0204,Ngong Road Nairobi ASK Show,,unknown,forest_excision_scheme,Expansion of ASK,Nairobi ASK,,"Ngong, Nairobi, Nairobi",18.00,Revoke,2,18,annex_02_forest _excisions _1962 _to_ date.csv,Excision: Nairobi ASK Show; BP No: Not available; Year: 1993; Purpose: Expansion of ASK; Status: Partially occupied; Legal procedure: Illegal; Remarks: Area not developed,none,Ngong Road forest excision — Nairobi ASK Show,0
forest_excision_scheme_0205,"Karura S. Kiruki, Lt. Gen. H. Njoroge & others",,unknown,forest_excision_scheme,Private development,"Shadrack, Kiruki, Lt. Gen. H. Njoroge & others",,"Karura, Nairobi, Nairobi",16.00,Revoke,2,18,annex_02_forest _excisions _1962 _to_ date.csv,"Excision: S. Kiruki, Lt. Gen. H. Njoroge & others; BP No: 175/343; Year: 1994; Purpose: Private development; Status: Not occupied; Legal procedure: Illegal; Remarks: Area not developed. Lt. Gen. Njoroge returned title.",none,"Karura forest excision — S. Kiruki, Lt. Gen. H. Njoroge & others",0
forest_excision_scheme_0206,Karura Pelican Engineering & Construction Co. Ltd.,,unknown,forest_excision_scheme,Private development,"June Moi, Pelican Engineering & Construction Co. Ltd.",,"Karura, Nairobi, Nairobi",18.41,Revoke,2,18,annex_02_forest _excisions _1962 _to_ date.csv,Excision: Pelican Engineering & Construction Co. Ltd.; BP No: 175/342; Year: 1994; Purpose: Private development; Status: Sold to NSSF; Remarks: Area not developed.,none,Karura forest excision — Pelican Engineering & Construction Co. Ltd.,0
forest_excision_scheme_0207,Karura Sardul Singh Virdi & Gurshran Kaur Virdi,,unknown,forest_excision_scheme,Private development,Sardul Singh Virdi & Gurshran Kaur Virdi,,"Karura, Nairobi, Nairobi",0.87,Revoke,2,19,annex_02_forest _excisions _1962 _to_ date.csv,Excision: Sardul Singh Virdi & Gurshran Kaur Virdi; BP No: Not available; Year: 1994; Purpose: Private development; Status: Not occupied; Legal procedure: Illegal; Remarks: Area is Registered as L.R.No.17942. It has been Sold to Peter Kamau. Area is not developed,none,Karura forest excision — Sardul Singh Virdi & Gurshran Kaur Virdi,0
forest_excision_scheme_0208,Ngong Mugumoini PCEA Church,,unknown,forest_excision_scheme,Expansion of the church,PCEA Dagoretti Parish & Others,,"Ngong, Nairobi, Nairobi",2.47,Revoke,2,19,annex_02_forest _excisions _1962 _to_ date.csv,Excision: Mugumoini PCEA Church; BP No: 175/338; Year: 1995; Purpose: Expansion of the church; Status: Not occupied; Legal procedure: Illegal; Remarks: Area not developed.,none,Ngong forest excision — Mugumoini PCEA Church,0
forest_excision_scheme_0209,Karura N.S.I.S Special School.,,unknown,forest_excision_scheme,Construction of School,National Security Intelligence Service,,"Karura, Nairobi, Nairobi",20.33,Legalise excision,2,19,annex_02_forest _excisions _1962 _to_ date.csv,Excision: N.S.I.S Special School.; BP No: Not available; Year: 1997; Purpose: Construction of School; Status: Occupied; Legal procedure: Illegal; Remarks: N.S.I.S. HQS. Built.,none,Karura forest excision — N.S.I.S Special School.,0
forest_excision_scheme_0210,Karura Mr. Julius Waweru Mungai,,unknown,forest_excision_scheme,Private development,Initially allocated to Hezekiah Kogo Karanja in 1992.,,"Karura, Nairobi, Nairobi",0.1899,Revoke,2,19,annex_02_forest _excisions _1962 _to_ date.csv,Excision: Mr. Julius Waweru Mungai; BP No: Not available; Year: 1996; Purpose: Private development; Status: Occupied; Legal procedure: Illegal; Remarks: The area is Developed.,none,Karura forest excision — Mr. Julius Waweru Mungai,0
forest_excision_scheme_0211,Karura Farmwell Promotions Ltd.,,unknown,forest_excision_scheme,Private development,Initially allocated to Hezekiah Kogo Karanja in 1992.,,"Karura, Nairobi, Nairobi",0.1887,Revoke,2,19,annex_02_forest _excisions _1962 _to_ date.csv,Excision: Farmwell Promotions Ltd.; BP No: Not available; Year: 1993; Purpose: Private development; Legal procedure: Illegal; Remarks: The area is not developed.,none,Karura forest excision — Farmwell Promotions Ltd.,0
forest_excision_scheme_0212,Karura Mr. Samson Muriithi Nduhiu,,unknown,forest_excision_scheme,Private development,Allocated in 1992,,"Karura, Nairobi, Nairobi",0.2179,Revoke,2,19,annex_02_forest _excisions _1962 _to_ date.csv,Excision: Mr. Samson Muriithi Nduhiu; BP No: Not available.; Year: 1992; Purpose: Private development; Status: Occupied; Legal procedure: Illegal; Remarks: The area is Developed.,none,Karura forest excision — Mr. Samson Muriithi Nduhiu,0
forest_excision_scheme_0213,Ngong Ngong road motel and Supermarket,,unknown,forest_excision_scheme,Private development,Private Developers,,"Ngong, Nairobi, Nairobi",8.8,Revoke,2,19,annex_02_forest _excisions _1962 _to_ date.csv,Excision: Ngong road motel and Supermarket; BP No: Not available; Year: 1997; Purpose: Private development; Status: Not occupied; Legal procedure: Illegal; Remarks: The area is not developed.,none,Ngong forest excision — Ngong road motel and Supermarket,0
forest_excision_scheme_0214,Ngong Ngong road hospital,,unknown,forest_excision_scheme,Private development,Private Developers,,"Ngong, Nairobi, Nairobi",8.55,Revoke,2,19,annex_02_forest _excisions _1962 _to_ date.csv,Excision: Ngong road hospital; BP No: 175/361 175/362; Year: 1997; Purpose: Private development; Status: Not occupied; Legal procedure: Illegal; Remarks: The area is not developed.,none,Ngong forest excision — Ngong road hospital,0
forest_excision_scheme_0215,Karura Agha Khan Cemetery,,unknown,forest_excision_scheme,Cemetery,Aghakan Community,,"Karura, Nairobi, Nairobi",8.00,Revoke,2,19,annex_02_forest _excisions _1962 _to_ date.csv,Excision: Agha Khan Cemetery; BP No: Not available; Year: 1998; Purpose: Cemetery; Status: Not occupied; Legal procedure: Illegal; Remarks: The area is not developed. A proposal was made.,none,Karura forest excision — Agha Khan Cemetery,0
forest_excision_scheme_0216,Karura ICRAF,,unknown,forest_excision_scheme,iCRAF Hqs,"ICRAF, Private developers.",,"Karura, Nairobi, Nairobi",8.10,Legalise excision for ICRAF and revoke the 5.1 ha allocated to individuals and now for a hotel construction.,2,20,annex_02_forest _excisions _1962 _to_ date.csv,Excision: ICRAF; BP No: 175/294; Year: 1989; Purpose: iCRAF Hqs; Status: 3.0 ha occupied by ICRAF. 5.1ha given to individuals not occupied.; Legal procedure: Illegal; Remarks: 3.00 hectares allocated to ICRAF is developed while the rest of 5.10 hectares is not developed.,none,Karura forest excision — ICRAF,0
forest_excision_scheme_0217,Karura Hon. J.J. Kamotho,,unknown,forest_excision_scheme,Private development,Hon. J.J Kamotho,,"Karura, Nairobi, Nairobi",2.67,Revoke,2,20,annex_02_forest _excisions _1962 _to_ date.csv,Excision: Hon. J.J. Kamotho; BP No: 175/293; Year: 1989; Purpose: Private development; Status: Not occupied; Legal procedure: Illegal; Remarks: Area not developed.,none,Karura forest excision — Hon. J.J. Kamotho,0
forest_excision_scheme_0218,Ngong St. Francis Church,,unknown,forest_excision_scheme,School establishment,St. Francis ACK Church.,,"Ngong, Nairobi, Nairobi",2.50,Revoke,2,20,annex_02_forest _excisions _1962 _to_ date.csv,Excision: St. Francis Church; BP No: Not available; Year: 1989; Purpose: School establishment; Status: Not occupied; Legal procedure: Illegal; Remarks: Area not developed.,none,Ngong forest excision — St. Francis Church,0
forest_excision_scheme_0219,Ngong Kenya Broadcasting Corporation,,unknown,forest_excision_scheme,Construction of KBC headquarters,40 47 ha surveyed for KBC.,,"Ngong, Nairobi, Nairobi",40.47,Revoke allocations to K.C.B. and any subsequent allottees,2,20,annex_02_forest _excisions _1962 _to_ date.csv,Excision: Kenya Broadcasting Corporation; BP No: 175/332; Year: 1988; Purpose: Construction of KBC headquarters; Status: Not occupied; Legal procedure: Illegal; Remarks: Area not developed,none,Ngong forest excision — Kenya Broadcasting Corporation,0
forest_excision_scheme_0220,Ngong Nairobi Women Prison Extension,,unknown,forest_excision_scheme,Expansion of Lang'ata women prison,"Some of the land transferred to private developers. eg Mr. Marimoi, former MP.",,"Ngong, Nairobi, Nairobi",8.80,Legalise excision for Prisons and revoke all others,2,20,annex_02_forest _excisions _1962 _to_ date.csv,Excision: Nairobi Women Prison Extension; BP No: Not available; Year: 1985; Purpose: Expansion of Lang'ata women prison; Status: Occupied; Legal procedure: Illegal; Remarks: Prison Dept. has developed a quarter of the area while the rest was allocated to Private Developers who have built the area.,none,Ngong forest excision — Nairobi Women Prison Extension,0
forest_excision_scheme_0221,Ngong Prisons industrial centre,,unknown,forest_excision_scheme,Exchange forest land,Land transferred to private developers.,,"Ngong, Nairobi, Nairobi",15.09,Revoke,2,20,annex_02_forest _excisions _1962 _to_ date.csv,Excision: Prisons industrial centre; BP No: 175/274; Year: 1985; Purpose: Exchange forest land; Status: Occupied; Legal procedure: Illegal; Remarks: This area was allocated to individuals who then transferred the land to among others: Catholic Church and Kenya Medical Resuscitation Centre. A big part of the area is developed.,none,Ngong forest excision — Prisons industrial centre,0
forest_excision_scheme_0222,Ngong Road Ngong Forest primary School,,unknown,forest_excision_scheme,School development,Nairobi City Council,,"Ngong, Nairobi, Nairobi",3.83,Revoke,2,21,annex_02_forest _excisions _1962 _to_ date.csv,Excision: Ngong Forest primary School; BP No: Not available; Year: 1982; Purpose: School development; Status: Occupied; Legal procedure: Illegal; Remarks: The School is located in Ngong Road Forest and it was intended to cater for the children of forest Workers. The additional requested area is not developed. The School does not require more land.,none,Ngong Road forest excision — Ngong Forest primary School,0
forest_excision_scheme_0223,Karura C R.D.O's Tumaini School,,unknown,forest_excision_scheme,School,Tumaini School,,"Karura, Nairobi, Nairobi",26.25,Revoke,2,21,annex_02_forest _excisions _1962 _to_ date.csv,Excision: C R.D.O's Tumaini School; BP No: 175/228; Year: 1980; Purpose: School; Status: Not occupied; Legal procedure: Illegal; Remarks: The area is not developed.,none,Karura forest excision — C R.D.O's Tumaini School,0
forest_excision_scheme_0224,Marmanet Uaso Narok,,unknown,forest_excision_scheme,Exchange with 12.57 neighbouring Lariak forest,F N Macharia and Forest Department,,"Marmanet, Laikipia, Rift Valley",14.16,Review,2,21,annex_02_forest _excisions _1962 _to_ date.csv,Excision: Uaso Narok; BP No: Not available; Year: 2000; Purpose: Exchange with 12.57 neighbouring Lariak forest; Status: Settled; Legal procedure: Illegal; Remarks: The Transfer is not finalized. Macharia was allocated 14.16 hectares in Uaso Narok Sett. Scheme.,none,Marmanet forest excision — Uaso Narok,0
forest_excision_scheme_0225,N. Tinderet. N. Tinderet,,unknown,forest_excision_scheme,School Development,Olenguse community,,"Cengalo, Uasin Gishu, Rift Valley",2,Revoke,2,22,annex_02_forest _excisions _1962 _to_ date.csv,Excision: N. Tinderet; BP No: Not available; Year: 2000; Purpose: School Development; Status: Not occupied; Legal procedure: Illegal; Remarks: The area is not developed,none,N. Tinderet. forest excision — N. Tinderet,0
forest_excision_scheme_0226,Lembus. Lembus,,unknown,forest_excision_scheme,Construction of public institutions.,Unknown,,"Lembus, Koibatek, Rift Valley",505.2,Revoke,2,22,annex_02_forest _excisions _1962 _to_ date.csv,Excision: Lembus; BP No: Not available; Year: 1999; Purpose: Construction of public institutions.; Status: Occupied; Legal procedure: Illegal; Remarks: Many Institutions and public amenities established in the forest without authority.,none,Lembus. forest excision — Lembus,0
forest_excision_scheme_0227,Kapchemutwa. Chebiemit Extension,,unknown,forest_excision_scheme,Extension of Divisional Hqs,Marakwet County Council,,"Cheptongei, Marakwet, Rift Valley",12.14,Revoke,2,22,annex_02_forest _excisions _1962 _to_ date.csv,Excision: Chebiemit Extension; BP No: Not available; Year: 1999; Purpose: Extension of Divisional Hqs; Status: Area Planned.; Legal procedure: Illegal; Remarks: A portion of the area is built.,none,Kapchemutwa. forest excision — Chebiemit Extension,0
forest_excision_scheme_0228,South Nandi Kobujoi Catholic Girls sec. School,,unknown,forest_excision_scheme,School development,Local community,,"South Nandi, Nandi, Rift Valley",20.23,Legalise school excision and revoke extra land,2,22,annex_02_forest _excisions _1962 _to_ date.csv,Excision: Kobujoi Catholic Girls sec. School; BP No: Not available; Year: 1999; Purpose: School development; Status: Not occupied; Legal procedure: Illegal; Remarks: 16.00 hectares surveyed for Fr.Myer's School. The girls School is already established. Issue a renewable license.,none,South Nandi forest excision — Kobujoi Catholic Girls sec. School,0
forest_excision_scheme_0229,South Nandi Kobujoi,,unknown,forest_excision_scheme,Settlement of people displaced by Kaptkolei Sec. School,S. K. Cheramboss,,"South Nandi, Nandi, Rift Valley",23.66,Revoke,2,22,annex_02_forest _excisions _1962 _to_ date.csv,Excision: Kobujoi; BP No: 180/240; Year: 1999; Purpose: Settlement of people displaced by Kaptkolei Sec. School; Status: Not occupied; Legal procedure: Illegal; Remarks: Area not Settled,none,South Nandi forest excision — Kobujoi,0
forest_excision_scheme_0230,South Nandi Chepkumai/ Ngerek land exchange,,unknown,forest_excision_scheme,Exchange 989.17 ha with farmers on hilly terrain,"Sally Kosgei, Henry Kosgey, Zakayo Cheruiyot and others",,"South Nandi, Nandi, Rift Valley",1170.0,Revoke,2,22,annex_02_forest _excisions _1962 _to_ date.csv,Excision: Chepkumai/ Ngerek land exchange; BP No: Not available; Year: 1999; Purpose: Exchange 989.17 ha with farmers on hilly terrain; Status: Not occupied; Legal procedure: Illegal; Remarks: There is conflict in the ex-change as Ngerek Communiyt was left out.,none,South Nandi forest excision — Chepkumai/ Ngerek land exchange,0
forest_excision_scheme_0231,Chepalungu Chepalungu,,unknown,forest_excision_scheme,School development,Chelelach Primary School,,"Chepalungu, Bomet, Rift Valley",6.071,Legalise excision.,2,24,annex_02_forest _excisions _1962 _to_ date.csv,Excision: Chepalungu; BP No: 180/231; Year: 1992; Purpose: School development; Status: School established; Legal procedure: Illegal; Remarks: Only about 3.00 ha. Is utilized.,none,Chepalungu forest excision — Chepalungu,0
forest_excision_scheme_0232,Chepalungu Siongroi Girls Sec School,,unknown,forest_excision_scheme,School development,Siongroi Girls school,,"Chepalungu, Bomet, Rift Valley",7.956,Legalise excision.,2,24,annex_02_forest _excisions _1962 _to_ date.csv,Excision: Siongroi Girls Sec School; BP No: 180/233; Year: 1994; Purpose: School development; Status: School established; Legal procedure: Illegal; Remarks: The School has added it self another 8 hectares,none,Chepalungu forest excision — Siongroi Girls Sec School,0
forest_excision_scheme_0233,"S.W, Mau Bomet County Council",,unknown,forest_excision_scheme,Tea development,Bomet County Council,,"Chepalungu/ Olenguruone, Bomet, Rift Valley",102.179,Revoke,2,24,annex_02_forest _excisions _1962 _to_ date.csv,Excision: Bomet County Council; BP No: 175/344; Year: 1994; Purpose: Tea development; Status: Tea established; Legal procedure: Illegal,none,"S.W, Mau forest excision — Bomet County Council",0
forest_excision_scheme_0234,Chepalungu Bomet County Council,,unknown,forest_excision_scheme,Expansion of Market and a Church,Siongroi Market and a Church,,"Chepalungu, Bomet, Rift Valley",64.75,Revoke,2,24,annex_02_forest _excisions _1962 _to_ date.csv,Excision: Bomet County Council; BP No: 180/232; Year: 1995; Purpose: Expansion of Market and a Church; Status: Partly established; Legal procedure: Illegal; Remarks: The area is Partially,none,Chepalungu forest excision — Bomet County Council,0
forest_excision_scheme_0235,Lelan Lelan,,unknown,forest_excision_scheme,Settle landless people,Landless People,,"West Pokot, Kapenguria, Rift Valley",601.5,Legalise the settlement,2,24,annex_02_forest _excisions _1962 _to_ date.csv,Excision: Lelan; BP No: Not available; Year: 1995; Purpose: Settle landless people; Status: Partially Settled; Legal procedure: Illegal; Remarks: Area is settled,none,Lelan forest excision — Lelan,0
forest_excision_scheme_0236,Kaptagat. Kaptagat /Kipturos,,unknown,forest_excision_scheme,Exchange with 44.796 neighbouring Tapendo block,Tapendo farmers/ Forest Department,,"Kaptagat, Keiyo, Rift Valley",44.796,Investigate,2,24,annex_02_forest _excisions _1962 _to_ date.csv,Excision: Kaptagat /Kipturos; BP No: Not available; Year: 1990; Purpose: Exchange with 44.796 neighbouring Tapendo block; Status: Occupied; Legal procedure: Illegal,none,Kaptagat. forest excision — Kaptagat /Kipturos,0
forest_excision_scheme_0237,Kapchemutwa. Chebara A,,unknown,forest_excision_scheme,Expansion of Chebara market,Keiyo County council,,"Elgeyo, Keiyo, Rift Valley",34,Investigate,2,24,annex_02_forest _excisions _1962 _to_ date.csv,Excision: Chebara A; BP No: Not available; Year: 1992; Purpose: Expansion of Chebara market; Status: Occupied; Legal procedure: Illegal; Remarks: A shopping centre is built.,none,Kapchemutwa. forest excision — Chebara A,0
forest_excision_scheme_0238,Kapchemutwa Kapchoroa,,unknown,forest_excision_scheme,Settlement,Landless People,,"Kapchoroa, Keiyo, Rift Valley",148,Revoke,2,24,annex_02_forest _excisions _1962 _to_ date.csv,Excision: Kapchoroa; BP No: Not available; Year: 1993; Purpose: Settlement; Status: Not occupied; Legal procedure: Legalise; Remarks: Area is settled.,none,Kapchemutwa forest excision — Kapchoroa,0
forest_excision_scheme_0239,Kaptagat Kaptagat,,unknown,forest_excision_scheme,Relocation of sawmill,Kaptagat sawmill,,"Kaptagat, Keiyo, Rift Valley",58.27,Revoke,2,24,annex_02_forest _excisions _1962 _to_ date.csv,Excision: Kaptagat; BP No: Not available; Year: 1994; Purpose: Relocation of sawmill; Status: Not occupied; Legal procedure: Illegal; Remarks: Exchange has not been consummated,none,Kaptagat forest excision — Kaptagat,0
forest_excision_scheme_0240,Kipkabus Kibonge (Tingwa),,unknown,forest_excision_scheme,Exchange with 94.88 neighbouring Tingua Forest Reserve,Tingwa people/Forest Department,,"Kipkabus, Keiyo, Rift Valley",475,Revoke,2,24,annex_02_forest _excisions _1962 _to_ date.csv,Excision: Kibonge (Tingwa); BP No: Not available; Year: 1995; Purpose: Exchange with 94.88 neighbouring Tingua Forest Reserve; Status: Occupied; Legal procedure: Illegal; Remarks: The beneficiaries Have not surrendered their Title deeds to the Forest Department,none,Kipkabus forest excision — Kibonge (Tingwa),0
forest_excision_scheme_0241,Kitale Township Kitale Municipal Expansion,,unknown,forest_excision_scheme,Various development programmes.,Kitale Municipal council,,"Kitale, Trans Nzoia, Rift Valley",92.27,Revoke,2,23,annex_02_forest _excisions _1962 _to_ date.csv,Excision: Kitale Municipal Expansion; BP No: Not available; Year: 1999; Purpose: Various development programmes.; Status: Area not occupied.; Legal procedure: Illegal; Remarks: The area is not developed,none,Kitale Township forest excision — Kitale Municipal Expansion,0
forest_excision_scheme_0242,Kapolet Sengwer,,unknown,forest_excision_scheme,Settlement of squatters who had invaded ADC Mitimani Farm.,Area is a critical catchment for river Nzoia. Undeserving people given.,,"Kapolet, Trans Nzoia, Rift Valley",513.76,Revoke,2,23,annex_02_forest _excisions _1962 _to_ date.csv,Excision: Sengwer; BP No: Not available; Year: 1999; Purpose: Settlement of squatters who had invaded ADC Mitimani Farm.; Status: Area occupied illegally.; Legal procedure: Illegal; Remarks: The area is settled. Review with a view to exclude ecologically sensitive areas.,none,Kapolet forest excision — Sengwer,0
forest_excision_scheme_0243,Sikhendu Sikhendu,,unknown,forest_excision_scheme,Not known,Not koown.,,"Saboti, Trans Nzoia, Rift Valley",804.1,Revoke,2,23,annex_02_forest _excisions _1962 _to_ date.csv,Excision: Sikhendu; BP No: Not available; Year: 1999; Purpose: Not known; Status: Area not occupied.; Legal procedure: Illegal; Remarks: The forest is intact,none,Sikhendu forest excision — Sikhendu,0
forest_excision_scheme_0244,Loitokitok Mrs. Siyote,,unknown,forest_excision_scheme,Farming,Mrs. Siyote,,"Loitokitok, Kajiado, Rift Valley",6.1,Revoke,2,23,annex_02_forest _excisions _1962 _to_ date.csv,Excision: Mrs. Siyote; BP No: Not available; Year: 2001; Purpose: Farming; Status: Occupied; Legal procedure: Illegal; Remarks: Area allocated by DC Kajiado.,none,Loitokitok forest excision — Mrs. Siyote,0
forest_excision_scheme_0245,Kimojoch Extension of Sacho Girls High School,,unknown,forest_excision_scheme,Eco-tourism,Sacho Girls High School,,"Kimojoch, Baringo, Rift Valley",47.71,Revoke,2,23,annex_02_forest _excisions _1962 _to_ date.csv,Excision: Extension of Sacho Girls High School; BP No: 175/302; Year: 2002; Purpose: Eco-tourism; Status: Already taken position of the area.; Legal procedure: Illegal; Remarks: Area not developed. Also Sacho High School is occupying 18.4 hectares.,none,Kimojoch forest excision — Extension of Sacho Girls High School,0
forest_excision_scheme_0246,Ol'Arabel Ol'Arabel,,unknown,forest_excision_scheme,Settlement,Landless People,,"Ol'Arabel, Baringo, Rift Valley",6.273,Legalise excision occupied,2,23,annex_02_forest _excisions _1962 _to_ date.csv,Excision: Ol'Arabel; BP No: Not available; Year: 1993; Purpose: Settlement; Status: Partially Settled; Legal procedure: Illegal; Remarks: Area Developed,none,Ol'Arabel forest excision — Ol'Arabel,0
forest_excision_scheme_0247,Mutarakwa Mutarakwa,,unknown,forest_excision_scheme,Tenges Health Centre,Local community,,"Mutarakwa, Baringo, Rift Valley",4.50,Legalise excision,2,23,annex_02_forest _excisions _1962 _to_ date.csv,Excision: Mutarakwa; BP No: Not available; Year: 1995; Purpose: Tenges Health Centre; Status: Occupied; Legal procedure: Illegal; Remarks: Area Developed,none,Mutarakwa forest excision — Mutarakwa,0
forest_excision_scheme_0248,Mutarakwa Mutarakwa,,unknown,forest_excision_scheme,School Development,Local community,,"Mutarakwa, Baringo, Rift Valley",5.45,Legalise excision,2,23,annex_02_forest _excisions _1962 _to_ date.csv,Excision: Mutarakwa; BP No: Not available; Year: 1995; Purpose: School Development; Status: Occupied; Legal procedure: Illegal; Remarks: Area Developed,none,Mutarakwa forest excision — Mutarakwa,0
forest_excision_scheme_0249,Mutarakwa Tenges Trading Centre,,unknown,forest_excision_scheme,"Business plots, Cereals Board, Divisional HQs, KPTC tree nursery.",Baringo County Council,,"Tenges, Baringo, Rift Valley",18.60,Legalise excision,2,23,annex_02_forest _excisions _1962 _to_ date.csv,"Excision: Tenges Trading Centre; BP No: Not available; Year: 1995; Purpose: Business plots, Cereals Board, Divisional HQs, KPTC tree nursery.; Status: Occupied; Legal procedure: Illegal; Remarks: Area Developed",none,Mutarakwa forest excision — Tenges Trading Centre,0
forest_excision_scheme_0250,Mutarakwa Tenges Secondary School,,unknown,forest_excision_scheme,Tenges Secondary School,Tenges Secondary School,,"Tenges, Baringo, Rift Valley",5.45,Legalise excision,2,23,annex_02_forest _excisions _1962 _to_ date.csv,Excision: Tenges Secondary School; BP No: Not available; Year: 1995; Purpose: Tenges Secondary School; Status: Occupied; Legal procedure: Illegal; Remarks: Area Developed,none,Mutarakwa forest excision — Tenges Secondary School,0
forest_excision_scheme_0251,Kaptagat Kaptagat,,unknown,forest_excision_scheme,Divisional Hqs,Government,,"Kaptagat, Keiyo, Rift Valley",32.37,Revoke,2,25,annex_02_forest _excisions _1962 _to_ date.csv,Excision: Kaptagat; BP No: Not available; Year: 1998; Purpose: Divisional Hqs; Status: Not occupied; Legal procedure: Investigate; Remarks: Most of the area is not developed,none,Kaptagat forest excision — Kaptagat,0
forest_excision_scheme_0252,Kipkabus Kipkabus/Kibonge,,unknown,forest_excision_scheme,Settlement,Landless People,,"Kipkabus, Keiyo, Rift Valley",475,Revoke,2,25,annex_02_forest _excisions _1962 _to_ date.csv,Excision: Kipkabus/Kibonge; BP No: Not available; Year: 1998; Purpose: Settlement; Status: Partially occupied; Legal procedure: Illegal; Remarks: The beneficiaries Have not surrendered their Title deeds to the Forest Department,none,Kipkabus forest excision — Kipkabus/Kibonge,0
forest_excision_scheme_0253,Mt. Londiani Londiani,,unknown,forest_excision_scheme,Extension of Londiani Town,Londiani Town Council,,"Londiani, Kencho, Rift Valley",17.37,Revoke,2,25,annex_02_forest _excisions _1962 _to_ date.csv,Excision: Londiani; BP No: Not available; Year: 1992; Purpose: Extension of Londiani Town; Status: Area not occupied; Legal procedure: Illegal; Remarks: Area is still forestland.,none,Mt. Londiani forest excision — Londiani,0
forest_excision_scheme_0254,S.W. Mau Saosa,,unknown,forest_excision_scheme,Agricultural development,Kencho Rural Multi-purpose Co-operative society,,"Kericho, Kencho, Rift Valley",74.72,Revoke,2,25,annex_02_forest _excisions _1962 _to_ date.csv,Excision: Saosa; BP No: 175/348; Year: 1994; Purpose: Agricultural development; Status: Area under tea; Legal procedure: Illegal; Remarks: Area planted with Tea. A license at Market value should be issued.,none,S.W. Mau forest excision — Saosa,0
forest_excision_scheme_0255,S.W. Mau S W. Mau,,unknown,forest_excision_scheme,Agricultural development,Kencho Rural Multi-purpose Co-operative society,,"Kencho, Kencho, Rift Valley",5.14,Revoke,2,25,annex_02_forest _excisions _1962 _to_ date.csv,Excision: S W. Mau; BP No: 175/350; Year: 1994; Purpose: Agricultural development; Status: Area under tea; Legal procedure: Illegal; Remarks: Area planted with Tea. A license at Market value should be issued,none,S.W. Mau forest excision — S W. Mau,0
forest_excision_scheme_0256,S W. Mau S W. Mau,,unknown,forest_excision_scheme,Agricultural development,Kencho Rural Multi-purpose Co-operative society,,"Kencho, Kencho, Rift Valley",292.97,Revoke,2,25,annex_02_forest _excisions _1962 _to_ date.csv,Excision: S W. Mau; BP No: 175/351; Year: 1994; Purpose: Agricultural development; Status: Area under tea; Legal procedure: Illegal; Remarks: Area planted with Tea. A license at Market value should be issued,none,S W. Mau forest excision — S W. Mau,0
forest_excision_scheme_0257,W.Mau Frankways Sawmills,,unknown,forest_excision_scheme,Construction of a Sawmill,Hon Franklin Bett,,"Kensoi, Kencho, Rift Valley",10,Revoke,2,25,annex_02_forest _excisions _1962 _to_ date.csv,Excision: Frankways Sawmills; BP No: Not available; Year: 1995; Purpose: Construction of a Sawmill; Status: Area occupied; Legal procedure: Illegal; Remarks: The area is too big for a Saw Mill,none,W.Mau forest excision — Frankways Sawmills,0
forest_excision_scheme_0258,Mount Londiani Business plots along Sabatia Railway Station.,,unknown,forest_excision_scheme,Business plots,Not known,,"Sabatia, Koibatek, Rift Valley",19.98,Legalize,2,25,annex_02_forest _excisions _1962 _to_ date.csv,Excision: Business plots along Sabatia Railway Station.; BP No: Not available; Year: 1993; Purpose: Business plots; Status: Occupied; Legal procedure: Illegal; Remarks: Area is settled. Agricultural plots of approximately 2.5 ha were established,none,Mount Londiani forest excision — Business plots along Sabatia Railway Station.,0
forest_excision_scheme_0259,Mount Londiani Makutano Police Station,,unknown,forest_excision_scheme,Police Station,Police Department,,"Maji Mazuri, Koibatek, Rift Valley",4.00,Revoke,2,26,annex_02_forest _excisions _1962 _to_ date.csv,Excision: Makutano Police Station; BP No: Not available; Year: 1993; Purpose: Police Station; Status: Occupied; Legal procedure: Legalize; Remarks: The area is developed,none,Mount Londiani forest excision — Makutano Police Station,0
forest_excision_scheme_0260,Marmanet Marmanet,,unknown,forest_excision_scheme,School Development,Gaitero Primary School,,"Marmanet, Laikipia, Rift Valley",4.1,Finalize the de-gazettement,2,26,annex_02_forest _excisions _1962 _to_ date.csv,Excision: Marmanet; BP No: Not available; Year: 1992; Purpose: School Development; Status: School established; Legal procedure: Illegal; Remarks: School is built,none,Marmanet forest excision — Marmanet,0
forest_excision_scheme_0261,Mukogondo Mukogondo,,unknown,forest_excision_scheme,Settlement,Landless People,,"Mukogondo, Laikipia, Rift Valley",15.000,Revoke Thus is a catchment area,2,26,annex_02_forest _excisions _1962 _to_ date.csv,Excision: Mukogondo; BP No: Not available; Year: 1998; Purpose: Settlement; Status: Squatters in the Forest; Legal procedure: Illegal; Remarks: The land is still forestland,none,Mukogondo forest excision — Mukogondo,0
forest_excision_scheme_0262,Turbo Mautuma Settlement,,unknown,forest_excision_scheme,Settle landless people,Landless People,,"Turbo, Lugari, Rift Valley",1242.00,Review with a view to exclude ecological sensitive areas,2,26,annex_02_forest _excisions _1962 _to_ date.csv,Excision: Mautuma Settlement; BP No: Not available; Year: 1994; Purpose: Settle landless people; Status: Occupied; Legal procedure: Investigate; Remarks: Area is already settled,none,Turbo forest excision — Mautuma Settlement,0
forest_excision_scheme_0263,"Kapchemutwa. Chebara, Kapkoros",,unknown,forest_excision_scheme,Expansion of Kapsowa Town,Marakwet County Council,,"Cheptongei, Marakwet, Rift Valley",73,Legalise and exclude unsettled areas,2,26,annex_02_forest _excisions _1962 _to_ date.csv,"Excision: Chebara, Kapkoros; BP No: Not available; Year: 1992; Purpose: Expansion of Kapsowa Town; Status: Occupied; Legal procedure: Illegal; Remarks: The land is set aside for 22 families displaced by Kapsowar district Hqs.The area is partially settled",none,"Kapchemutwa. forest excision — Chebara, Kapkoros",0
forest_excision_scheme_0264,Bahati Bahati,,unknown,forest_excision_scheme,Market expansion,Nakuru County Council,,"Dundon, Nakuru, Rift Valley",84.9,Investigate,2,26,annex_02_forest _excisions _1962 _to_ date.csv,Excision: Bahati; BP No: 175/340; Year: 1994; Purpose: Market expansion; Status: Plots issued; Legal procedure: Illegal; Remarks: The area is settled,none,Bahati forest excision — Bahati,0
forest_excision_scheme_0265,S W Mau S W. Mau,,unknown,forest_excision_scheme,Settlement,Landless People,,"Keringet, Nakuru, Rift Valley",1687.2,Revoke,2,26,annex_02_forest _excisions _1962 _to_ date.csv,Excision: S W. Mau; BP No: 175/360; Year: 1997; Purpose: Settlement; Status: Not fully settled; Legal procedure: Illegal; Remarks: Not landless settled,none,S W Mau forest excision — S W. Mau,0
forest_excision_scheme_0266,North Nandi Teressia,,unknown,forest_excision_scheme,Settlement,5 displaced individuals.,,"North Nandi, Nandi, Rift Valley",12.95,Revoke,2,26,annex_02_forest _excisions _1962 _to_ date.csv,Excision: Teressia; BP No: Not available; Year: 1993; Purpose: Settlement; Status: Not occupied; Legal procedure: Illegal; Remarks: Area is settled.,none,North Nandi forest excision — Teressia,0
forest_excision_scheme_0267,South Nandi AIC Chebisas,,unknown,forest_excision_scheme,School Development,Local community,,"South Nandi, Nandi, Rift Valley",44.03,Legalise area downwards including the area under Tea Zone,2,27,annex_02_forest _excisions _1962 _to_ date.csv,Excision: AIC Chebisas; BP No: Not available; Year: 1996; Purpose: School Development; Status: Partially occupied; Legal procedure: Illegal; Remarks: An area of 59.30Ha was surveyed by the school and thus exceeding the authorized area by 15 hectares,none,South Nandi forest excision — AIC Chebisas,0
forest_excision_scheme_0268,South Nandi Kobujoi,,unknown,forest_excision_scheme,Expansion of Kobujoi town,Nandi County Council,,"South Nandi, Nandi, Rift Valley",12.14,Legalise excision,2,27,annex_02_forest _excisions _1962 _to_ date.csv,Excision: Kobujoi; BP No: Not available; Year: 1996; Purpose: Expansion of Kobujoi town; Status: Occupied; Legal procedure: Illegal; Remarks: The area is built,none,South Nandi forest excision — Kobujoi,0
forest_excision_scheme_0269,North Nandi North Nandi,,unknown,forest_excision_scheme,Ngerek dispensary and farming,Local community,,"North Nandi, Nandi, Rift Valley",20.21,Revoke,2,27,annex_02_forest _excisions _1962 _to_ date.csv,Excision: North Nandi; BP No: Not available; Year: 1996; Purpose: Ngerek dispensary and farming; Status: Not occupied; Legal procedure: Illegal; Remarks: The area is still Forest. The proposed amenities are not yet constructed.,none,North Nandi forest excision — North Nandi,0
forest_excision_scheme_0270,North Nandi Teressia,,unknown,forest_excision_scheme,Settlement,Two individuals,,"North Nandi, Nandi, Rift Valley",9.36,Revoke,2,27,annex_02_forest _excisions _1962 _to_ date.csv,Excision: Teressia; BP No: Not available; Year: 1997; Purpose: Settlement; Status: Not occupied; Legal procedure: Illegal; Remarks: Area is settled.,none,North Nandi forest excision — Teressia,0
forest_excision_scheme_0271,Kitalare Kitalale,,unknown,forest_excision_scheme,Maize seed development,Undeserving influential people.,,"Katalale, Trans Nzoia, Rift Valley",1609.90,Revoke,2,27,annex_02_forest _excisions _1962 _to_ date.csv,Excision: Kitalale; BP No: Not available; Year: 1994; Purpose: Maize seed development; Status: Area occupied; Legal procedure: Illegal; Remarks: Area is settled.,none,Kitalare forest excision — Kitalale,0
forest_excision_scheme_0272,Mount Elgon Exttension of Suam Town,,unknown,forest_excision_scheme,Establish Suam Town.,County Council,,"Trans Nzoia, Rift Valley",112.86,Revoke,2,27,annex_02_forest _excisions _1962 _to_ date.csv,Excision: Exttension of Suam Town; BP No: Not available; Year: 1997; Purpose: Establish Suam Town.; Status: Area not occupied.; Legal procedure: Illegal; Remarks: Authority to extend the town Has not been granted The area remains forest,none,Mount Elgon forest excision — Exttension of Suam Town,0
forest_excision_scheme_0273,Kitale Kitale Municipal Expansion,,unknown,forest_excision_scheme,Kitale municipal development programmes,Kitale Municipal council,,"Kitale, Trans Nzoia, Rift Valley",32.37,Revoke,2,27,annex_02_forest _excisions _1962 _to_ date.csv,Excision: Kitale Municipal Expansion; BP No: Not available; Year: 1998; Purpose: Kitale municipal development programmes; Status: Area not occupied.; Legal procedure: Illegal; Remarks: The area is not developed.,none,Kitale forest excision — Kitale Municipal Expansion,0
forest_excision_scheme_0274,Kitale Kitale Municipal Expansion,,unknown,forest_excision_scheme,Kitale municipal development programmes,Kitale Municipal council,,"Kitale, Trans Nzoia, Rift Valley",6.07,Revoke,2,27,annex_02_forest _excisions _1962 _to_ date.csv,Excision: Kitale Municipal Expansion; BP No: Not available; Year: 1998; Purpose: Kitale municipal development programmes; Status: Area not occupied; Legal procedure: Illegal; Remarks: The area is not developed,none,Kitale forest excision — Kitale Municipal Expansion,0
forest_excision_scheme_0275,Kitale Kitale Municipal Expansion,,unknown,forest_excision_scheme,Kitale municipal development programmes,Kitale Municipal council,,"Kitale, Trans Nzoia, Rift Valley",6.07,Revoke,2,28,annex_02_forest _excisions _1962 _to_ date.csv,Excision: Kitale Municipal Expansion; BP No: Not available; Year: 1998; Purpose: Kitale municipal development programmes; Status: Area not occupied; Legal procedure: Illegal; Remarks: The area is not developed,none,Kitale forest excision — Kitale Municipal Expansion,0
forest_excision_scheme_0276,Kitale Kitale Municipal Expansion,,unknown,forest_excision_scheme,Kitale municipal development programmes,Kitale Municipal council,,"Kitale, Trans Nzoia, Rift Valley",25.7,Revoke.,2,28,annex_02_forest _excisions _1962 _to_ date.csv,Excision: Kitale Municipal Expansion; BP No: Not available; Year: 1998; Purpose: Kitale municipal development programmes; Status: Area not occupied; Legal procedure: Illegal; Remarks: Area is settled,none,Kitale forest excision — Kitale Municipal Expansion,0
forest_excision_scheme_0277,Eldoret Eldoret,,unknown,forest_excision_scheme,Industrial development,M/s Rodah Bett and others,,"Eldoret, Uasin-Gishu, Rift Valley",3.13,Revoke,2,28,annex_02_forest _excisions _1962 _to_ date.csv,Excision: Eldoret; BP No: 175/315; Year: 1991; Purpose: Industrial development; Status: Not occupied; Legal procedure: Illegal; Remarks: Area is settled,none,Eldoret forest excision — Eldoret,0
forest_excision_scheme_0278,Eldoret Eldoret,,unknown,forest_excision_scheme,Expansion of cemetery,Eldoret county council,,"Eldoret, Uasin-Gishu, Rift Valley",16,Revoke.,2,28,annex_02_forest _excisions _1962 _to_ date.csv,Excision: Eldoret; BP No: Not available; Year: 1994; Purpose: Expansion of cemetery; Status: Not occupied; Legal procedure: Illegal; Remarks: Area is settled,none,Eldoret forest excision — Eldoret,0
forest_excision_scheme_0279,North Tinderet Cengalo,,unknown,forest_excision_scheme,Settle landless people,Landless People,,"Cengalo, Uasin-Gishu, Rift Valley",711.7,Revoke,2,28,annex_02_forest _excisions _1962 _to_ date.csv,Excision: Cengalo; BP No: Not available; Year: 1994; Purpose: Settle landless people; Status: Not occupied; Legal procedure: Illegal; Remarks: An area of 12.14 hectares is being developed for GSU Company The rest of the area is intact,none,North Tinderet forest excision — Cengalo,0
forest_excision_scheme_0280,Lelan Kaprech Primary School,,unknown,forest_excision_scheme,Construction of Kaprech Primary School,Kaprech Primary School,,"Kapenguria, West Pokot, Rift Valley",10.00,Revoke,2,28,annex_02_forest _excisions _1962 _to_ date.csv,Excision: Kaprech Primary School; BP No: Not available; Year: 1998; Purpose: Construction of Kaprech Primary School; Status: Not occupied; Legal procedure: Illegal; Remarks: The school is not yet built,none,Lelan forest excision — Kaprech Primary School,0
forest_excision_scheme_0281,Katimok Katimok,,unknown,forest_excision_scheme,School Development,Local community,,"Katimok, Baringo, Rift Valley",13.27,Legalise the excision,2,28,annex_02_forest _excisions _1962 _to_ date.csv,Excision: Katimok; BP No: Not available; Year: 1988; Purpose: School Development; Status: Occupied; Legal procedure: Illegal; Remarks: The area is occupied.,none,Katimok forest excision — Katimok,0
forest_excision_scheme_0282,Katimok Katimok,,unknown,forest_excision_scheme,Divisional Hqs,Government,,"Katimok, Baringo, Rift Valley",6.79,Legalise,2,28,annex_02_forest _excisions _1962 _to_ date.csv,Excision: Katimok; BP No: Not available; Year: 1988; Purpose: Divisional Hqs; Status: Occupied; Legal procedure: Illegal; Remarks: The area is occupied.,none,Katimok forest excision — Katimok,0
forest_excision_scheme_0283,Katimok Katimok,,unknown,forest_excision_scheme,School Development,Local community,,"Katimok, Baringo, Rift Valley",8.91,Legalise,2,28,annex_02_forest _excisions _1962 _to_ date.csv,Excision: Katimok; BP No: Not available; Year: 1988; Purpose: School Development; Status: Occupied; Legal procedure: Illegal; Remarks: The area is occupied.,none,Katimok forest excision — Katimok,0
forest_excision_scheme_0284,Katimok Katimok,,unknown,forest_excision_scheme,Kabartojo Hospital,Local community,,"Katimok, Baringo, Rift Valley",5.01,Legalise,2,28,annex_02_forest _excisions _1962 _to_ date.csv,Excision: Katimok; BP No: Not available; Year: 1988; Purpose: Kabartojo Hospital; Status: Occupied; Legal procedure: Illegal; Remarks: The area is occupied.,none,Katimok forest excision — Katimok,0
forest_excision_scheme_0285,Ngong Ngong Hills,,unknown,forest_excision_scheme,Settlement,"Puler, Joyce Kimonjuno and Ole Mpaayei",,"Ngong, Kajiado, Rift Valley",19.16,Revoke,2,29,annex_02_forest _excisions _1962 _to_ date.csv,Excision: Ngong Hills; BP No: Not available; Year: 1988; Purpose: Settlement; Status: Occupied; Legal procedure: Illegal; Remarks: The forest was granted by D C Kajiado,none,Ngong forest excision — Ngong Hills,0
forest_excision_scheme_0286,Ururu Ururu,,unknown,forest_excision_scheme,Farming,Dr Yego,,"Kimondi, Nandi, Rift Valley",18.53,Revoke,2,29,annex_02_forest _excisions _1962 _to_ date.csv,Excision: Ururu; BP No: Not available; Year: 1988; Purpose: Farming; Status: Not occupied; Legal procedure: Illegal; Remarks: Tea farming established,none,Ururu forest excision — Ururu,0
forest_excision_scheme_0287,Trans-Mara Kiptagish,,unknown,forest_excision_scheme,Farming,Daniel Toroituch Arap Moi,,"Transmara, Narok, Rift Valley",937.70,Revoke,2,29,annex_02_forest _excisions _1962 _to_ date.csv,Excision: Kiptagish; BP No: 180/213; Year: 1988; Purpose: Farming; Status: Occupied; Legal procedure: Illegal; Remarks: Tea farming and factory established,none,Trans-Mara forest excision — Kiptagish,0
forest_excision_scheme_0288,Ololua Nkaiseri Primary School,,unknown,forest_excision_scheme,School,Local communities,,"Ololua, Kajiado, Rift Valley",6.07,Legalise,2,29,annex_02_forest _excisions _1962 _to_ date.csv,Excision: Nkaiseri Primary School; BP No: Not available; Year: 1992; Purpose: School; Status: Occupied; Legal procedure: Illegal; Remarks: Primary school established,none,Ololua forest excision — Nkaiseri Primary School,0
forest_excision_scheme_0289,Ololua Nkaimuruny a Primary School,,unknown,forest_excision_scheme,School,Local communities,,"Ololua, Kajiado, Rift Valley",10.0,Legalise,2,29,annex_02_forest _excisions _1962 _to_ date.csv,Excision: Nkaimuruny a Primary School; BP No: Not available; Year: 1992; Purpose: School; Status: Occupied; Legal procedure: Illegal; Remarks: Primary school established,none,Ololua forest excision — Nkaimuruny a Primary School,0
forest_excision_scheme_0290,Olposmoru Olposmoru,,unknown,forest_excision_scheme,"Exchange with 45,744 ha of Masai Mau County Council forest",Local residents,,"Olposmoru, Narok, Rift Valley","20,115",Legalise excision and gazette the exchange,2,29,annex_02_forest _excisions _1962 _to_ date.csv,"Excision: Olposmoru; BP No: Not available; Year: 1975; Purpose: Exchange with 45,744 ha of Masai Mau County Council forest; Status: Occupied; Legal procedure: Illegal; Remarks: Settlement was established",none,Olposmoru forest excision — Olposmoru,0
forest_excision_scheme_0291,Kipkabus Kipkabus,,unknown,forest_excision_scheme,Exchange with Mr Kandie,Mr Kandie and Forest Department,,"Kipkabus, Keiyo, Rift Valley",95.46,Revoke,2,29,annex_02_forest _excisions _1962 _to_ date.csv,Excision: Kipkabus; BP No: 175/282; Year: 1987; Purpose: Exchange with Mr Kandie; Status: Occupied; Legal procedure: Illegal; Remarks: The area was allocated by commissioner of lands,none,Kipkabus forest excision — Kipkabus,0
forest_excision_scheme_0292,Kipkabus Kipkabus,,unknown,forest_excision_scheme,Settlement Area bought from EATEC for pulpwood development,Landless People,,"Kipkabus, Keiyo, Rift Valley",3916.5,Legalise exclude ecologically sensitive areas,2,29,annex_02_forest _excisions _1962 _to_ date.csv,Excision: Kipkabus; BP No: Not available; Year: 1986; Purpose: Settlement Area bought from EATEC for pulpwood development; Status: Occupied; Legal procedure: Illegal; Remarks: The area is settled,none,Kipkabus forest excision — Kipkabus,0
forest_excision_scheme_0293,Eastern Eastern Mau,,unknown,forest_excision_scheme,Extension of Elburgon township,Elburgon Urban Council,,"Elburgon, Nakuru, Rift Valley",65.16,Revoke,2,29,annex_02_forest _excisions _1962 _to_ date.csv,Excision: Eastern Mau; BP No: Not available; Year: 1983; Purpose: Extension of Elburgon township; Status: Not occupied; Legal procedure: Illegal; Remarks: The area is still forest,none,Eastern forest excision — Eastern Mau,0
forest_excision_scheme_0294,Kitale Kitale ASK show ground extension,,unknown,forest_excision_scheme,Kitale Municipal development programmes,ASK,,"Kitale, Trans Nzoia, Rift Valley",19.69,Revoke,2,29,annex_02_forest _excisions _1962 _to_ date.csv,Excision: Kitale ASK show ground extension; BP No: 175/358; Year: 1981; Purpose: Kitale Municipal development programmes; Status: Area not occupied.; Legal procedure: Illegal; Remarks: The area is still forest,none,Kitale forest excision — Kitale ASK show ground extension,0
forest_excision_scheme_0295,Kapchemutwa Sing'ore girls,,unknown,forest_excision_scheme,School Development,Sing'ore Girls Sec. School,,"Elgeyo, Keiyo, Rift Valley",9.96,Legalise excision,2,29,annex_02_forest _excisions _1962 _to_ date.csv,Excision: Sing'ore girls; BP No: 180/237; Year: 1979; Purpose: School Development; Status: Occupied; Legal procedure: Illegal; Remarks: The area is fenced but slightly developed,none,Kapchemutwa forest excision — Sing'ore girls,0
forest_excision_scheme_0296,Oloitoktok Oloitokitok sec. School,,unknown,forest_excision_scheme,School Development,Oloitoktok community,,"Oloitoktok, Oloitoktok, Rift Valley",43.56,Review the proposal and Legalise excision,2,30,annex_02_forest _excisions _1962 _to_ date.csv,Excision: Oloitokitok sec. School; BP No: 175/275; Year: 1978; Purpose: School Development; Status: School already developed; Legal procedure: Illegal; Remarks: The area is occupied.,none,Oloitoktok forest excision — Oloitokitok sec. School,0
forest_excision_scheme_0297,Marmanet Marmanet,,unknown,forest_excision_scheme,Settlement,Landless People,,"Marmanet, Laikipia, Rift Valley",1773.3,Legalise and exclude ecological sensitive areas.,2,30,annex_02_forest _excisions _1962 _to_ date.csv,Excision: Marmanet; BP No: 175/226; Year: 1975; Purpose: Settlement; Status: Fully settled; Legal procedure: Illegal; Remarks: The area is settled,none,Marmanet forest excision — Marmanet,0
forest_excision_scheme_0298,Kipssup Kesup,,unknown,forest_excision_scheme,Settlement,Landless People,,"Sabor, Keiyo, Rift Valley",378.2,Legalise exclude ecologically sensi-tve areas.,2,30,annex_02_forest _excisions _1962 _to_ date.csv,Excision: Kesup; BP No: Not available; Year: 1967; Purpose: Settlement; Status: Occupied; Legal procedure: Illegal; Remarks: The area is settled.,none,Kipssup forest excision — Kesup,0
forest_excision_scheme_0299,Wanga Wanga,,unknown,forest_excision_scheme,To settle former Minister the late Hon. Okondo.,Family of the late Hon. Okondo.,,"Sio Port, Busia, Western",2,Revoke,2,30,annex_02_forest _excisions _1962 _to_ date.csv,Excision: Wanga; BP No: Not available; Year: 1998; Purpose: To settle former Minister the late Hon. Okondo.; Status: Area is developed and settled.; Legal procedure: Illegal,none,Wanga forest excision — Wanga,0
forest_excision_scheme_0300,Kakamega Kakamega Show Ground,,unknown,forest_excision_scheme,Relocation of the ASK Show ground from Bukhungu.,ASK Kakamega Branch.,,"Kakamega, Kakamega, Western",40.47,Revoke,2,30,annex_02_forest _excisions _1962 _to_ date.csv,Excision: Kakamega Show Ground; BP No: 180/234; Year: 1992; Purpose: Relocation of the ASK Show ground from Bukhungu.; Status: Area partially occupied.; Legal procedure: Illegal,none,Kakamega forest excision — Kakamega Show Ground,0
forest_excision_scheme_0301,Kakamega Kisaina,,unknown,forest_excision_scheme,Relocation of Kisaina Primary School from the middle of the forest to the boundary.,Kisaina Primary School,,"Kakamega, Kakamega, Western",7.5,Legalise,2,30,annex_02_forest _excisions _1962 _to_ date.csv,Excision: Kisaina; BP No: Not available; Year: 1993; Purpose: Relocation of Kisaina Primary School from the middle of the forest to the boundary.; Status: Area occupied.; Legal procedure: Illegal; Remarks: The school is built already,none,Kakamega forest excision — Kisaina,0
forest_excision_scheme_0302,Kakamega Mr. Shikondi,,unknown,forest_excision_scheme,Compensation,Mr Shukondi who was displaced by expansion of Mukumu Girls,,"Kakamega, Kakamega, Western",3.48,Legalise,2,31,annex_02_forest _excisions _1962 _to_ date.csv,Excision: Mr. Shikondi; BP No: 180/235; Year: 1995; Purpose: Compensation; Status: Area already occupied; Legal procedure: Illegal; Remarks: The area is settled,none,Kakamega forest excision — Mr. Shikondi,0
forest_excision_scheme_0303,Turbo Mautuma Settlement,,unknown,forest_excision_scheme,To settle Squatters,Landless People,,"Turbo, Lugari, Western",1214.06,"Authenticate the list of allottees, set aside ecologically sensitive areas and formalize the excision",2,31,annex_02_forest _excisions _1962 _to_ date.csv,Excision: Mautuma Settlement; BP No: Not available; Year: 1994; Purpose: To settle Squatters; Status: Area already occupied; Legal procedure: Illegal; Remarks: An area of 1577.86 hectares was surveyed and settled,none,Turbo forest excision — Mautuma Settlement,0
forest_excision_scheme_0304,Mt Elgon Kapsokwony Township Extension,,unknown,forest_excision_scheme,Extension Kapsokwony Township,Kapsokwony Town Council,,"Kaberua, Mt Elgon, Western",40.47,Revoke,2,31,annex_02_forest _excisions _1962 _to_ date.csv,Excision: Kapsokwony Township Extension; BP No: Not available; Year: 1998; Purpose: Extension Kapsokwony Township; Status: Area not occupied.; Legal procedure: Illegal; Remarks: The area is not occupied,none,Mt Elgon forest excision — Kapsokwony Township Extension,0
forest_excision_scheme_0305,Kakamega Shaviringa,,unknown,forest_excision_scheme,Compensation,Person displaced by expansion of Mudete Tea Factory,,"Kibiri, Vihiga, Western",36,Legalise the excision,2,31,annex_02_forest _excisions _1962 _to_ date.csv,Excision: Shaviringa; BP No: Not available; Year: 1992; Purpose: Compensation; Status: Area already occupied; Legal procedure: Illegal; Remarks: The area is settled,none,Kakamega forest excision — Shaviringa,0
forest_excision_scheme_0306,Kakamega Bahai,,unknown,forest_excision_scheme,Compensation,Bahai centre for giving 1 acre for construction of DO's house,,"Malava, Kakamega, Western",0.405,Revoke,2,31,annex_02_forest _excisions _1962 _to_ date.csv,Excision: Bahai; BP No: Not available; Year: 1989; Purpose: Compensation; Status: Area not occupied.; Legal procedure: Illegal; Remarks: The area is not occupied,none,Kakamega forest excision — Bahai,0
forest_excision_scheme_0307,Kakamega Ishiru,,unknown,forest_excision_scheme,Compensation,Persons displaced by Mbale District Headquarters,,"Kibiri, Vihiga, Western",134.8,Revise the boundary plan to exclude the 36 hectares given in Shaviringa and finalize the de-gazettement of 98.8 hectares in Ishiru.,2,31,annex_02_forest _excisions _1962 _to_ date.csv,Excision: Ishiru; BP No: 180/215; Year: 1988; Purpose: Compensation; Status: Area already occupied is 98.8ha; Legal procedure: Illegal; Remarks: An area of 98.8 hectares is settled,none,Kakamega forest excision — Ishiru,0
forest_excision_scheme_0308,Kakamega Virhembe,,unknown,forest_excision_scheme,Compensation,Persons displaced during expansion of Mukumu Girls,,"Kakamega, Kakamega, Western",17.6,Finalize the de-gazettement at Legalise,2,32,annex_02_forest _excisions _1962 _to_ date.csv,Excision: Virhembe; BP No: 180/209; Year: 1987; Purpose: Compensation; Status: Area already occupied; Legal procedure: Illegal; Remarks: The area is settled,none,Kakamega forest excision — Virhembe,0
forest_excision_scheme_0309,Kakamega Shikusa Prison Kakamega,,unknown,forest_excision_scheme,Meant for juvenile prisoners,Shikusa Prison,,"Kakamega, Kakamega, Western",4.22,Review the lease Legalise arrangements and area to be leased,2,32,annex_02_forest _excisions _1962 _to_ date.csv,Excision: Shikusa Prison Kakamega; BP No: Not available; Year: 1981; Purpose: Meant for juvenile prisoners; Status: Area partly occupied; Legal procedure: Illegal; Remarks: Reduce the area being utilized by Kakamega Prisons,none,Kakamega forest excision — Shikusa Prison Kakamega,0
forest_excision_scheme_0310,Kakamega Kaptik,,unknown,forest_excision_scheme,Construction of Kaptik Secondary School,Kaptik Secondary School,,"Kibiri, Vihiga, Western",9.476,Legalise,2,32,annex_02_forest _excisions _1962 _to_ date.csv,Excision: Kaptik; BP No: 180/218; Year: 1978; Purpose: Construction of Kaptik Secondary School; Status: Area already occupied; Legal procedure: Illegal; Remarks: The school is already built,none,Kakamega forest excision — Kaptik,0
forest_excision_scheme_0311,Mt Elgon Chepyuk,,unknown,forest_excision_scheme,Settlement of squatters,Landless People,,"Kaberua, Mt Elgon District, Western",4064.0,Investigate excision with a view to settling genuine squarters,2,32,annex_02_forest _excisions _1962 _to_ date.csv,Excision: Chepyuk; BP No: Not available; Year: 1999; Purpose: Settlement of squatters; Status: Area partially settled; Legal procedure: Illegal; Remarks: The area is already settled.,none,Mt Elgon forest excision — Chepyuk,0
forest_excision_scheme_0312,Mt Kenya Gathuuru,,unknown,forest_excision_scheme,Settlement of squatters,Unknown,,"Gathuuru, Nyeri, Central",744.4,Revoke,2,32,annex_02_forest _excisions _1962 _to_ date.csv,Excision: Gathuuru; BP No: 175/392; Year: 1993; Purpose: Settlement of squatters; Status: Not occupied; Legal procedure: Illegal; Remarks: The area is not settled,none,Mt Kenya forest excision — Gathuuru,0
forest_excision_scheme_0313,Njukini West Bishop Gitari Njukini Academy,,unknown,forest_excision_scheme,School,Bishop Gitari Njukini Academy,,"Njukini West, Kirinyaga, Central",13.41,Legalise the excision,2,32,annex_02_forest _excisions _1962 _to_ date.csv,Excision: Bishop Gitari Njukini Academy; BP No: 175/400; Year: 1983; Purpose: School; Status: Occupied; Legal procedure: Illegal; Remarks: A school under the management of A.C.K is established,none,Njukini West forest excision — Bishop Gitari Njukini Academy,0
forest_excision_scheme_0314,Kikuyu escarpment African inland Mission exchange,,unknown,forest_excision_scheme,Exchange with 74.07 ha in King'atua,AIC Mission,,"Kinale, Kiambu, Central",4.45,Legalise the exchange,2,33,annex_02_forest _excisions _1962 _to_ date.csv,Excision: African inland Mission exchange; BP No: 175/381; Year: 1960; Purpose: Exchange with 74.07 ha in King'atua; Status: Not occupied; Legal procedure: Illegal; Remarks: Thus an exchange with 74.08 hectares of forests known as Kigatua Forest released to Forest Department by A.I.M Kijabe,none,Kikuyu escarpment forest excision — African inland Mission exchange,0
forest_excision_scheme_0315,Lariak Rumuruti,,unknown,forest_excision_scheme,Exchange 127.3 ha neighbouring Lariak forest reserve,Mr Mwendia and Forest Department,,"Rumuruti, Laikipia, Rift Valley",149.1,Revoke,2,33,annex_02_forest _excisions _1962 _to_ date.csv,Excision: Rumuruti; BP No: 175/222; Year: 1976; Purpose: Exchange 127.3 ha neighbouring Lariak forest reserve; Status: Not occupied; Legal procedure: Illegal; Remarks: The exchange transaction is not complete,none,Lariak forest excision — Rumuruti,0
forest_excision_scheme_0316,,,unknown,forest_excision_scheme,Forest excision (scheme-level finding),,,,75243.6,,2,33,annex_02_forest _excisions _1962 _to_ date.csv,Remarks: Total,none, forest excision,0
forest_excision_scheme_0317,Kapsaret,,unknown,forest_excision_scheme,Settlement,Not Known,,"Kapsaret, Uasin Gishu, Rift Valley",1194.2,"Subject to court ruling, revoke the excisions and titles already issued and maintain the areas as forests/catchment areas but put into account the position of the Ogiek as a recognized forest inhabitants and any party who may have finalized the exchange of their land with the forest department",2,667,annex_16_excisions_challenged_in_court.csv,Legal Notice: 140 of 2001; Purpose: Settlement; Request: Ministry of Lands; Status: Not occupied. Area heavily degraded. EIA not done.; Remarks: The area is not settled,none,Kapsaret forest excision (LN 140 of 2001),0
forest_excision_scheme_0318,Nabkoi,,unknown,forest_excision_scheme,School,Solani Primary School,,"Nabkoi, Uasin Gishu, Rift Valley",37.89,"Subject to court ruling, revoke the excisions and titles already issued and maintain the areas as forests/catchment areas but put into account the position of the Ogiek as a recognized forest inhabitants and any party who may have finalized the exchange of their land with the forest department",2,667,annex_16_excisions_challenged_in_court.csv,Legal Notice: 141 of 2001; Purpose: School; Request: Individual; Status: Partially occupied. EIA not done.; Remarks: A Private school is being developed A license should be issued,none,Nabkoi forest excision (LN 141 of 2001),0
forest_excision_scheme_0319,Eastern Mau,,unknown,forest_excision_scheme,Settlement,Landless People,,"Sururu, Likia, Elbugon, Nakuru, Rift Valley",35301.01,"Subject to court ruling, revoke the excisions and titles already issued and maintain the areas as forests/catchment areas but put into account the position of the Ogiek as a recognized forest inhabitants and any party who may have finalized the exchange of their land with the forest department",2,667,annex_16_excisions_challenged_in_court.csv,Legal Notice: 142 of 2001; Purpose: Settlement; Request: Ministry of Lands; Status: Partially occupied. EIA not done.; Remarks: The area is settled,none,Eastern Mau forest excision (LN 142 of 2001),0
forest_excision_scheme_0320,South Nandi,,unknown,forest_excision_scheme,Settlement,Individual,,"South Nandi, Nandi, Rift Valley",10.93,"Subject to court ruling, revoke the excisions and titles already issued and maintain the areas as forests/catchment areas but put into account the position of the Ogiek as a recognized forest inhabitants and any party who may have finalized the exchange of their land with the forest department",2,667,annex_16_excisions_challenged_in_court.csv,Legal Notice: 143 of 2001; Purpose: Settlement; Request: Ministry of Lands; Status: Occupied. EIA not done.; Remarks: The area is not settled,none,South Nandi forest excision (LN 143 of 2001),0
forest_excision_scheme_0321,Mt. Kibunga,,unknown,forest_excision_scheme,Extension of Kibunga Township,Not Known,,"Koibatek, Koibatek, Rift Valley",124.9,"Subject to court ruling, revoke the excisions and titles already issued and maintain the areas as forests/catchment areas but put into account the position of the Ogiek as a recognized forest inhabitants and any party who may have finalized the exchange of their land with the forest department",2,667,annex_16_excisions_challenged_in_court.csv,Legal Notice: 144 of 2001; Purpose: Extension of Kibunga Township; Request: Ministry of Lands; Status: Not occupied. EIA not done.; Remarks: The area is settled,none,Mt. Kibunga forest excision (LN 144 of 2001),0
forest_excision_scheme_0322,Molo East,,unknown,forest_excision_scheme,Settlement,Landless People,,"Molo, Nakuru, Rift Valley",901.62,"Subject to court ruling, revoke the excisions and titles already issued and maintain the areas as forests/catchment areas but put into account the position of the Ogiek as a recognized forest inhabitants and any party who may have finalized the exchange of their land with the forest department",2,667,annex_16_excisions_challenged_in_court.csv,Legal Notice: 145 of 2001; Purpose: Settlement; Request: Ministry of Lands; Status: Occupied. EIA not done.; Remarks: The area is settled,none,Molo East forest excision (LN 145 of 2001),0
forest_excision_scheme_0323,Northern Tinderet,,unknown,forest_excision_scheme,Settlement,Landless People,,"Cegalo, Uasin Gishu, Rift Valley",788.3,"Subject to court ruling, revoke the excisions and titles already issued and maintain the areas as forests/catchment areas but put into account the position of the Ogiek as a recognized forest inhabitants and any party who may have finalized the exchange of their land with the forest department",2,667,annex_16_excisions_challenged_in_court.csv,Legal Notice: 146 of 2001; Purpose: Settlement; Request: Ministry of Lands; Status: Occupied. EIA not done.; Remarks: This area is locally known as Cheboroo Farm and is settled,none,Northern Tinderet forest excision (LN 146 of 2001),0
forest_excision_scheme_0324,Mt. Kenya,,unknown,forest_excision_scheme,Settlement,Not Known,,"Hombe, Nyeri, Central",7170,"Subject to court ruling, revoke the excisions and titles already issued and maintain the areas as forests/catchment areas but put into account the position of the Ogiek as a recognized forest inhabitants and any party who may have finalized the exchange of their land with the forest department",2,668,annex_16_excisions_challenged_in_court.csv,Legal Notice: 147 of 2001; Purpose: Settlement; Request: Ministry of Lands; Status: Not occupied. EIA not done.; Remarks: The area is not settled.,none,Mt. Kenya forest excision (LN 147 of 2001),0
forest_excision_scheme_0325,South West & West Mau,,unknown,forest_excision_scheme,Settlement,Landless People,,"Baragat, Keringei, Saino, Nakuru & Buret, Rift Valley",24109.01,"Subject to court ruling, revoke the excisions and titles already issued and maintain the areas as forests/catchment areas but put into account the position of the Ogiek as a recognized forest inhabitants and any party who may have finalized the exchange of their land with the forest department",2,668,annex_16_excisions_challenged_in_court.csv,Legal Notice: 148 of 2001; Purpose: Settlement; Request: Ministry of Lands; Status: Partially occupied. EIA not done.; Remarks: The area is settled.,none,South West & West Mau forest excision (LN 148 of 2001),0
forest_excision_scheme_0326,Mt. Kenya,,unknown,forest_excision_scheme,Ndathi Settlement,Landless People,,"Ragati, Nyeri, Central",912.1,"Subject to court ruling, revoke the excisions and titles already issued and maintain the areas as forests/catchment areas but put into account the position of the Ogiek as a recognized forest inhabitants and any party who may have finalized the exchange of their land with the forest department",2,668,annex_16_excisions_challenged_in_court.csv,Legal Notice: 149 of 2001; Purpose: Ndathi Settlement; Request: Ministry of Lands; Status: Occupied. EIA not done.; Remarks: The area is settled.,none,Mt. Kenya forest excision (LN 149 of 2001),0
forest_excision_scheme_0327,Mt. Kenya,,unknown,forest_excision_scheme,Magutu Settlement,Landless People,,"Ragati, Nyeri, Central",196.05,"Subject to court ruling, revoke the excisions and titles already issued and maintain the areas as forests/catchment areas but put into account the position of the Ogiek as a recognized forest inhabitants and any party who may have finalized the exchange of their land with the forest department",2,668,annex_16_excisions_challenged_in_court.csv,Legal Notice: 150 of 2001; Purpose: Magutu Settlement; Request: Ministry of Lands; Status: 94 Ha settled. 102 ha not occupied EIA not done.; Remarks: The area is settled.,none,Mt. Kenya forest excision (LN 150 of 2001),0
forest_excision_scheme_0328,Marmanet,,unknown,forest_excision_scheme,Marmanet Settlement,Landless People,,"Marmanet, Laikipia, Rift Valley",2837.4,"Subject to court ruling, revoke the excisions and titles already issued and maintain the areas as forests/catchment areas but put into account the position of the Ogiek as a recognized forest inhabitants and any party who may have finalized the exchange of their land with the forest department",2,668,annex_16_excisions_challenged_in_court.csv,Legal Notice: 151 of 2001; Purpose: Marmanet Settlement; Request: Ministry of Lands; Status: Partially occupied. EIA not done.; Remarks: The area is settled.,none,Marmanet forest excision (LN 151 of 2001),0
forest_excision_scheme_0329,Nakuru,,unknown,forest_excision_scheme,Settlement,Not known,,"Menengai, Nakuru, Rift Valley",270.5,"Subject to court ruling, revoke the excisions and titles already issued and maintain the areas as forests/catchment areas but put into account the position of the Ogiek as a recognized forest inhabitants and any party who may have finalized the exchange of their land with the forest department",2,668,annex_16_excisions_challenged_in_court.csv,Legal Notice: 152 of 2001; Purpose: Settlement; Request: Ministry of Lands; Status: Not occupied. EIA not done.; Remarks: The area us not occupied.,none,Nakuru forest excision (LN 152 of 2001),0
forest_excision_scheme_0330,Western Mau,,unknown,forest_excision_scheme,Settlement,Not known,,"Kericho, Kericho, Rift Valley",323.7,"Subject to court ruling, revoke the excisions and titles already issued and maintain the areas as forests/catchment areas but put into account the position of the Ogiek as a recognized forest inhabitants and any party who may have finalized the exchange of their land with the forest department",2,668,annex_16_excisions_challenged_in_court.csv,Legal Notice: 153 of 2001; Purpose: Settlement; Request: Ministry of Lands; Status: Not occupied. EIA not done.; Remarks: The area is not occupied,none,Western Mau forest excision (LN 153 of 2001),0
forest_excision_scheme_0331,Gathiuru,,unknown,forest_excision_scheme,Settlement of squatters,Unknown,,"Gathiuru, Nyeri, Central",744.4,Revoke,2,669,annex_17_proposed_excisions_regular_process_not_finalised.csv,Legal Notice: 175/392; Year: 1993; Purpose: Settlement of squatters; Request: Procedural; Status: Not occupied,none,Gathiuru forest excision (LN 175/392),0
forest_excision_scheme_0332,Bishop Gitari Njukiini Academy,,unknown,forest_excision_scheme,School,Bishop Gitari Njukiini Academy,,"Njukiini West, Kirinyaga, Central",13.41,Finalize the excision,2,669,annex_17_proposed_excisions_regular_process_not_finalised.csv,Legal Notice: 175/400; Year: 1983; Purpose: School; Request: Procedural; Status: Occupied,none,Bishop Gitari Njukiini Academy forest excision (LN 175/400),0
forest_excision_scheme_0333,African inland Mission exchange,,unknown,forest_excision_scheme,Exchange with 74.07 ha in King'atua,AIC Mission,,"Kinale, Kiambu, Central",4.45,Formalize the exchange,2,669,annex_17_proposed_excisions_regular_process_not_finalised.csv,Legal Notice: 175/381; Year: 1960; Purpose: Exchange with 74.07 ha in King'atua; Request: Procedural; Status: Not occupied,none,African inland Mission exchange forest excision (LN 175/381),0
forest_excision_scheme_0334,Rumuruti,,unknown,forest_excision_scheme,Exchange 127.3 ha neighbouring Lariak forest reserve,Mr. Mwendia and Forest Department.,,"Rumuruti, Laikipia, Rift Valley",149.1,Revoke,2,669,annex_17_proposed_excisions_regular_process_not_finalised.csv,Legal Notice: 175/222; Year: 1976; Purpose: Exchange 127.3 ha neighbouring Lariak forest reserve; Request: Procedural; Status: Not occupied,none,Rumuruti forest excision (LN 175/222),0
forest_excision_scheme_0335,Nyeri Nyeri Satellite Town,,unknown,forest_excision_scheme,Town development,Unknown,,"Nyeri, Nyeri, Central",432.0,Revoke,2,670,annex_18_forest_excisions_considered_illegal.csv,Excision: Nyeri Satellite Town; BP No: Not available; Year: 1999; Purpose: Town development; Status: Not occupied; Legal procedure: Illegal; Remarks: Maintain as forest,none,Nyeri forest excision — Nyeri Satellite Town,0
forest_excision_scheme_0336,Kikuyu Escarp Extension of Nyambari trading centre,,unknown,forest_excision_scheme,Private development,Onesmus Nguson (Former KANU Chairman - Nakuru),,"Uplands, Kiambu, Central",8.1,Revoke,2,670,annex_18_forest_excisions_considered_illegal.csv,Excision: Extension of Nyambari trading centre; BP No: Not available; Year: 1993; Purpose: Private development; Status: Not occupied; Legal procedure: Illegal; Remarks: Maintain as forest,none,Kikuyu Escarp forest excision — Extension of Nyambari trading centre,0
forest_excision_scheme_0337,Kikuyu Escarp Mr. Buddy Gichure,,unknown,forest_excision_scheme,Farm extension,Buddy Gichure,,"Ragia, Kiambu, Central",4.5,Revoke,2,670,annex_18_forest_excisions_considered_illegal.csv,Excision: Mr. Buddy Gichure; BP No: Not available; Year: 1993; Purpose: Farm extension; Status: Occupied; Legal procedure: Illegal,none,Kikuyu Escarp forest excision — Mr. Buddy Gichure,0
forest_excision_scheme_0338,Kamiti Kamiti Settlement,,unknown,forest_excision_scheme,Settlement of squatters,Persons displaced by clashes,,"Kiambu, Kiambu, Central",169.57,Revoke,2,670,annex_18_forest_excisions_considered_illegal.csv,Excision: Kamiti Settlement; BP No: Not available; Year: 1994; Purpose: Settlement of squatters; Status: Partially occupied; Legal procedure: Illegal; Remarks: Maintain as forest,none,Kamiti forest excision — Kamiti Settlement,0
forest_excision_scheme_0339,Kikuyu Escar Soko Mjinga Settlement,,unknown,forest_excision_scheme,Establishment of a market,Kiambu County Council,,"Kinale, Kiambu, Central",2.0,Revoke,2,670,annex_18_forest_excisions_considered_illegal.csv,Excision: Soko Mjinga Settlement; BP No: Not available; Year: 1994; Purpose: Establishment of a market; Status: Not occupied; Legal procedure: Illegal; Remarks: Maintain as forest,none,Kikuyu Escar forest excision — Soko Mjinga Settlement,0
forest_excision_scheme_0340,Kikuyu Escar Kijabe Girls Secondary School,,unknown,forest_excision_scheme,Expand school,Local community,,"Kinale, Kiambu, Central",21.41,Legalised allocation,2,670,annex_18_forest_excisions_considered_illegal.csv,Excision: Kijabe Girls Secondary School; BP No: Not available; Year: 1996; Purpose: Expand school; Status: Occupied; Legal procedure: Illegal,none,Kikuyu Escar forest excision — Kijabe Girls Secondary School,0
forest_excision_scheme_0341,Aberdare Ndaragwa Township,,unknown,forest_excision_scheme,Extension of Ndaragwa Town,Nyandarua County Council,,"Ndaragwa, Nyandarua, Central",110.3,Revoke,2,670,annex_18_forest_excisions_considered_illegal.csv,Excision: Ndaragwa Township; BP No: 175/325; Year: 1991; Purpose: Extension of Ndaragwa Town; Status: Occupied; Legal procedure: Illegal,none,Aberdare forest excision — Ndaragwa Township,0
forest_excision_scheme_0342,Nyeri Nyeri ASK show ground,,unknown,forest_excision_scheme,ASK showground,Nyeri ASK,,"Nyeri, Nyeri, Central",49.5,Revoke,2,670,annex_18_forest_excisions_considered_illegal.csv,Excision: Nyeri ASK show ground; BP No: Not available; Year: 1993; Purpose: ASK showground; Status: Partially and temporary occupied; Legal procedure: Illegal; Remarks: The ASK to relocate to the previous Show Ground at Ruring'u,none,Nyeri forest excision — Nyeri ASK show ground,0
forest_excision_scheme_0343,Kikuyu Escarp Lari Trading Centre,,unknown,forest_excision_scheme,Local community,Illegal,,"Kerita, Kiambu, Central",9.40,Whole area is built into a Town,2,,annex_18_forest_excisions_considered_illegal.csv,Excision: Lari Trading Centre; BP No: Not available; Year: 1988; Purpose: Local community; Status: Expansion of town; Legal procedure: Revoke; Remarks: 671,none,Kikuyu Escarp forest excision — Lari Trading Centre,0
forest_excision_scheme_0344,Magumo North Magumo North,,unknown,forest_excision_scheme,Settlement of the landless,Landless,,"South Kinangop, Nyandarua, Central",241.5,Legalise and exclude ecologically sensitive areas,2,671,annex_18_forest_excisions_considered_illegal.csv,Excision: Magumo North; BP No: Not available; Year: 1989; Purpose: Settlement of the landless; Status: Fully occupied; Legal procedure: Illegal; Remarks: Whole area is settled,none,Magumo North forest excision — Magumo North,0
forest_excision_scheme_0345,Magumo South Magumo South,,unknown,forest_excision_scheme,Settlement of the landless,Landless,,"South Kinangop, Nyandarua, Central",368.9,Revoke,2,671,annex_18_forest_excisions_considered_illegal.csv,Excision: Magumo South; BP No: Not available; Year: 1989; Purpose: Settlement of the landless; Status: Fully occupied; Legal procedure: Illegal; Remarks: Whole area is settled,none,Magumo South forest excision — Magumo South,0
forest_excision_scheme_0346,Kikuyu Escarp Extension of Kinale excision,,unknown,forest_excision_scheme,Settlement,Undeserving cases,,"Kinale, Kiambu, Central",182,Revoke,2,671,annex_18_forest_excisions_considered_illegal.csv,Excision: Extension of Kinale excision; BP No: Not available; Year: 1990; Purpose: Settlement; Status: Occupied; Legal procedure: Illegal; Remarks: Area is being cultivated by people who are staying elsewhere after extending the legally agreed excision,none,Kikuyu Escarp forest excision — Extension of Kinale excision,0
forest_excision_scheme_0347,Nyamweru Orthogoiyo Primary School,,unknown,forest_excision_scheme,Establishment of a school,Local community,,"Uplands, Kiambu, Central",3.00,Legalise excision,2,671,annex_18_forest_excisions_considered_illegal.csv,Excision: Orthogoiyo Primary School; BP No: Not available; Year: 1987; Purpose: Establishment of a school; Status: Occupied; Legal procedure: Illegal; Remarks: This is a Public School.,none,Nyamweru forest excision — Orthogoiyo Primary School,0
forest_excision_scheme_0348,Kikuyu Escarp Raini Nyeke Primary School,,unknown,forest_excision_scheme,Establishment of a school,Kiambu County Council,,"Uplands, Kiambu, Central",3.00,Legalise excision,2,671,annex_18_forest_excisions_considered_illegal.csv,Excision: Raini Nyeke Primary School; BP No: Not available; Year: 1987; Purpose: Establishment of a school; Status: Occupied; Legal procedure: Illegal; Remarks: This is a Public School.,none,Kikuyu Escarp forest excision — Raini Nyeke Primary School,0
forest_excision_scheme_0349,Aberdare Karima Girls Sec. School,,unknown,forest_excision_scheme,Extension of Karima Girls Sec. School,Karima Girls Sec. School,,"Geta, Nyandarua, Central",13.60,Legalise excision,2,671,annex_18_forest_excisions_considered_illegal.csv,Excision: Karima Girls Sec. School; BP No: Not available; Year: 1985; Purpose: Extension of Karima Girls Sec. School; Status: Occupied; Legal procedure: Illegal; Remarks: This is a Public School. Issue a renewable license,none,Aberdare forest excision — Karima Girls Sec. School,0
forest_excision_scheme_0350,Kiambu Kiambu Women Group,,unknown,forest_excision_scheme,Women group Projects,Kiambu Women Group,,"Kiambu, Kiambu, Central",39.82,Revoke,2,671,annex_18_forest_excisions_considered_illegal.csv,Excision: Kiambu Women Group; BP No: Not available; Year: 1984; Purpose: Women group Projects; Status: Vacant; Legal procedure: Illegal; Remarks: Maintain as forest,none,Kiambu forest excision — Kiambu Women Group,0
forest_excision_scheme_0351,Kiambu Tupirane Project,,unknown,forest_excision_scheme,Horticultural Farming,Hon. Kuria Kanyingi,,"Kiambu, Kiambu, Central",24.00,Revoke,2,671,annex_18_forest_excisions_considered_illegal.csv,Excision: Tupirane Project; BP No: Not available; Year: 1984; Purpose: Horticultural Farming; Status: Partially occupied; Legal procedure: Illegal; Remarks: A Title deed was issued to Kama Agencies for an area covering 15.62 hectares and registered as L.R.No 21350/1 in 1995. Revoke.,none,Kiambu forest excision — Tupirane Project,0
forest_excision_scheme_0352,Nyeri Hills Nyeri Hills Microwave station,,unknown,forest_excision_scheme,Transmission,Telecomm and KBC,,"Nyeri, Nyeri, Central",0.40,Legalise excision,2,672,annex_18_forest_excisions_considered_illegal.csv,Excision: Nyeri Hills Microwave station; BP No: Not available; Year: 1976; Purpose: Transmission; Status: Occupied; Legal procedure: Illegal; Remarks: Transmuting Mast is built,none,Nyeri Hills forest excision — Nyeri Hills Microwave station,0
forest_excision_scheme_0353,Aberdares Geta/Bush Settlement,,unknown,forest_excision_scheme,Settlement Scheme,Landless People,,"Geta, Nyandarua, Central",650.00,Legalise and exclude ecologically sensitive areas,2,672,annex_18_forest_excisions_considered_illegal.csv,Excision: Geta/Bush Settlement; BP No: Not available; Year: 1968; Purpose: Settlement Scheme; Status: Occupied; Legal procedure: Illegal; Remarks: Settlement Scheme established since 1968.,none,Aberdares forest excision — Geta/Bush Settlement,0
forest_excision_scheme_0354,Aberdares Mekaro Settlement Scheme,,unknown,forest_excision_scheme,Settlement Scheme,Landless People,,"Geta, Nyandarua, Central",3690.0,Legalise and exclude ecologically sensitive areas,2,672,annex_18_forest_excisions_considered_illegal.csv,Excision: Mekaro Settlement Scheme; BP No: Not available; Year: 1967; Purpose: Settlement Scheme; Status: Occupied; Legal procedure: Illegal; Remarks: Settlement Scheme established since 1967,none,Aberdares forest excision — Mekaro Settlement Scheme,0
forest_excision_scheme_0355,Kikuyu Escarp Ragia Settlement Scheme,,unknown,forest_excision_scheme,Settle the landless,Landless People,,"Ragia, Kiambu, Central",1795.0,Legalise and exclude ecologically sensitive areas.,2,672,annex_18_forest_excisions_considered_illegal.csv,Excision: Ragia Settlement Scheme; BP No: Not available; Year: 1965; Purpose: Settle the landless; Status: Occupied; Legal procedure: Illegal; Remarks: Settlement Scheme established since 1965,none,Kikuyu Escarp forest excision — Ragia Settlement Scheme,0
forest_excision_scheme_0356,Upper Imenti Meru ASK showground,,unknown,forest_excision_scheme,Relocation of Meru ASK showground,Meru ASK,,"Meru, Meru Central, Eastern",40.47,Revoke.,2,672,annex_18_forest_excisions_considered_illegal.csv,Excision: Meru ASK showground; BP No: 175/347; Year: 1994; Purpose: Relocation of Meru ASK showground; Status: Partially occupied; Legal procedure: Illegal; Remarks: The Showground should be relocated to Kinoru Stadium.,none,Upper Imenti forest excision — Meru ASK showground,0
forest_excision_scheme_0357,Upper Imenti Methodist University,,unknown,forest_excision_scheme,University,Methodist Church,,"Meru, Meru Central, Eastern",40.47,Legalise excision.,2,672,annex_18_forest_excisions_considered_illegal.csv,Excision: Methodist University; BP No: 180/288; Year: 1997; Purpose: University; Status: Partially occupied; Legal procedure: Illegal,none,Upper Imenti forest excision — Methodist University,0
forest_excision_scheme_0358,Mount Kenya Ontulili Secondary School,,unknown,forest_excision_scheme,Construction of Secondary School,Ontulili Secondary School,,"Ontulili, Meru Central, Eastern",16.00,Legalise excision.,2,672,annex_18_forest_excisions_considered_illegal.csv,Excision: Ontulili Secondary School; BP No: Not available; Year: 1998; Purpose: Construction of Secondary School; Status: Occupied; Legal procedure: Illegal; Remarks: This is a Public School,none,Mount Kenya forest excision — Ontulili Secondary School,0
forest_excision_scheme_0359,Nyambene Extension of Kambene Primary School,,unknown,forest_excision_scheme,"A school, church and a dispensary.","School, church and a dispensary.",,"Nyambene, Meru North, Eastern",10.00,Revoke and maintain as forest,2,672,annex_18_forest_excisions_considered_illegal.csv,"Excision: Extension of Kambene Primary School; BP No: Not available; Year: 1996; Purpose: A school, church and a dispensary.; Status: Not occupied; Legal procedure: Illegal; Remarks: No development Has taken place.",none,Nyambene forest excision — Extension of Kambene Primary School,0
forest_excision_scheme_0360,Upper Imenti Meru Technical School,,unknown,forest_excision_scheme,Technical School,Meru Technical School,,"Meru, Meru Central, Eastern",7.64,Legalise excision.,2,672,annex_18_forest_excisions_considered_illegal.csv,Excision: Meru Technical School; BP No: 175/345; Year: 1977; Purpose: Technical School; Status: Occupied; Legal procedure: Illegal,none,Upper Imenti forest excision — Meru Technical School,0
forest_excision_scheme_0361,Iveti Masaku County Council Exchange,,unknown,forest_excision_scheme,Exchanging forest land with a plot in industrial area,Masaku County Council,,"Iveti, Machakos, Eastern",14.25,Legalise exchange.,2,673,annex_18_forest_excisions_considered_illegal.csv,Excision: Masaku County Council Exchange; BP No: Not available; Year: 1971; Purpose: Exchanging forest land with a plot in industrial area; Status: Occupied; Legal procedure: Illegal,none,Iveti forest excision — Masaku County Council Exchange,0
forest_excision_scheme_0362,Ngong Road Asikhan Holding.,,unknown,forest_excision_scheme,Private development,Hoseah Kiplagat.,,"Ngong, Nairobi, Nairobi",6.03,Revoke,2,673,annex_18_forest_excisions_considered_illegal.csv,Excision: Asikhan Holding.; BP No: Not available; Year: 2000; Purpose: Private development; Status: Not occupied; Legal procedure: Illegal; Remarks: Sold to NSSF,none,Ngong Road forest excision — Asikhan Holding.,0
forest_excision_scheme_0363,Ngong Road Nairobi Chapel,,unknown,forest_excision_scheme,Private development,Private Developers,,"Ngong, Nairobi, Nairobi",6.5,Revoke,2,673,annex_18_forest_excisions_considered_illegal.csv,Excision: Nairobi Chapel; BP No: Not available; Year: 1999; Purpose: Private development; Status: Partially occupied; Legal procedure: Illegal; Remarks: Maintain as forest,none,Ngong Road forest excision — Nairobi Chapel,0
forest_excision_scheme_0364,Karura Mr. Johnson Githo Karanja,,unknown,forest_excision_scheme,Private development,Initially allocated to Hezekiah Kego Karanja,,"Karura, Nairobi, Nairobi",0.3774,Revoke,2,673,annex_18_forest_excisions_considered_illegal.csv,Excision: Mr. Johnson Githo Karanja; BP No: Not available; Year: 2000; Purpose: Private development; Status: Occupied; Legal procedure: Illegal; Remarks: Area is developed.,none,Karura forest excision — Mr. Johnson Githo Karanja,0
forest_excision_scheme_0365,Karura Baptist Conventional,,unknown,forest_excision_scheme,Private development,Baptist Church,,"Karura, Nairobi, Nairobi",0.81,Revoke,2,673,annex_18_forest_excisions_considered_illegal.csv,Excision: Baptist Conventional; BP No: 175/333; Year: 1991; Purpose: Private development; Status: Not occupied; Legal procedure: Illegal; Remarks: Area is not developed,none,Karura forest excision — Baptist Conventional,0
forest_excision_scheme_0366,Ngong Road Nairobi ASK Show ground,,unknown,forest_excision_scheme,Expansion of ASK Show ground,ASK,,"Ngong, Nairobi, Nairobi",7.51,Revoke,2,673,annex_18_forest_excisions_considered_illegal.csv,Excision: Nairobi ASK Show ground; BP No: Not available; Year: 1992; Purpose: Expansion of ASK Show ground; Status: Partially occupied; Legal procedure: Illegal; Remarks: Area is not developed. ASK are using this area as a motor bike-racing course. Revoke,none,Ngong Road forest excision — Nairobi ASK Show ground,0
forest_excision_scheme_0367,Ngong Road Mounted police,,unknown,forest_excision_scheme,Mounted police training unit,Private Developers,,"Ngong, Nairobi, Nairobi",5.30,Revoke,2,673,annex_18_forest_excisions_considered_illegal.csv,Excision: Mounted police; BP No: Not available; Year: 1992; Purpose: Mounted police training unit; Status: Partially occupied; Legal procedure: Illegal.; Remarks: Area was partitioned into L.R. Nos. 254421-25448. Construction of Residential houses is going on. Revoke Title,none,Ngong Road forest excision — Mounted police,0
forest_excision_scheme_0368,Ngong Road Private Developers,,unknown,forest_excision_scheme,Residential houses,Private Developers,,"Ngong, Nairobi, Nairobi",2.03,Revoke,2,673,annex_18_forest_excisions_considered_illegal.csv,Excision: Private Developers; BP No: Not available; Year: 1992; Purpose: Residential houses; Status: Partially occupied; Legal procedure: Illegal; Remarks: Area is not developed.,none,Ngong Road forest excision — Private Developers,0
forest_excision_scheme_0369,Ngong Road Nairobi ASK Show,,unknown,forest_excision_scheme,Expansion of ASK,Nairobi ASK,,"Ngong, Nairobi, Nairobi",18.00,Revoke,2,673,annex_18_forest_excisions_considered_illegal.csv,Excision: Nairobi ASK Show; BP No: Not available; Year: 1993; Purpose: Expansion of ASK; Status: Partially occupied; Legal procedure: Illegal; Remarks: Area not developed.,none,Ngong Road forest excision — Nairobi ASK Show,0
forest_excision_scheme_0370,"Karura S Kuruki, Lt. Gen. H. Njoroge & others",,unknown,forest_excision_scheme,Private development,"Shadrack Kuruki, Lt. Gen. H. Njoroge & others",,"Karura, Nairobi, Nairobi",16.00,Revoke,2,674,annex_18_forest_excisions_considered_illegal.csv,"Excision: S Kuruki, Lt. Gen. H. Njoroge & others; BP No: 175/343; Year: 1994; Purpose: Private development; Status: Not occupied; Legal procedure: Illegal; Remarks: Area not developed Lt. Gen Njoroge returned title.",none,"Karura forest excision — S Kuruki, Lt. Gen. H. Njoroge & others",0
forest_excision_scheme_0371,Karura Pelican Engineering & Construction Co Ltd,,unknown,forest_excision_scheme,Private development,June Moi Pelican Engineering & Construction Co Ltd,,"Karura, Nairobi, Nairobi",18.41,Revoke,2,674,annex_18_forest_excisions_considered_illegal.csv,Excision: Pelican Engineering & Construction Co Ltd; BP No: 175/342; Year: 1994; Purpose: Private development; Status: Sold to NSSF; Legal procedure: Illegal; Remarks: Area not developed.,none,Karura forest excision — Pelican Engineering & Construction Co Ltd,0
forest_excision_scheme_0372,Karura Sardul Singh Virdi & Gurshran Kaur Verdi,,unknown,forest_excision_scheme,Private development,Sardul Singh Virdi & Gurshran Kaur Virdi,,"Karura, Nairobi, Nairobi",0.87,Revoke,2,674,annex_18_forest_excisions_considered_illegal.csv,Excision: Sardul Singh Virdi & Gurshran Kaur Verdi; BP No: Not available; Year: 1994; Purpose: Private development; Status: Not occupied; Legal procedure: Illegal; Remarks: Area is Registered as L.R.No 17942. It has been Sold to Peter Karuau. Area is not developed.,none,Karura forest excision — Sardul Singh Virdi & Gurshran Kaur Verdi,0
forest_excision_scheme_0373,Ngong Muguruwa (PCEA) Church,,unknown,forest_excision_scheme,Expansion of the church,PCEA Dagoretti Parish & Others,,"Ngong, Nairobi, Nairobi",4.27,Revoke,2,674,annex_18_forest_excisions_considered_illegal.csv,Excision: Muguruwa (PCEA) Church; BP No: 175/338; Year: 1995; Purpose: Expansion of the church; Status: Not occupied; Legal procedure: Illegal; Remarks: Area not developed,none,Ngong forest excision — Muguruwa (PCEA) Church,0
forest_excision_scheme_0374,Karura N.S.I.S Special School.,,unknown,forest_excision_scheme,Construction of School,National Security Intelligence Service,,"Karura, Nairobi, Nairobi",20.33,Legalise excision,2,674,annex_18_forest_excisions_considered_illegal.csv,Excision: N.S.I.S Special School.; BP No: Not available; Year: 1997; Purpose: Construction of School; Status: Occupied; Legal procedure: Illegal; Remarks: N.S.I.S HQS Built.,none,Karura forest excision — N.S.I.S Special School.,0
forest_excision_scheme_0375,Karura Mr. Julius Waweru Mungai,,unknown,forest_excision_scheme,Private development,Initially allocated to Hezekiah Kogo Karanja in 1992.,,"Karura, Nairobi, Nairobi",0.1899,Revoke,2,674,annex_18_forest_excisions_considered_illegal.csv,Excision: Mr. Julius Waweru Mungai; BP No: Not available; Year: 1996; Purpose: Private development; Status: Not occupied; Legal procedure: Illegal; Remarks: The area is Developed,none,Karura forest excision — Mr. Julius Waweru Mungai,0
forest_excision_scheme_0376,Karura Farmwell Procession s Ltd,,unknown,forest_excision_scheme,Private development,Initially allocated to Hezekiah Kogo in 1992,,"Karura, Nairobi, Nairobi",0.1887,Revoke,2,674,annex_18_forest_excisions_considered_illegal.csv,Excision: Farmwell Procession s Ltd; BP No: Not available; Year: 1993; Purpose: Private development; Status: Not occupied; Legal procedure: Illegal; Remarks: The area is not developed,none,Karura forest excision — Farmwell Procession s Ltd,0
forest_excision_scheme_0377,Karura Mr Samson Muriithi Nduhu,,unknown,forest_excision_scheme,Private development,Allocated in 1992,,"Karura, Nairobi, Nairobi",0.2179,Revoke,2,674,annex_18_forest_excisions_considered_illegal.csv,Excision: Mr Samson Muriithi Nduhu; BP No: Not available; Year: 1992; Purpose: Private development; Status: Occupied; Legal procedure: Illegal; Remarks: The area is Developed.,none,Karura forest excision — Mr Samson Muriithi Nduhu,0
forest_excision_scheme_0378,Ngong Ngong road motel and Supermarket,,unknown,forest_excision_scheme,Private development,Private Developers,,"Ngong, Nairobi, Nairobi",8.8,Revoke,2,675,annex_18_forest_excisions_considered_illegal.csv,Excision: Ngong road motel and Supermarket; BP No: Not available; Year: 1997; Purpose: Private development; Status: Not occupied; Legal procedure: Illegal; Remarks: The area is not developed,none,Ngong forest excision — Ngong road motel and Supermarket,0
forest_excision_scheme_0379,Ngong Ngong road hospital,,unknown,forest_excision_scheme,Private development,Private Developers,,"Ngong, Nairobi, Nairobi",8.55,Revoke,2,675,annex_18_forest_excisions_considered_illegal.csv,Excision: Ngong road hospital; BP No: 175/361 175/362; Year: 1997; Purpose: Private development; Status: Not occupied; Legal procedure: Illegal; Remarks: The area is not developed,none,Ngong forest excision — Ngong road hospital,0
forest_excision_scheme_0380,Karura Agha Khan Cemetery,,unknown,forest_excision_scheme,Cemetery,Aghakhan Community,,"Karura, Nairobi, Nairobi",8.00,Revoke,2,675,annex_18_forest_excisions_considered_illegal.csv,Excision: Agha Khan Cemetery; BP No: Not available; Year: 1998; Purpose: Cemetery; Status: Not occupied; Legal procedure: Illegal; Remarks: The area is not developed A proposal was made,none,Karura forest excision — Agha Khan Cemetery,0
forest_excision_scheme_0381,Karura ICRAF,,unknown,forest_excision_scheme,ICRAF Hqs,ICRAF Private. developers.,,"Karura, Nairobi, Nairobi",8.10,Legalise excision for ICRAF and revoke the 5.10 hectares allocated to individuals and now for a hotel construction,2,675,annex_18_forest_excisions_considered_illegal.csv,Excision: ICRAF; BP No: 175/294; Year: 1989; Purpose: ICRAF Hqs; Status: 3.0 ha occupied by ICRAF 5.1ha given to individuals not occupied; Legal procedure: Illegal; Remarks: 3.00 hectares allocated to ICRAF is developed while the rest of 5.10 hectares is not required,none,Karura forest excision — ICRAF,0
forest_excision_scheme_0382,Karura Hon J J Kamotho,,unknown,forest_excision_scheme,Private development,Hon J J Kamotho,,"Karura, Nairobi, Nairobi",2.67,Revoke,2,675,annex_18_forest_excisions_considered_illegal.csv,Excision: Hon J J Kamotho; BP No: 175/293; Year: 1989; Purpose: Private development; Status: Not occupied; Legal procedure: Illegal; Remarks: Area not developed,none,Karura forest excision — Hon J J Kamotho,0
forest_excision_scheme_0383,Ngong St. Francis Church,,unknown,forest_excision_scheme,School development,St. Francis ACK Church,,"Ngong, Nairobi, Nairobi",2.50,Revoke,2,675,annex_18_forest_excisions_considered_illegal.csv,Excision: St. Francis Church; BP No: Not available; Year: 1989; Purpose: School development; Status: Not occupied; Legal procedure: Illegal; Remarks: Area not developed,none,Ngong forest excision — St. Francis Church,0
forest_excision_scheme_0384,Ngong Kenya Broadcasting Corporation,,unknown,forest_excision_scheme,Construction of KBC headquarters,40.47 ha surveyed for KBC,,"Ngong, Nairobi, Nairobi",40.47,Revoke,2,675,annex_18_forest_excisions_considered_illegal.csv,Excision: Kenya Broadcasting Corporation; BP No: 175/332; Year: 1988; Purpose: Construction of KBC headquarters; Status: Not occupied; Legal procedure: Illegal; Remarks: Area not developed,none,Ngong forest excision — Kenya Broadcasting Corporation,0
forest_excision_scheme_0385,Ngong Nairobi Women Prison Extension,,unknown,forest_excision_scheme,Expansion of Lang'ata women prison,Some of the land transferred to private developers eg. Mr. Manmoi (former MP),,"Ngong, Nairobi, Nairobi",8.80,Legalise excision for Prisons and revoke all others,2,675,annex_18_forest_excisions_considered_illegal.csv,Excision: Nairobi Women Prison Extension; BP No: Not available; Year: 1985; Purpose: Expansion of Lang'ata women prison; Status: Occupied; Legal procedure: Illegal; Remarks: Prison Dept has developed a quarter of the area while the rest was allocated to Private Developers who have built the area.,none,Ngong forest excision — Nairobi Women Prison Extension,0
forest_excision_scheme_0386,Ngong Prisons industrial centre,,unknown,forest_excision_scheme,Exchange forest land with a plot in industrial area,Land transferred to private developers.,,"Ngong, Nairobi, Nairobi",15.09,Revoke,2,676,annex_18_forest_excisions_considered_illegal.csv,Excision: Prisons industrial centre; BP No: 175/274; Year: 1985; Purpose: Exchange forest land with a plot in industrial area; Status: Occupied; Legal procedure: Illegal; Remarks: This area was allocated to individuals who then transferred the land to among others: Catholic Church and Kenya Medical Renunciation Centre. A big part of the area is developed.,none,Ngong forest excision — Prisons industrial centre,0
forest_excision_scheme_0387,Ngong Road Ngong Forest primary School,,unknown,forest_excision_scheme,School development,Nairobi City Council,,"Ngong, Nairobi, Nairobi",3.83,Revoke,2,676,annex_18_forest_excisions_considered_illegal.csv,Excision: Ngong Forest primary School; BP No: Not available; Year: 1982; Purpose: School development; Status: Occupied; Legal procedure: Illegal; Remarks: The School is located in Ngong Road Forest and it was intended to cater for the children of forest Workers. The School does not require more land.,none,Ngong Road forest excision — Ngong Forest primary School,0
forest_excision_scheme_0388,Karura C.R.D.O's Tumaini School,,unknown,forest_excision_scheme,School,Tumaini School,,"Karura, Nairobi, Nairobi",26.25,Revoke,2,676,annex_18_forest_excisions_considered_illegal.csv,Excision: C.R.D.O's Tumaini School; BP No: 175/228; Year: 1980; Purpose: School; Status: Not occupied; Legal procedure: Illegal; Remarks: The area is not developed.,none,Karura forest excision — C.R.D.O's Tumaini School,0
forest_excision_scheme_0389,Marmanet Uaso Narok,,unknown,forest_excision_scheme,Exchange with 12.57 neighbouring Lariak forest reserve station.,F. N. Macharia and Forest Department,,"Marmanet, Laikipia, Rift Valley",14.16,Review,2,676,annex_18_forest_excisions_considered_illegal.csv,Excision: Uaso Narok; BP No: Not available; Year: 2000; Purpose: Exchange with 12.57 neighbouring Lariak forest reserve station.; Status: Settled; Legal procedure: Illegal; Remarks: The Transfer is not finalised. Macharia was allocated 14.16 hectares in Uaso Narok Sett. Scheme.,none,Marmanet forest excision — Uaso Narok,0
forest_excision_scheme_0390,N. Tinderet. N. Tinderet,,unknown,forest_excision_scheme,School development,Olegune community,,"Cengalo, Uasin Gishu, Rift Valley",2,Revoke,2,676,annex_18_forest_excisions_considered_illegal.csv,Excision: N. Tinderet; BP No: Not available; Year: 2000; Purpose: School development; Status: Not occupied; Legal procedure: Illegal; Remarks: The area is not developed,none,N. Tinderet. forest excision — N. Tinderet,0
forest_excision_scheme_0391,Lembus. Lembus,,unknown,forest_excision_scheme,Construction of public institutions.,Unknown,,"Lembus, Koibatek, Rift Valley",505.2,Revoke,2,676,annex_18_forest_excisions_considered_illegal.csv,Excision: Lembus; BP No: Not available; Year: 1999; Purpose: Construction of public institutions.; Status: Occupied; Legal procedure: Illegal; Remarks: Many Institutions and public amenities established in the forest without authority.,none,Lembus. forest excision — Lembus,0
forest_excision_scheme_0392,Kapcheme twa. Chebiemit Extension,,unknown,forest_excision_scheme,Extension of Divisional Hqs,Marakwet County Council,,"Cheptangeti, Marakwet, Rift Valley",12.14,Revoke,2,677,annex_18_forest_excisions_considered_illegal.csv,Excision: Chebiemit Extension; BP No: Not available; Year: 1999; Purpose: Extension of Divisional Hqs; Status: Area Planned; Legal procedure: Illegal; Remarks: A portion of the area is built.,none,Kapcheme twa. forest excision — Chebiemit Extension,0
forest_excision_scheme_0393,South Nandi Kobujoi Catholic Girls sec. School,,unknown,forest_excision_scheme,School development,Local community,,"South Nandi, Nandi, Rift Valley",20.23,Revoke,2,677,annex_18_forest_excisions_considered_illegal.csv,Excision: Kobujoi Catholic Girls sec. School; BP No: Not available; Year: 1999; Purpose: School development; Status: Not occupied; Legal procedure: Illegal; Remarks: 16.00 hectares surveyed for Fr.Myer's School. The girls School is already established. Issue a renewable license.,none,South Nandi forest excision — Kobujoi Catholic Girls sec. School,0
forest_excision_scheme_0394,South Nandi Kobujoi,,unknown,forest_excision_scheme,Private development,Local community,,"South Nandi, Nandi, Rift Valley",23.66,Revoke,2,677,annex_18_forest_excisions_considered_illegal.csv,Excision: Kobujoi; BP No: 180/240; Year: 1999; Purpose: Private development; Status: Occupied; Legal procedure: Illegal; Remarks: Area not Settled,none,South Nandi forest excision — Kobujoi,0
forest_excision_scheme_0395,South Nandi Chepkumai/Ngerek land exchange,,unknown,forest_excision_scheme,Exchange 989.17 ha with farmers on hilly terrain,"Sally Kosgei, Henry Kosgey, Zakayo Cheruiyot and others.",,"South Nandi, Nandi, Rift Valley",1170.0,Revoke,2,677,annex_18_forest_excisions_considered_illegal.csv,Excision: Chepkumai/Ngerek land exchange; BP No: Not available; Year: 1999; Purpose: Exchange 989.17 ha with farmers on hilly terrain; Status: Not occupied; Legal procedure: Illegal; Remarks: There is conflict in the ex-change as Ngerek Communiyt was left out.,none,South Nandi forest excision — Chepkumai/Ngerek land exchange,0
forest_excision_scheme_0396,Kitale Township Kitale Municipal Expansion,,unknown,forest_excision_scheme,Kitale Municipal council,Illegal,,"Kitale, Trans Nzoia, Rift Valley",92.27,The area is not developed.,2,,annex_18_forest_excisions_considered_illegal.csv,Excision: Kitale Municipal Expansion; BP No: Not available; Year: 1999; Purpose: Kitale Municipal council; Status: Various development programmes; Legal procedure: Revoke; Remarks: 677,none,Kitale Township forest excision — Kitale Municipal Expansion,0
forest_excision_scheme_0397,Kapolet Sengwer,,unknown,forest_excision_scheme,Settlement of squatters who had invaded ADC Mitiumai Farm.,Area is a critical catchment for river Nzoa. Underserving people given.,,"Kapolet, Trans Nzoia, Rift Valley",513.76,Revoke,2,677,annex_18_forest_excisions_considered_illegal.csv,Excision: Sengwer; BP No: Not available; Year: 1999; Purpose: Settlement of squatters who had invaded ADC Mitiumai Farm.; Status: Various occupied illegally.; Legal procedure: Illegal; Remarks: The area is settled. Review with a view to exclude ecologically sensitive areas.,none,Kapolet forest excision — Sengwer,0
forest_excision_scheme_0398,Sikhendu Sikhendu,,unknown,forest_excision_scheme,Not known.,Not known.,,"Saboti, Trans Nzoia, Rift Valley",804.1,Revoke,2,677,annex_18_forest_excisions_considered_illegal.csv,Excision: Sikhendu; BP No: Not available; Year: 1999; Purpose: Not known.; Status: Area not occupied.; Legal procedure: Illegal; Remarks: The forest is intact,none,Sikhendu forest excision — Sikhendu,0
forest_excision_scheme_0399,Loitoktok Mrs. Siyote,,unknown,forest_excision_scheme,Farming,Mrs. Siyote,,"Loitokitok, Kajiado, Rift Valley",6.1,Revoke,2,677,annex_18_forest_excisions_considered_illegal.csv,Excision: Mrs. Siyote; BP No: Not available; Year: 2001; Purpose: Farming; Status: Occupied; Legal procedure: Illegal; Remarks: Area allocated by DC Kajiado.,none,Loitoktok forest excision — Mrs. Siyote,0
forest_excision_scheme_0400,Kimojoch Extension of Sacho Girls High School,,unknown,forest_excision_scheme,Eco-tourism,Sacho Girls High School,,"Kimojoch, Baringo, Rift Valley",47.71,Revoke,2,677,annex_18_forest_excisions_considered_illegal.csv,Excision: Extension of Sacho Girls High School; BP No: 175/302; Year: 2002; Purpose: Eco-tourism; Status: Already taken position; Legal procedure: Illegal; Remarks: Area not developed. Also Sacho High School is occupying,none,Kimojoch forest excision — Extension of Sacho Girls High School,0
forest_excision_scheme_0401,Ol'Arabel Ol'Arabel,,unknown,forest_excision_scheme,Settlement,Landless People,,"Ol'Arabel, Baringo, Rift Valley",6.273,Legalise excision,2,678,annex_18_forest_excisions_considered_illegal.csv,Excision: Ol'Arabel; BP No: Not available; Year: 1993; Purpose: Settlement; Status: Partially Settled; Legal procedure: Illegal; Remarks: Area Developed,none,Ol'Arabel forest excision — Ol'Arabel,0
forest_excision_scheme_0402,Mutarakwa Mutarakwa,,unknown,forest_excision_scheme,Health Centre,Local community,,"Mutarakwa, Baringo, Rift Valley",4.50,Legalise excision,2,678,annex_18_forest_excisions_considered_illegal.csv,Excision: Mutarakwa; BP No: Not available; Year: 1995; Purpose: Health Centre; Status: Occupied; Legal procedure: Illegal; Remarks: Area Developed,none,Mutarakwa forest excision — Mutarakwa,0
forest_excision_scheme_0403,Mutarakwa Mutarakwa,,unknown,forest_excision_scheme,School Development,Local community,,"Mutarakwa, Baringo, Rift Valley",5.45,Legalise excision,2,678,annex_18_forest_excisions_considered_illegal.csv,Excision: Mutarakwa; BP No: Not available; Year: 1995; Purpose: School Development; Status: Occupied; Legal procedure: Illegal; Remarks: Area Developed,none,Mutarakwa forest excision — Mutarakwa,0
forest_excision_scheme_0404,Mutarakwa Tenges Trading Centre,,unknown,forest_excision_scheme,"Business plots, Cereals Board, Divisional HQs, KPTC tree nursery",Barngo County Council,,"Tenges, Baringo, Rift Valley",18.60,Legalise excision,2,678,annex_18_forest_excisions_considered_illegal.csv,"Excision: Tenges Trading Centre; BP No: Not available; Year: 1995; Purpose: Business plots, Cereals Board, Divisional HQs, KPTC tree nursery; Status: Occupied; Legal procedure: Illegal; Remarks: Area Developed",none,Mutarakwa forest excision — Tenges Trading Centre,0
forest_excision_scheme_0405,Mutarakwa Tenges Secondary School,,unknown,forest_excision_scheme,Tenges Secondary School,Tenges Secondary School,,"Tenges, Baringo, Rift Valley",5.45,Legalise excision,2,678,annex_18_forest_excisions_considered_illegal.csv,Excision: Tenges Secondary School; BP No: Not available; Year: 1995; Purpose: Tenges Secondary School; Status: Occupied; Legal procedure: Illegal; Remarks: Area Developed,none,Mutarakwa forest excision — Tenges Secondary School,0
forest_excision_scheme_0406,Chepalungu Chepalungu,,unknown,forest_excision_scheme,School development,Chebelach Primary School,,"Chepalungu, Bomet, Rift Valley",6.071,Legalise excision,2,678,annex_18_forest_excisions_considered_illegal.csv,Excision: Chepalungu; BP No: 180/231; Year: 1992; Purpose: School development; Status: School established; Legal procedure: Illegal; Remarks: Only about 3.00 ha. Is utilized,none,Chepalungu forest excision — Chepalungu,0
forest_excision_scheme_0407,"S W, Mau Songiroi Girls Sec. School",,unknown,forest_excision_scheme,School development,Siongiroi Girls school,,"Chepalungu/Olenguruone, Bomet, Rift Valley",7.956,Legalise excision.,2,678,annex_18_forest_excisions_considered_illegal.csv,Excision: Songiroi Girls Sec. School; BP No: 180/233; Year: 1994; Purpose: School development; Status: School established; Legal procedure: Illegal; Remarks: The School has added a self another 8 hectares,none,"S W, Mau forest excision — Songiroi Girls Sec. School",0
forest_excision_scheme_0408,Chepalungu Bomet County Council,,unknown,forest_excision_scheme,Tea development,Bomet County Council,,"Chepalungu/Olenguruone, Bomet, Rift Valley",102.179,Revoke,2,678,annex_18_forest_excisions_considered_illegal.csv,Excision: Bomet County Council; BP No: 175/344; Year: 1994; Purpose: Tea development; Status: Tea established.; Legal procedure: Illegal,none,Chepalungu forest excision — Bomet County Council,0
forest_excision_scheme_0409,Chepalungu Bomet County Council,,unknown,forest_excision_scheme,Expansion of Market and a Church,Siongiroi Market and a Church,,"Chepalungu, Bomet, Rift Valley",64.75,Revoke,2,678,annex_18_forest_excisions_considered_illegal.csv,Excision: Bomet County Council; BP No: 180/232; Year: 1995; Purpose: Expansion of Market and a Church; Status: Partly established.; Legal procedure: Illegal; Remarks: The area is Partially Settled,none,Chepalungu forest excision — Bomet County Council,0
forest_excision_scheme_0410,Lelan Lelan,,unknown,forest_excision_scheme,Expansion of landless people,Landless People,,"West Pokot, Kapenguria, Rift Valley",601.5,Legalise the settlement,2,678,annex_18_forest_excisions_considered_illegal.csv,Excision: Lelan; BP No: Not available; Year: 1993; Purpose: Expansion of landless people; Status: Settle landless people; Legal procedure: Illegal; Remarks: Area is settled,none,Lelan forest excision — Lelan,0
forest_excision_scheme_0411,Kaptagat Kaptagat/Kiptunos neighbouring Tapendo block,,unknown,forest_excision_scheme,Exchange with 44.796 neighbouring Tapendo farmers/Forest Department,Forest Department,,"Kaptagat, Keiyo, Rift Valley",44.796,Investigate,2,678,annex_18_forest_excisions_considered_illegal.csv,Excision: Kaptagat/Kiptunos neighbouring Tapendo block; BP No: Not available; Year: 1990; Purpose: Exchange with 44.796 neighbouring Tapendo farmers/Forest Department; Status: Occupied; Legal procedure: Illegal,none,Kaptagat forest excision — Kaptagat/Kiptunos neighbouring Tapendo block,0
forest_excision_scheme_0412,Kapchemu twa Chebara A,,unknown,forest_excision_scheme,Expansion of Chebara market,Keiyo County council,,"Eigeyo, Keiyo, Rift Valley",34,Investigate,2,679,annex_18_forest_excisions_considered_illegal.csv,Excision: Chebara A; BP No: Not available; Year: 1992; Purpose: Expansion of Chebara market; Status: Occupied; Legal procedure: Illegal; Remarks: A shopping centre is built,none,Kapchemu twa forest excision — Chebara A,0
forest_excision_scheme_0413,Kapchemu twa Kapchoroaa,,unknown,forest_excision_scheme,Settlement,Landless People,,"Kapchoroaa, Keiyo, Rift Valley",148,Revoke,2,679,annex_18_forest_excisions_considered_illegal.csv,Excision: Kapchoroaa; BP No: Not available; Year: 1993; Purpose: Settlement; Status: Not occupied; Legal procedure: Illegal; Remarks: Area is settled,none,Kapchemu twa forest excision — Kapchoroaa,0
forest_excision_scheme_0414,Kaptagat Kaptagat,,unknown,forest_excision_scheme,Relocation of Kapsagat sawmill,Kapsagat sawmill,,"Kaptagat, Keiyo, Rift Valley",58.27,Revoke,2,679,annex_18_forest_excisions_considered_illegal.csv,Excision: Kaptagat; BP No: Not available; Year: 1995; Purpose: Relocation of Kapsagat sawmill; Status: Occupied; Legal procedure: Illegal; Remarks: Exchange has not been consummated,none,Kaptagat forest excision — Kaptagat,0
forest_excision_scheme_0415,Kipkabus Kibonge (Tingwa),,unknown,forest_excision_scheme,Exchange with 94.88 neighbouring Tingua Forest Reserve,Tingwa Forest Reserve,,"Kipkabus, Keiyo, Rift Valley",475,Revoke,2,679,annex_18_forest_excisions_considered_illegal.csv,Excision: Kibonge (Tingwa); BP No: Not available; Year: 1998; Purpose: Exchange with 94.88 neighbouring Tingua Forest Reserve; Status: Occupied; Legal procedure: Illegal; Remarks: The beneficiaries Have not surrendered their Title deeds to the Forest Department.,none,Kipkabus forest excision — Kibonge (Tingwa),0
forest_excision_scheme_0416,Kaptagat Kaptagat,,unknown,forest_excision_scheme,Divisional Hqs,Government,,"Kaptagat, Keiyo, Rift Valley",32.37,Revoke,2,679,annex_18_forest_excisions_considered_illegal.csv,Excision: Kaptagat; BP No: Not available; Year: 1998; Purpose: Divisional Hqs; Status: Not occupied; Legal procedure: Illegal; Remarks: Most of the area is not developed,none,Kaptagat forest excision — Kaptagat,0
forest_excision_scheme_0417,Kipkabus Kipkabus/Kibonge,,unknown,forest_excision_scheme,Exchange,Landless People,,"Kipkabus, Keiyo, Rift Valley",475,Revoke,2,679,annex_18_forest_excisions_considered_illegal.csv,Excision: Kipkabus/Kibonge; BP No: Not available; Year: 1995; Purpose: Exchange; Status: Partially occupied; Legal procedure: Illegal; Remarks: Have not surrendered their Title deeds to the Forest Department.,none,Kipkabus forest excision — Kipkabus/Kibonge,0
forest_excision_scheme_0418,Mt Londiani Londiani,,unknown,forest_excision_scheme,Extension of Londiani Town,Londani Town Council,,"Londuni, Kericho, Rift Valley",17.37,Revoke,2,679,annex_18_forest_excisions_considered_illegal.csv,Excision: Londiani; BP No: Not available; Year: 1992; Purpose: Extension of Londiani Town; Status: Area not occupied; Legal procedure: Illegal; Remarks: Area is still forestland,none,Mt Londiani forest excision — Londiani,0
forest_excision_scheme_0419,S W Mau Saosa,,unknown,forest_excision_scheme,Agricultural development,Kericho Rural Multipurpose Co-operative society,,"Kencho, Kericho, Rift Valley",74.72,Revoke,2,679,annex_18_forest_excisions_considered_illegal.csv,Excision: Saosa; BP No: 175/348; Year: 1994; Purpose: Agricultural development; Status: Area under tea; Legal procedure: Illegal; Remarks: Area planted with Tea. A license at Market value should be issued,none,S W Mau forest excision — Saosa,0
forest_excision_scheme_0420,S W Mau S W Mau,,unknown,forest_excision_scheme,Agricultural development,Kericho Rural Multipurpose Co-operative society,,"Kencho, Kericho, Rift Valley",5.14,Revoke,2,679,annex_18_forest_excisions_considered_illegal.csv,Excision: S W Mau; BP No: 175/350; Year: 1994; Purpose: Agricultural development; Status: Area under tea; Legal procedure: Illegal; Remarks: Area planted with Tea. A license at Market value should be issued,none,S W Mau forest excision — S W Mau,0
forest_excision_scheme_0421,S W Mau S W Mau,,unknown,forest_excision_scheme,Agricultural development,Kericho Rural Multipurpose Co-operative society,,"Kencho, Kericho, Rift Valley",292.97,Revoke,2,679,annex_18_forest_excisions_considered_illegal.csv,Excision: S W Mau; BP No: 175/351; Year: 1994; Purpose: Agricultural development; Status: Area under tea; Legal procedure: Illegal; Remarks: Area planted with Tea. A license at Market value should be issued,none,S W Mau forest excision — S W Mau,0
forest_excision_scheme_0422,W.Mau Frankways Sawmills,,unknown,forest_excision_scheme,Construction of a Sawmill,Hon. Franklin Bett,,"Keriasoi, Kericho, Rift Valley",10,Revoke,2,680,annex_18_forest_excisions_considered_illegal.csv,Excision: Frankways Sawmills; BP No: Not available; Year: 1995; Purpose: Construction of a Sawmill; Status: Area occupied; Legal procedure: Illegal; Remarks: The area is too big for a Saw Mill,none,W.Mau forest excision — Frankways Sawmills,0
forest_excision_scheme_0423,Mount Londiani Business plots along Sabatia Railway Station.,,unknown,forest_excision_scheme,Business plots,Not known,,"Sabatia, Koibatek, Rift Valley",19.98,Revoke,2,680,annex_18_forest_excisions_considered_illegal.csv,Excision: Business plots along Sabatia Railway Station.; BP No: Not available; Year: 1993; Purpose: Business plots; Status: Occupied; Legal procedure: Illegal; Remarks: Area is settled. Agricultural plots of approximately 2.5 ha were established.,none,Mount Londiani forest excision — Business plots along Sabatia Railway Station.,0
forest_excision_scheme_0424,Mount Londiani Makutano Police Station,,unknown,forest_excision_scheme,Police Station,Police Department,,"Maji Mazuri, Koibatek, Rift Valley",4.00,Revoke,2,680,annex_18_forest_excisions_considered_illegal.csv,Excision: Makutano Police Station; BP No: Not available; Year: 1993; Purpose: Police Station; Status: Occupied; Legal procedure: Illegal; Remarks: Area is developed.,none,Mount Londiani forest excision — Makutano Police Station,0
forest_excision_scheme_0425,Marmanet Marmanet,,unknown,forest_excision_scheme,School Development,Gatero Primary School,,"Marmanet, Laikipia, Rift Valley",4:1,Finalize the de-gazetement,2,680,annex_18_forest_excisions_considered_illegal.csv,Excision: Marmanet; BP No: Not available; Year: 1992; Purpose: School Development; Status: School established; Legal procedure: Illegal; Remarks: School is built.,none,Marmanet forest excision — Marmanet,0
forest_excision_scheme_0426,Mukogondo Mukogondo,,unknown,forest_excision_scheme,Settlement,Landless People,,"Muktogondo, Laikipia, Rift Valley",15000,Revoke. This is a catchment area.,2,680,annex_18_forest_excisions_considered_illegal.csv,Excision: Mukogondo; BP No: Not available; Year: 1998; Purpose: Settlement; Status: Squatters in the Forest; Legal procedure: Illegal; Remarks: The land is still forestland.,none,Mukogondo forest excision — Mukogondo,0
forest_excision_scheme_0427,Turbo Mautuma Settlement,,unknown,forest_excision_scheme,Settle landless people,Landless People,,"Turbo, Lugari, Rift Valley",1242.0,Review with a view to exclude ecologically sensitive areas,2,680,annex_18_forest_excisions_considered_illegal.csv,Excision: Mautuma Settlement; BP No: Not available; Year: 1994; Purpose: Settle landless people; Status: Occupied; Legal procedure: Illegal; Remarks: Area is already settled.,none,Turbo forest excision — Mautuma Settlement,0
forest_excision_scheme_0428,"Kapchemu twa. Chebara, Kapkoros",,unknown,forest_excision_scheme,Expansion of Kapsoway Town,Marakwet County Council,,"Cheptangeti, Marakwet, Rift Valley",73,Legalise and exclude unsettled areas,2,680,annex_18_forest_excisions_considered_illegal.csv,"Excision: Chebara, Kapkoros; BP No: Not available; Year: 1992; Purpose: Expansion of Kapsoway Town; Status: Squatters of Kapsowa Town; Legal procedure: Illegal; Remarks: The land is set aside for 22 families displaced by Kapsoway District Hqs. The area is partially settled.",none,"Kapchemu twa. forest excision — Chebara, Kapkoros",0
forest_excision_scheme_0429,Bahati Bahati,,unknown,forest_excision_scheme,Market expansion,Nakuru County Council,,"Dundori, Nakuru, Rift Valley",84.9,Legalise the excision.,2,680,annex_18_forest_excisions_considered_illegal.csv,Excision: Bahati; BP No: 175/340; Year: 1994; Purpose: Market expansion; Status: Plots issued; Legal procedure: Illegal; Remarks: The area is settled.,none,Bahati forest excision — Bahati,0
forest_excision_scheme_0430,S.W. Mau S.W. Mau,,unknown,forest_excision_scheme,Settlement,Landless People,,"Keringet, Nakuru, Rift Valley",1687.2,Revoke,2,680,annex_18_forest_excisions_considered_illegal.csv,Excision: S.W. Mau; BP No: 175/360; Year: 1997; Purpose: Settlement; Status: Not fully settled; Legal procedure: Illegal; Remarks: Not landless settled,none,S.W. Mau forest excision — S.W. Mau,0
forest_excision_scheme_0431,North Nandi Teressia,,unknown,forest_excision_scheme,Settlement,5 displaced individuals,,"North Nandi, Nandi, Rift Valley",12.95,Revoke,2,680,annex_18_forest_excisions_considered_illegal.csv,Excision: Teressia; BP No: Not available; Year: 1995; Purpose: Settlement; Status: Not occupied; Legal procedure: Illegal; Remarks: Area is settled.,none,North Nandi forest excision — Teressia,0
forest_excision_scheme_0432,South Nandi AIC Chebisas,,unknown,forest_excision_scheme,School Development,Local community,,"South Nandi, Nandi, Rift Valley",44.03,Legalise area downwards,2,680,annex_18_forest_excisions_considered_illegal.csv,Excision: AIC Chebisas; BP No: Not available; Year: 1996; Purpose: School Development; Status: Partially occupied; Legal procedure: Illegal; Remarks: An area of 59.30Ha was surveyed by the school and thus exceeding the authorized area by 15 hectares,none,South Nandi forest excision — AIC Chebisas,0
forest_excision_scheme_0433,South Nandi Kobujoi,,unknown,forest_excision_scheme,Expansion of Kobujoi town,Nandi County Council,,"South Nandi, Nandi, Rift Valley",12.14,Legalise excision,2,681,annex_18_forest_excisions_considered_illegal.csv,Excision: Kobujoi; BP No: Not available; Year: 1996; Purpose: Expansion of Kobujoi town; Status: Occupied; Legal procedure: Illegal; Remarks: The area is built.,none,South Nandi forest excision — Kobujoi,0
forest_excision_scheme_0434,North Nandi North Nandi,,unknown,forest_excision_scheme,Ngretek dispensary and farming,Local community,,"North Nandi, Nandi, Rift Valley",20.21,Revoke,2,681,annex_18_forest_excisions_considered_illegal.csv,Excision: North Nandi; BP No: Not available; Year: 1996; Purpose: Ngretek dispensary and farming; Status: Not occupied; Legal procedure: Illegal; Remarks: The area is still Forest. The proposed amenities are not yet constructed.,none,North Nandi forest excision — North Nandi,0
forest_excision_scheme_0435,North Nandi Teressia,,unknown,forest_excision_scheme,Settlement,Two individuals,,"North Nandi, Nandi, Rift Valley",9.36,Revoke,2,681,annex_18_forest_excisions_considered_illegal.csv,Excision: Teressia; BP No: Not available; Year: 1997; Purpose: Settlement; Status: Not occupied; Legal procedure: Illegal; Remarks: The area is settled,none,North Nandi forest excision — Teressia,0
forest_excision_scheme_0436,Kitalare Kitalale,,unknown,forest_excision_scheme,Maize seed development.,Undeserving influential people,,"Kitalale, Trans Nzoia, Rift Valley",1609.90,Investigate excision,2,681,annex_18_forest_excisions_considered_illegal.csv,Excision: Kitalale; BP No: Not available; Year: 1994; Purpose: Maize seed development.; Status: Area occupied; Legal procedure: Illegal; Remarks: Area is settled.,none,Kitalare forest excision — Kitalale,0
forest_excision_scheme_0437,Mount Elgon Extension of Suam Town,,unknown,forest_excision_scheme,Establish Suam Town,County Council,,"Trans Nzoia, Trans Nzoia, Rift Valley",112.86,Revoke,2,681,annex_18_forest_excisions_considered_illegal.csv,Excision: Extension of Suam Town; BP No: Not available; Year: 1997; Purpose: Establish Suam Town; Status: Area occupied; Legal procedure: Illegal; Remarks: Authority to extend the town has not been granted. The area remains forest.,none,Mount Elgon forest excision — Extension of Suam Town,0
forest_excision_scheme_0438,Kitale Kitale Municipal Expansion,,unknown,forest_excision_scheme,Kitale municipal development programmes,Kitale Municipal council,,"Kitale, Trans Nzoia, Rift Valley",32.37,Revoke,2,681,annex_18_forest_excisions_considered_illegal.csv,Excision: Kitale Municipal Expansion; BP No: Not available; Year: 1998; Purpose: Kitale municipal development programmes; Status: Area not occupied; Legal procedure: Illegal; Remarks: The area is not developed.,none,Kitale forest excision — Kitale Municipal Expansion,0
forest_excision_scheme_0439,Kitale Kitale Municipal Expansion,,unknown,forest_excision_scheme,Kitale municipal development programmes,Kitale Municipal council,,"Kitale, Trans Nzoia, Rift Valley",6.07,Revoke,2,681,annex_18_forest_excisions_considered_illegal.csv,Excision: Kitale Municipal Expansion; BP No: Not available; Year: 1998; Purpose: Kitale municipal development programmes; Status: Area not occupied; Legal procedure: Illegal; Remarks: The area is not developed,none,Kitale forest excision — Kitale Municipal Expansion,0
forest_excision_scheme_0440,Kitale Kitale Municipal Expansion,,unknown,forest_excision_scheme,Kitale municipal development programmes,Kitale Municipal council,,"Kitale, Trans Nzoia, Rift Valley",6.07,Revoke,2,681,annex_18_forest_excisions_considered_illegal.csv,Excision: Kitale Municipal Expansion; BP No: Not available; Year: 1998; Purpose: Kitale municipal development programmes; Status: Area not occupied; Legal procedure: Illegal; Remarks: The area is not developed,none,Kitale forest excision — Kitale Municipal Expansion,0
forest_excision_scheme_0441,Kitale Kitale Municipal Expansion,,unknown,forest_excision_scheme,Kitale municipal development programmes,Kitale Municipal council,,"Kitale, Trans Nzoia, Rift Valley",25.7,Revoke,2,681,annex_18_forest_excisions_considered_illegal.csv,Excision: Kitale Municipal Expansion; BP No: Not available; Year: 1998; Purpose: Kitale municipal development programmes; Status: Area not occupied; Legal procedure: Illegal; Remarks: The area is not developed,none,Kitale forest excision — Kitale Municipal Expansion,0
forest_excision_scheme_0442,Eldoret Eldoret,,unknown,forest_excision_scheme,Industrial development,M/s Rodah Bett and others,,"Eldoret, Uasin Gishu, Rift Valley",3.13,Revoke,2,682,annex_18_forest_excisions_considered_illegal.csv,Excision: Eldoret; BP No: 175/315; Year: 1991; Purpose: Industrial development; Status: Not occupied; Legal procedure: Illegal; Remarks: Area is settled,none,Eldoret forest excision — Eldoret,0
forest_excision_scheme_0443,Eldoret Eldoret,,unknown,forest_excision_scheme,Expansion of cemetery,Eldoret county council,,"Eldoret, Uasin Gishu, Rift Valley",16,Revoke.,2,682,annex_18_forest_excisions_considered_illegal.csv,Excision: Eldoret; BP No: Not available; Year: 1994; Purpose: Expansion of cemetery; Status: Not occupied; Legal procedure: Illegal; Remarks: Area is not settled,none,Eldoret forest excision — Eldoret,0
forest_excision_scheme_0444,North Tinderet Cengalo,,unknown,forest_excision_scheme,Settle landless people,Landless People,,"Cengalo, Uasin Gishu, Rift Valley",711.7,Revoke,2,682,annex_18_forest_excisions_considered_illegal.csv,Excision: Cengalo; BP No: Not available; Year: 1994; Purpose: Settle landless people; Status: Not occupied; Legal procedure: Illegal; Remarks: An area of 12.14 hectares is being developed for GSU Company. The rest of the area is intact,none,North Tinderet forest excision — Cengalo,0
forest_excision_scheme_0445,Lelan Kaprech Primary School,,unknown,forest_excision_scheme,Construction of Kaprech Primary School,Kaprech Primary School,,"Kapenguria, West Pokot, Rift Valley",10.00,Revoke,2,682,annex_18_forest_excisions_considered_illegal.csv,Excision: Kaprech Primary School; BP No: Not available; Year: 1998; Purpose: Construction of Kaprech Primary School; Status: Not occupied; Legal procedure: Illegal; Remarks: The school is not yet built,none,Lelan forest excision — Kaprech Primary School,0
forest_excision_scheme_0446,Katimok Katmok,,unknown,forest_excision_scheme,School Development,Local community,,"Katumok, Baringo, Rift Valley",13.27,Legalise the excision,2,682,annex_18_forest_excisions_considered_illegal.csv,Excision: Katmok; BP No: Not available; Year: 1988; Purpose: School Development; Status: Occupied; Legal procedure: Illegal; Remarks: The area is occupied,none,Katimok forest excision — Katmok,0
forest_excision_scheme_0447,Katimok Katmok,,unknown,forest_excision_scheme,Divisional Hqs,Government,,"Katumok, Baringo, Rift Valley",6.79,Legalise,2,682,annex_18_forest_excisions_considered_illegal.csv,Excision: Katmok; BP No: Not available; Year: 1988; Purpose: Divisional Hqs; Status: Occupied; Legal procedure: Illegal; Remarks: The area is occupied,none,Katimok forest excision — Katmok,0
forest_excision_scheme_0448,Katimok Katmok,,unknown,forest_excision_scheme,School Development,Local community,,"Katumok, Baringo, Rift Valley",8.91,Legalise,2,682,annex_18_forest_excisions_considered_illegal.csv,Excision: Katmok; BP No: Not available; Year: 1988; Purpose: School Development; Status: Occupied; Legal procedure: Illegal; Remarks: The area is occupied,none,Katimok forest excision — Katmok,0
forest_excision_scheme_0449,Katimok Katmok,,unknown,forest_excision_scheme,Kabarnojo Hospital,Local community,,"Katumok, Baringo, Rift Valley",5.01,Legalise,2,682,annex_18_forest_excisions_considered_illegal.csv,Excision: Katmok; BP No: Not available; Year: 1988; Purpose: Kabarnojo Hospital; Status: Occupied; Legal procedure: Illegal; Remarks: The area is occupied,none,Katimok forest excision — Katmok,0
forest_excision_scheme_0450,Ngong Ngong Hills,,unknown,forest_excision_scheme,Settlement,"Putei, Joyce Komongno and Ole Mpayes",,"Ngong, Kajiado, Rift Valley",19.16,Revoke,2,682,annex_18_forest_excisions_considered_illegal.csv,Excision: Ngong Hills; BP No: Not available; Year: 1988; Purpose: Settlement; Status: Occupied; Legal procedure: Illegal; Remarks: The area was granted by D C Kajado,none,Ngong forest excision — Ngong Hills,0
forest_excision_scheme_0451,Ururu Ururu,,unknown,forest_excision_scheme,Farming,Dr. Yego,,"Kimondi, Nandi, Rift Valley",18.53,Revoke,2,682,annex_18_forest_excisions_considered_illegal.csv,Excision: Ururu; BP No: Not available; Year: 1988; Purpose: Farming; Status: Not occupied; Legal procedure: Illegal; Remarks: Tea farming established,none,Ururu forest excision — Ururu,0
forest_excision_scheme_0452,Trans-Mara Kiptagish,,unknown,forest_excision_scheme,Farming,Daniel Torotich Arap Moi,,"Transmara, Narok, Rift Valley",937.70,Revoke,2,682,annex_18_forest_excisions_considered_illegal.csv,Excision: Kiptagish; BP No: 180/213; Year: 1988; Purpose: Farming; Status: Occupied; Legal procedure: Illegal; Remarks: Tea farming and factory established,none,Trans-Mara forest excision — Kiptagish,0
forest_excision_scheme_0453,Ololua Nkaisem Primary School,,unknown,forest_excision_scheme,School,Local communities,,"Ololua, Kajiado, Rift Valley",6.07,Legalise,2,682,annex_18_forest_excisions_considered_illegal.csv,Excision: Nkaisem Primary School; BP No: Not available; Year: 1992; Purpose: School; Status: Occupied; Legal procedure: Illegal; Remarks: Primary school established,none,Ololua forest excision — Nkaisem Primary School,0
forest_excision_scheme_0454,Ololua Nkaimurunya Primary School,,unknown,forest_excision_scheme,Exchange with 45.244 ha of Mau Mau County Council forest,Local residents,,"Ololua, Kajiado, Rift Valley",100,Legalise excision and gazette the exchange,2,683,annex_18_forest_excisions_considered_illegal.csv,Excision: Nkaimurunya Primary School; BP No: Not available; Year: 1975; Purpose: Exchange with 45.244 ha of Mau Mau County Council forest; Status: Occupied; Legal procedure: Illegal; Remarks: Settlement was established,none,Ololua forest excision — Nkaimurunya Primary School,0
forest_excision_scheme_0455,Olposimoru Olposimoru,,unknown,forest_excision_scheme,Exchange with Mr Kandie,Mr Kandie and Forest Department,,"Olposimoru, Narok, Rift Valley",20115,Revoke,2,683,annex_18_forest_excisions_considered_illegal.csv,Excision: Olposimoru; BP No: Not available; Year: 1987; Purpose: Exchange with Mr Kandie; Status: Occupied; Legal procedure: Illegal; Remarks: The area was allocated by commissioner of lands,none,Olposimoru forest excision — Olposimoru,0
forest_excision_scheme_0456,Kipkabus Kipkabus,,unknown,forest_excision_scheme,Settlement Area bought from EATEC for pulpwood development,Landless People,,"Kipkabus, Keiyo, Rift Valley",95.46,Legalise exclude ecologically sensitive areas.,2,683,annex_18_forest_excisions_considered_illegal.csv,Excision: Kipkabus; BP No: 175/282; Year: 1986; Purpose: Settlement Area bought from EATEC for pulpwood development; Status: Occupied; Legal procedure: Illegal; Remarks: The area is settled,none,Kipkabus forest excision — Kipkabus,0
forest_excision_scheme_0457,Kipkabus Kipkabus,,unknown,forest_excision_scheme,Extension of Elburgon township,Elburgon Urban Council,,"Kipkabus, Keiyo, Rift Valley",3916.5,Revoke,2,683,annex_18_forest_excisions_considered_illegal.csv,Excision: Kipkabus; BP No: Not available; Year: 1983; Purpose: Extension of Elburgon township; Status: Not occupied; Legal procedure: Illegal; Remarks: The area is still forest.,none,Kipkabus forest excision — Kipkabus,0
forest_excision_scheme_0458,Eastern Mau Eastern Mau,,unknown,forest_excision_scheme,Kitale Municipal development programmes,ASK,,"Elburgon, Nakuru, Rift Valley",65.16,Revoke,2,683,annex_18_forest_excisions_considered_illegal.csv,Excision: Eastern Mau; BP No: Not available; Year: 1981; Purpose: Kitale Municipal development programmes; Status: Area not occupied; Legal procedure: Illegal; Remarks: The area is still forest.,none,Eastern Mau forest excision — Eastern Mau,0
forest_excision_scheme_0459,Kitale Kitale ASK show ground extension,,unknown,forest_excision_scheme,School Development,Singore Girls school,,"Kitale, Trans Nzoia, Rift Valley",19.69,Legalise excision,2,683,annex_18_forest_excisions_considered_illegal.csv,Excision: Kitale ASK show ground extension; BP No: 175/358; Year: 1979; Purpose: School Development; Status: Occupied; Legal procedure: Illegal; Remarks: The area is fenced but slightly developed,none,Kitale forest excision — Kitale ASK show ground extension,0
forest_excision_scheme_0460,Kapchemu twa Singore girls,,unknown,forest_excision_scheme,School Development,Olotokitok community,,"Elgeyo, Keiyo, Rift Valley",9.96,Revoke the the proposal and Legalise excision,2,683,annex_18_forest_excisions_considered_illegal.csv,Excision: Singore girls; BP No: 180/237; Year: 1978; Purpose: School Development; Status: Occupied; Legal procedure: Illegal; Remarks: The area is occupied,none,Kapchemu twa forest excision — Singore girls,0
forest_excision_scheme_0461,Olotokitok Olotokitok,,unknown,forest_excision_scheme,Settlement,Landless People,,"Olotokitok, Olosookitok, Rift Valley",43.56,Legalise and exclude ecologically sensitive areas,2,683,annex_18_forest_excisions_considered_illegal.csv,Excision: Olotokitok; BP No: 175/275; Year: 1975; Purpose: Settlement; Status: Fully settled; Legal procedure: Illegal; Remarks: The area is settled,none,Olotokitok forest excision — Olotokitok,0
forest_excision_scheme_0462,Marmanet Marmanet,,unknown,forest_excision_scheme,Settlement,Landless,,"Marmanet, Laikipia, Rift Valley",1773.3,Legalise and exclude ecologically sensitive areas,2,683,annex_18_forest_excisions_considered_illegal.csv,Excision: Marmanet; BP No: 175/226; Year: 1967; Purpose: Settlement; Status: Occupied; Legal procedure: Illegal; Remarks: The area is settled,none,Marmanet forest excision — Marmanet,0
forest_excision_scheme_0463,Kipssup Kesup,,unknown,forest_excision_scheme,School,Local communities,,"Sabor, Keiyo, Rift Valley",378.2,Legalise,2,683,annex_18_forest_excisions_considered_illegal.csv,Excision: Kesup; BP No: Not available; Year: 1992; Purpose: School; Status: Occupied; Legal procedure: Illegal; Remarks: Primary school established,none,Kipssup forest excision — Kesup,0
forest_excision_scheme_0464,Wanga Wanga,,unknown,forest_excision_scheme,To settle former Minister the late Hon. Okondo.,Family of the late Hon. Okondo.,,"Sio Port, Busia, Western",2,Revoke,2,684,annex_18_forest_excisions_considered_illegal.csv,Excision: Wanga; BP No: Not available; Year: 1998; Purpose: To settle former Minister the late Hon. Okondo.; Status: Area is developed and settled.; Legal procedure: Illegal,none,Wanga forest excision — Wanga,0
forest_excision_scheme_0465,Kakamega Kakamega Show Ground,,unknown,forest_excision_scheme,Relocation of the ASK Show ground from Bukhungu.,ASK Kakamega Branch.,,"Kakamega, Kakamega, Western",40.47,Revoke,2,684,annex_18_forest_excisions_considered_illegal.csv,Excision: Kakamega Show Ground; BP No: 180/234; Year: 1992; Purpose: Relocation of the ASK Show ground from Bukhungu.; Status: Area partially occupied; Legal procedure: Illegal; Remarks: The area should be reduced. ASK show ground to relocate to Bukhungu,none,Kakamega forest excision — Kakamega Show Ground,0
forest_excision_scheme_0466,Kakamega Kisaina,,unknown,forest_excision_scheme,Relocation of Kisaina Primary School from the middle of the forest to the boundary.,Kisaina Primary School,,"Kakamega, Kakamega, Western",7.5,Legalise,2,684,annex_18_forest_excisions_considered_illegal.csv,Excision: Kisaina; BP No: Not available; Year: 1993; Purpose: Relocation of Kisaina Primary School from the middle of the forest to the boundary.; Status: Area occupied.; Legal procedure: Illegal; Remarks: The school is built already,none,Kakamega forest excision — Kisaina,0
forest_excision_scheme_0467,Kakamega Mr Shikondi,,unknown,forest_excision_scheme,Compensation.,Mr. Shikondi who was displaced by expansion of Mukumu Girls.,,"Kakamega, Kakamega, Western",3.48,Legalise,2,684,annex_18_forest_excisions_considered_illegal.csv,Excision: Mr Shikondi; BP No: 180/235; Year: 1995; Purpose: Compensation.; Status: Area already occupied.; Legal procedure: Illegal; Remarks: The area is settled.,none,Kakamega forest excision — Mr Shikondi,0
forest_excision_scheme_0468,Turbo Mautuma Settlement,,unknown,forest_excision_scheme,To settle Squatters,Landless People,,"Turbo, Lugari, Western",1214.06,Authenticate the list of allottees set aside ecologically sensitive areas and formalize the excision,2,684,annex_18_forest_excisions_considered_illegal.csv,Excision: Mautuma Settlement; BP No: Not available; Year: 1994; Purpose: To settle Squatters; Status: Area already occupied; Legal procedure: Illegal; Remarks: An area of 1577.86 hectares was surveyed and settled.,none,Turbo forest excision — Mautuma Settlement,0
forest_excision_scheme_0469,Mt. Elgon Kapsokwo Township Extension,,unknown,forest_excision_scheme,Extension Kapsokwoy Township,Kapsokwoy Town Council.,,"Kaberua, Mt Elgon, Western",40.47,Revoke,2,684,annex_18_forest_excisions_considered_illegal.csv,Excision: Kapsokwo Township Extension; BP No: Not available; Year: 1998; Purpose: Extension Kapsokwoy Township; Status: Area not occupied; Legal procedure: Illegal; Remarks: The area is not occupied.,none,Mt. Elgon forest excision — Kapsokwo Township Extension,0
forest_excision_scheme_0470,Kakamega Shaviringa,,unknown,forest_excision_scheme,Compensation.,Person displaced by expansion of Mudete Tea Factory,,"Kibiri, Vihiga, Western",36,Legalise the excision,2,685,annex_18_forest_excisions_considered_illegal.csv,Excision: Shaviringa; BP No: Not available; Year: 1992; Purpose: Compensation.; Status: Area already occupied.; Legal procedure: Illegal; Remarks: The area is settled,none,Kakamega forest excision — Shaviringa,0
forest_excision_scheme_0471,Kakamega Bahai,,unknown,forest_excision_scheme,Compensation,Bahai centre for giving 1 acre for construction of DO's house.,,"Malava, Kakamega, Western",0.405,Revoke,2,685,annex_18_forest_excisions_considered_illegal.csv,Excision: Bahai; BP No: Not available; Year: 1989; Purpose: Compensation; Status: Area not occupied; Legal procedure: Illegal; Remarks: The area is not occupied.,none,Kakamega forest excision — Bahai,0
forest_excision_scheme_0472,Kakamega Ishiru,,unknown,forest_excision_scheme,Compensation,Persons displaced by Mbale District Headquarters,,"Kibiri, Vihiga, Western",134.8,Revise the boundary plan to exclude the 36 hectares given in Shaviringa and finalize the de-gazettement of 98.8 hectares in Ishuru,2,685,annex_18_forest_excisions_considered_illegal.csv,Excision: Ishiru; BP No: 180/215; Year: 1988; Purpose: Compensation; Status: Area already occupied 98.8ha; Legal procedure: Illegal; Remarks: An area of 98.8 hectares is settled.,none,Kakamega forest excision — Ishiru,0
forest_excision_scheme_0473,Kakamega Virhembe,,unknown,forest_excision_scheme,Compensation,Persons displaced during expansion of Mukumu Girls.,,"Kakamega, Kakamega, Western",17.6,Finalize the de-gazettement Legalise,2,685,annex_18_forest_excisions_considered_illegal.csv,Excision: Virhembe; BP No: 180/209; Year: 1987; Purpose: Compensation; Status: Area already occupied; Legal procedure: Illegal; Remarks: The area is settled,none,Kakamega forest excision — Virhembe,0
forest_excision_scheme_0474,Kakamega Shikusa Prison Kakamega,,unknown,forest_excision_scheme,Meant for juvenile prisoners,Shikusa Prison,,"Kakamega, Kakamega, Western",4.22,Review the lease Legalise arrangements and area to be leased,2,685,annex_18_forest_excisions_considered_illegal.csv,Excision: Shikusa Prison Kakamega; BP No: Not available; Year: 1981; Purpose: Meant for juvenile prisoners; Status: Area partly occupied; Legal procedure: Illegal; Remarks: Reduce the area being utilized by Kakamega Prisons,none,Kakamega forest excision — Shikusa Prison Kakamega,0
forest_excision_scheme_0475,Kakamega Kaptik,,unknown,forest_excision_scheme,Construction of Kaptik Secondary School,Kaptik Secondary School,,"Kibiri, Vihiga, Western",9.476,Legalise,2,685,annex_18_forest_excisions_considered_illegal.csv,Excision: Kaptik; BP No: 180/218; Year: 1978; Purpose: Construction of Kaptik Secondary School; Status: Area already occupied.; Legal procedure: Illegal; Remarks: The school is already built.,none,Kakamega forest excision — Kaptik,0
forest_excision_scheme_0476,Mt. Elgon Chepyuk,,unknown,forest_excision_scheme,Settlement of squatters,Landless People,,"Kaberua, Mt Elgon District, Western",4064.0,Investigate excision with a view to settling genuine squatters,2,686,annex_18_forest_excisions_considered_illegal.csv,Excision: Chepyuk; BP No: Not available; Year: 1999; Purpose: Settlement of squatters; Status: Area partially settled.; Legal procedure: Illegal; Remarks: The area is already settled.,none,Mt. Elgon forest excision — Chepyuk,0
forest_excision_scheme_0477,Mt. Kenya Gathiuru,,unknown,forest_excision_scheme,Settlement of squatters,Unknown,,"Gathiuru, Nyeri, Central",744.4,Revoke,2,686,annex_18_forest_excisions_considered_illegal.csv,Excision: Gathiuru; BP No: 175/392; Year: 1993; Purpose: Settlement of squatters; Status: Not occupied; Legal procedure: Illegal; Remarks: The area is not settled.,none,Mt. Kenya forest excision — Gathiuru,0
forest_excision_scheme_0478,Njukiini West Bishop Gitari Njukiini Academy,,unknown,forest_excision_scheme,School,Bishop Gitari Njukiini Academy,,"Njukiini West, Kirinyaga, Central",13.41,Legalise the excision,2,686,annex_18_forest_excisions_considered_illegal.csv,Excision: Bishop Gitari Njukiini Academy; BP No: 175/400; Year: 1983; Purpose: School; Status: Occupied; Legal procedure: Illegal; Remarks: A school under the management of A C K is established.,none,Njukiini West forest excision — Bishop Gitari Njukiini Academy,0
forest_excision_scheme_0479,Kikuyu escapment African inland Mission exchange,,unknown,forest_excision_scheme,Exchange with 74.07 ha in King'atua,AIC Mission,,"Kinale, Kiambu, Central",4.45,Legalise the exchange,2,686,annex_18_forest_excisions_considered_illegal.csv,Excision: African inland Mission exchange; BP No: 175/381; Year: 1960; Purpose: Exchange with 74.07 ha in King'atua; Status: Not occupied; Legal procedure: Illegal; Remarks: This an exchange with 74.08 hectares of forests known as Kigana Forest released to Forest Department by A.J.M. Kiphe.,none,Kikuyu escapment forest excision — African inland Mission exchange,0
forest_excision_scheme_0480,Lariak Rumuruti,,unknown,forest_excision_scheme,Exchange 127.3 ha neighbouring Lariak forest reserve,Mr. Mwendia and Forest Department.,,"Rumuruti, Laikipia, Rift Valley",149.1,Revoke,2,686,annex_18_forest_excisions_considered_illegal.csv,Excision: Rumuruti; BP No: 175/222; Year: 1976; Purpose: Exchange 127.3 ha neighbouring Lariak forest reserve; Status: Not occupied; Legal procedure: Illegal; Remarks: The exchange transaction is not complete,none,Lariak forest excision — Rumuruti,0
