province,district,station,forest,legal_notice,name_of_excision,excision_area_ha,bp_no,year,purpose,request,beneficiary,status,legal_procedure,recommendation,remarks,source_page,flag_source_csv
Central,Kiambu,Kikuyu Escarpment,Kikuyu Escarpment,105 of 1973,,45.33,,,Exchange with 58 77 Ha AIC Mission,African Inland Mission,AIM Kijabe,Fully Occupied,,Uphold the status quo,The area is settled,1,annex_01_forest_excisions_with_legal_notices.csv
Central,Kiambu,Kikuyu Escarpment,Kikuyu Escarpment,6 of 1970,,0.0297,,,Extension of Sasaumua Dam water tank,Nairobi City Council,City Council,Developed,,Uphold the status quo,The area is occupied,1,annex_01_forest_excisions_with_legal_notices.csv
Central,Nyandarua,Kikuyu Escarpment,Kikuyu Escarpment,241 of 1969,,9.18,,,Sasaumua Dam ext,Nairobi City Council,City Council,Developed,,Uphold the status quo,The area is occupied,1,annex_01_forest_excisions_with_legal_notices.csv
Central,Murang'a,Aberdare,Aberdare,171 of 1968,,2751.92,,,National Park,Ministry of Tourism,Department of Wildlife,Developed,,Uphold the status quo,National Park,1,annex_01_forest_excisions_with_legal_notices.csv
Central,Nyandarua,Aberdare,Aberdare,171 of 1968,,756.78,,,National Park,Ministry of Tourism,Department of Wildlife,Developed,,Uphold the status quo,National Park,1,annex_01_forest_excisions_with_legal_notices.csv
Central,Nyeri,Aberdare,Aberdare,171 of 1968,,15.855 93,,,National Park,Ministry of Tourism,Department of Wildlife,Developed,,Uphold the status quo,National Park,1,annex_01_forest_excisions_with_legal_notices.csv
Central,Kiambu,Kikuyu Escarpment,Kikuyu Escarpment,252 of 1993,,27.09,,,For Sawmill Development,Uttam Singh Brar,Individual,Part of the area under sawmill Other part under horticulture,,Revoke,This was an excision for private gain,1,annex_01_forest_excisions_with_legal_notices.csv
Central,Kiambu,Kiambu,Kiambu,260 of 1995,,29.68,,,Private Development,Pelican Eng Company,Individual,Taken Possesion Illegally,,Revoke,This was an excision for private gain Issuance of the title preceeded degazettement,1,annex_01_forest_excisions_with_legal_notices.csv
Central,Nyeri,Hombe,Mount Kenya,13 of 1976,,9.413,,,Land Exchange,Mr W A Murigu,Individual,Fully Occupied,,Uphold the status quo,This area is settled,1,annex_01_forest_excisions_with_legal_notices.csv
Central,Nyeri,Gathiuru,Kiganjo,106 of 1977,,1.103,,,Elliot s Bakery,Individual,Individual,Fully Occupied,,Uphold the status quo,,1,annex_01_forest_excisions_with_legal_notices.csv
Central,Thika,Kikuyu Escarpment,Kikuyu Escarpment,81 of 1980,,36,,,Farming,Individual,Mama Ngina Kenyatta,Fully Occupied,,Uphold the status quo,This was an excision for private gain,1,annex_01_forest_excisions_with_legal_notices.csv
Central,Kirinyaga,Kamweti,Mount Kenya,61 of 1977,,20 43,,,To settle people displaced by Kirinyaga Technical,Ministry of Education,Individuals displaced during expansion of Kirinyaga Tech Institute,Fully Occupied,,Uphold the status quo,The area is settled,2,annex_01_forest_excisions_with_legal_notices.csv
Central,Nyeri,Nyeri,Nyeri,12 of 1976,,80 67,,,Kimathi Institute,Ministry of Education,Institution,Fully Occupied,,Uphold the status quo,The area is occupied,2,annex_01_forest_excisions_with_legal_notices.csv
Central,Nyeri,Nyeri,Nyeri Hill,68 of 1966,,0 08,,,V H F Repeater Station,Ministry of Information,KBC,Fully Occupied,,Uphold the status quo,The area is occupied,2,annex_01_forest_excisions_with_legal_notices.csv
Central,Nyeri,Kiganjo,Kiganjo,199 of 1987,,20,,,Industrial development,Commissioner of Lands,KCC,Fully Occupied,,Uphold the status quo,The area is occupied,2,annex_01_forest_excisions_with_legal_notices.csv
Central,Nyeri,Keini,Kikuyu Escarpment,54 of 1965,,37 85,,,Farming,Kenyatta's Family,Mama Ngina Kenyatta,Fully Occupied,,Revoke,This was an excision for private gain,2,annex_01_forest_excisions_with_legal_notices.csv
Central,Kirinyaga,Kangaita,Mt Kenya,336 of 1965,,56 25,,,Kangaita Tea Factory,Ministry of Agriculture,KTDA,Fully Occupied,,Uphold the status quo,Tea farming is established,2,annex_01_forest_excisions_with_legal_notices.csv
Central,Nyeri,Ragati,Mt Kenya,12 of 1969,,65 25,,,Kagochi Tea Exp Firm,KTDA,KTDA,Fully Occupied,,Uphold the status quo,Tea farming is established,2,annex_01_forest_excisions_with_legal_notices.csv
Central,Kiambu,Muguga,Muguga,62 of 1963,,100 36,,,Settlement,Ministry of Lands,Landless People,Fully Occupied,,Uphold the status quo,The are is settled,2,annex_01_forest_excisions_with_legal_notices.csv
Central,Kiambu,Up-Lands,Kikuyu Escarpment,273 of 1968,,240 39,,,Lari Settlement,Ministry of Lands,Landless People,Fully Occupied,,Uphold the status quo,The are is settled,2,annex_01_forest_excisions_with_legal_notices.csv
Central,Kiambu,Up-Lands,Kikuyu Escarpment,273 of 1968,,781 06,,,Lari Settlement,Ministry of Lands,Landless People,Fully Occupied,,Uphold the status quo,The are is settled,2,annex_01_forest_excisions_with_legal_notices.csv
Central,Kiambu,Muguga,Muguga,73 of 1975,,991 1,,,Muguga Jet Scheme,Ministry of Lands,Landless People,Fully Occupied,,Uphold the status quo,The are is settled,2,annex_01_forest_excisions_with_legal_notices.csv
Central,Kiambu,Kinare,Kikuyu Escarpment,10 of 1988,,3.522 70,,,Settlement at Kinale/Kamae area,Commissioner of Lands,Landless People,Fully Occupied,,Uphold the status quo but exclude ecologically sensitive areas,The are is settled,2,annex_01_forest_excisions_with_legal_notices.csv
Central,Kirinyaga,Kangaita,Mount Kenya,11 of 1976,,186.5,,,Kangaita Tea Factory,KTDA,KTDA,Fully Occupied,,Uphold the status quo,Tea Farming Established,3,annex_01_forest_excisions_with_legal_notices.csv
Central,Nyandarua,Leshau,Leshau,346 of 1993,,194 7,,,Excision for settlement,P C Central,Landless People,Taken Possesion,,Uphold the status quo but exclude ecologically sensitive areas,The are is settled,3,annex_01_forest_excisions_with_legal_notices.csv
Central,Nyeri,Chieni,Chieni,135 of 1966,,615 94,,,Chieni Settlement,Ministry of Lands,Landless People,Fully Occupied,,Uphold the status quo,The are is settled,3,annex_01_forest_excisions_with_legal_notices.csv
Central,Nyeri,Hombe,Mt Kenya,226 of 1967,,485.63,,,Sagana Settlement,Ministry of Lands,Landless People,Fully Occupied,,Uphold the status quo,The are is settled,3,annex_01_forest_excisions_with_legal_notices.csv
Central,Nyeri,Hombe,Mt Kenya,309 of 1968,,946 99,,,Warazo Settlement,Ministry of Lands,Landless People,Fully Occupied,,Uphold the status quo,The are is settled,3,annex_01_forest_excisions_with_legal_notices.csv
Central,Nyeri,Zaina,Aberdare,168 of 1982,,344 4,,,Extension of Charity excision,Commissioner of Lands,Landless People,Fully Occupied,,Uphold the status quo,The are is settled,3,annex_01_forest_excisions_with_legal_notices.csv
Central,Kiambu,Kieni,Kikuyu Escarpment,345 of 1993,,33 99,,,For farming on Exchange basis,Mama Ngina Kenyatta,Mama Ngina Kenyatta,Taken Possesion,,Revoke,This was an excision for private gain,3,annex_01_forest_excisions_with_legal_notices.csv
Central,Kiambu,Up Lands,Kikuyu Escarpment,63 of 1963,,14 77,,,Kagaa Tea Nursery,Ministry of Agriculture,MOA,Fully Occupied,,Uphold the status quo,The are is settled,3,annex_01_forest_excisions_with_legal_notices.csv
Central,Kiambu,Kiambu,Kiambu,56 of 1999,,25,,,Farming,Webeso Dev,Mr Bedan Mbugua,Taken Possesion EIA not done,,Revoke,This was an excision for private gain,3,annex_01_forest_excisions_with_legal_notices.csv
Central,Nyandarua,Ndaragwa,Aberdare,208 of 1977,,2.773,,,Ndaragua Trading Centre,Nyandarua County Council,Nyandarua County Council,Fully Occupied,,Uphold the status quo,The are is settled,3,annex_01_forest_excisions_with_legal_notices.csv
Coast,Kwale,Kwale,Marenje,50 of 1967,,"1,473.09",,,Settlement,Ministry of Lands,Landless People,Fully Occupied,,Uphold the status quo,The are is settled,3,annex_01_forest_excisions_with_legal_notices.csv
Eastern,Meru Central,Meru,Mt Kenya,182 of 1968,,"10,552 26",,,National Park,Ministry of Tourism,Department of Wildlife,,,Uphold the status quo,National Park,3,annex_01_forest_excisions_with_legal_notices.csv
Eastern,Meru Central,Meru,Mt Kenya,183 of 1968,,"1,052.21",,,National Park,Ministry of Tourism,Department of Wildlife,,,Uphold the status quo,National Park,3,annex_01_forest_excisions_with_legal_notices.csv
Eastern,Meru Central,Meru,Mt Kenya,183 of 1968,,"1,072.44",,,National Park,Ministry of Tourism,Department of Wildlife,,,Uphold the status quo,National Park,3,annex_01_forest_excisions_with_legal_notices.csv
Eastern,Makueni,Kibwezi,Kibwezi,335 of 1968,,3.27,,,Motel Petrol Station,Messrs Kongoni,Individual,Fully Occupied,,Revoke,This was an excision for private gain,3,annex_01_forest_excisions_with_legal_notices.csv
Eastern,Makueni,Kibwezi,Kibwezi,188 of 1970,,2.53,,,BP Petrol Station,Not known,Individual,Fully Occupied,,Revoke,This was an excision for private gain,4,annex_01_forest_excisions_with_legal_notices.csv
Eastern,Meru Central,Ontulili,Mount Kenya,68 of 1975,,384.1,,,Angaine's farm,Hon J H Angaine,Hon J H Angaine,Fully Occupied,,Revoke,This was an excision for private gain,4,annex_01_forest_excisions_with_legal_notices.csv
Eastern,Meru Central,Ontulili,Mount Kenya,107 of 1977,,546.2,,,Mr Angaine's farm,Mr Angaine,Individual,Fully Occupied,,Revoke,This was an excision for private gain,4,annex_01_forest_excisions_with_legal_notices.csv
Eastern,Meru Central,Meru,Upper Imenti,51 of 1999,,0.3629,,,Private Development,Individual,Individual,Taken possession,,Revoke,This was an excision for private gain,4,annex_01_forest_excisions_with_legal_notices.csv
Eastern,Meru Central,Meru,Lower Imenti,221 of 1967,,33.18,,,Settlement,Ministry of lands,Individual,Fully Occupied,,Revoke,This was an excision for private gain,4,annex_01_forest_excisions_with_legal_notices.csv
Eastern,Meru North,Nyambene,Nyambene,59 of 1968,,11.33,,,Settlement,Ministry of lands,Individual,Fully Occupied,,Revoke,This was an excision for private gain,4,annex_01_forest_excisions_with_legal_notices.csv
Eastern,Meru North,Nyambene,Nyambene,59 of 1968,,25.49,,,Settlement,Ministry of lands,Individual,Fully Occupied,,Revoke,This was an excision for private gain,4,annex_01_forest_excisions_with_legal_notices.csv
Eastern,Meru Central,Meru,Meru,106 of 1998,,12.14,,,Housing,Kenya Re,Kenya Re,Taken possession,,Revoke,This was an excision for private gain,4,annex_01_forest_excisions_with_legal_notices.csv
Eastern,Makueni,Kibwezi,Kibwezi,13 of 1970,,3.69,,,Add to Motel Petrol Station,Messrs Kongoni Motels,Kongoni Motel,Fully Occupied,,Revoke,This was an excision for private gain,4,annex_01_forest_excisions_with_legal_notices.csv
Eastern,Meru Central,Ontulili,Mount Kenya,222 of 1977,,195.9,,,Ontulili Settlement,Ministry of Lands,Landless People,Fully Occupied,,uphold the status quo,The area is settled,4,annex_01_forest_excisions_with_legal_notices.csv
Eastern,Meru Central,Meru,Upper Imenti,220 of 1967,,209.22,,,Ngonga Settlement,Ministry of Lands,Landless People,Fully Occupied,,uphold the status quo,The area is settled,4,annex_01_forest_excisions_with_legal_notices.csv
Eastern,Meru Central,Meru,Upper Imenti,222 of 1967,,219.74,,,Gathuini Settlement,Ministry of Lands,Landless People,Fully Occupied,,uphold the status quo,The area is settled,4,annex_01_forest_excisions_with_legal_notices.csv
Eastern,Meru Central,Meru,Upper Imenti,223 of 1967,,250.91,,,Thege Settlement,Ministry of Lands,Landless People,Fully Occupied,,uphold the status quo,The area is settled,4,annex_01_forest_excisions_with_legal_notices.csv
Eastern,Meru Central,Meru,Upper Imenti,223 of 1967,,64.75,,,Nchoro Settlement,Ministry of Lands,Landless People,Fully Occupied,,uphold the status quo,The area is settled,4,annex_01_forest_excisions_with_legal_notices.csv
Eastern,Meru Central,Meru,Upper Imenti,76 of 1968,,390.53,,,Ruiri Settlement,Ministry of Lands,Landless People,Fully Occupied,,uphold the status quo,The area is settled,4,annex_01_forest_excisions_with_legal_notices.csv
Eastern,Meru Central,Meru,Upper Imenti,76 of 1968,,22.66,,,Kithoka Settlement,Ministry of Lands,Landless People,Fully Occupied,,uphold the status quo,The area is settled,4,annex_01_forest_excisions_with_legal_notices.csv
Eastern,Meru Central,Meru,Upper Imenti,76 of 1968,,35.21,,,Kithoka Settlement,Ministry of Lands,Landless People,Fully Occupied,,uphold the status quo,The area is settled,5,annex_01_forest_excisions_with_legal_notices.csv
Eastern,Meru North,Nyambene,Nyambene,185 of 1963,,205.18,,,Settlement,Ministry of Lands,Landless People,Fully Occupied,,uphold the status quo,The area is settled,5,annex_01_forest_excisions_with_legal_notices.csv
Eastern,Meru North,Nyambene,Nyambene,224 of 1967,,56.65,,,Settlement,Ministry of Lands,Landless People,Fully Occupied,,uphold the status quo,The area is settled,5,annex_01_forest_excisions_with_legal_notices.csv
Eastern,Meru North,Nyambene,Nyambene,224 of 1967,,115.34,,,Settlement,Ministry of Lands,Landless People,Fully Occupied,,uphold the status quo,The area is settled,5,annex_01_forest_excisions_with_legal_notices.csv
Eastern,Machakos,Kilungu,Kilungu,83 of 1977,,1.268,,,Construction of a school.,Salvation Army P School,Salvation Army Primary School,Fully Occupied,,uphold the status quo,The area is occupied,5,annex_01_forest_excisions_with_legal_notices.csv
Eastern,Meru Central,Ontulili,Mt Kenya,29 of 2001,,796.04,,,Settlement,Relocation of Nguishi Forest squatters to Sirimon,Squatters,Partially occupied EIA not done.,,"Review to authenticate the beneficiaries, who should move to Sirimon and leave Nguisishi for reforestation",The area is settled,5,annex_01_forest_excisions_with_legal_notices.csv
Nairobi,Nairobi,Ngong,Ngong Road Forest,208 of 1971,,118.4,,,ASK Show Ground,Ministry of Agriculture,ASK,Fully Occupied,,uphold the status quo,The area is occupied,5,annex_01_forest_excisions_with_legal_notices.csv
Nairobi,Nairobi,Ngong,Ngong Road,240 of 1969,,17.6,,,City Council depot,Nairobi City Council,City Council,Fully Occupied,,uphold the status quo,The area is occupied,5,annex_01_forest_excisions_with_legal_notices.csv
Nairobi,Nairobi,Karura,Karura,310 of 1986,,2.783,,,ICRAF Site,Commissioner of Lands,ICRAF,Taken possession,,uphold the status quo,The area is occupied,5,annex_01_forest_excisions_with_legal_notices.csv
Nairobi,Nairobi,Ngong,Ngong Road,3 of 1978,,3.742,,,,Individual,S M Githungu,Fully Occupied,,Revoke,This was an excision for private gain,5,annex_01_forest_excisions_with_legal_notices.csv
Nairobi,Nairobi,Karura,Karura,301 of 1993,,5.9,,,Urban development on Exchange,Joreth Ltd,Individual/Forest Department,Taken possession,,Revoke,This was an excision for private gain,5,annex_01_forest_excisions_with_legal_notices.csv
Nairobi,Nairobi,Ngong,Ngong Road,51 of 1978,,0.3716,,,Substation,E A P & LC,K PLC,Fully Occupied,,uphold the status quo.,The area is occupied.,5,annex_01_forest_excisions_with_legal_notices.csv
Nairobi,Nairobi,Ngong,Ngong Road,31 of 1967,,0.37,,,KPLC Wind Station,KPLC,KPLC,Fully Occupied,,uphold the status quo,The area is occupied,6,annex_01_forest_excisions_with_legal_notices.csv
Nairobi,Nairobi,Dagoretti,Dagoretti,123 of 1979,,117.4,,,Settlement,Ministry of Lands,Landless People,Fully Occupied,,uphold the status quo,The area is settled,6,annex_01_forest_excisions_with_legal_notices.csv
Nairobi,Nairobi,Ngong,Ngong Road,261 of 1966,,0.77,,,Hockey Pitch,Duke of York School,Lenana High School,Fully Occupied,,uphold the status quo,The area is occupied,6,annex_01_forest_excisions_with_legal_notices.csv
Nairobi,Nairobi,Ngong,Ngong Road Forest,35 of 1966,,9.44,,,Extension of Met Station,Meteorological Department,Meteorological Department,Fully Occupied,,uphold the status quo,The area is occupied,6,annex_01_forest_excisions_with_legal_notices.csv
Nairobi,Nairobi,Ngong,Ngong Road Forest,18 of 1966,,26.31,,,Kenya Science Teachers College,Ministry of Education,Ministry of Education,Fully Occupied,,uphold the status quo,The area is occupied,6,annex_01_forest_excisions_with_legal_notices.csv
Nairobi,Nairobi,Ngong,Ngong Road Forest,46 of 1965,,4.48,,,Nairobi War Cemetery,Commissioner of Lands,Nairobi City Council,Fully Occupied,,uphold the status quo,The area is occupied,6,annex_01_forest_excisions_with_legal_notices.csv
Nairobi,Nairobi,Ngong,Ngong,79 of 1997,,82,,,Not in record,Not in Record,Not in Record,Taken possession,,Revoke,The area was fraudulently excised as a gazette notice was not published. The area is still forest.,6,annex_01_forest_excisions_with_legal_notices.csv
Nairobi,Nairobi,Karura,Karura,97 of 1997,,85,,,Not in record,Not in Record,Not in Record,Taken possession,,Revoke,The area was fraudulently excised as a gazette notice was not published. The area is still forest.,6,annex_01_forest_excisions_with_legal_notices.csv
Nairobi,Nairobi,Ngong,Ngong,44 of 1998,,53.68,,,Not in record,Not in Record,Not in Record,Taken possession,,Revoke,This was an excision for private gain,6,annex_01_forest_excisions_with_legal_notices.csv
Rift Valley,Nakuru,Longonot,Longonot,123 of 1985,,4773.50,,,National Park,Ministry of Tourism,Department of Wildlife,Taken possession,,uphold the status quo,National park.,6,annex_01_forest_excisions_with_legal_notices.csv
Rift Valley,Nakuru,Nakuru,Lake Nakuru,185 of 1972,,11210.00,,,National Park,Ministry of Tourism,Department of Wildlife,Taken possession,,uphold the status quo,National park.,6,annex_01_forest_excisions_with_legal_notices.csv
Rift Valley,Trans Nzoia,Kimothon,Mt Elgon,111 of 1968,,16916.23,,,National Park,Ministry of Tourism,Department of Wildlife,Fully Occupied,,uphold the status quo,National park,6,annex_01_forest_excisions_with_legal_notices.csv
Rift Valley,Nakuru,Elburgon,Eastern Mau,121 of 1978,,39.64,,,Extension of Elburgon Township,Ministry of Lands,Elburgon Urban Council,Fully Occupied,,uphold the status quo,The area is settled,7,annex_01_forest_excisions_with_legal_notices.csv
Rift Valley,Kericho,Kericho,South Western Mau,74 of 1977,,128.5,,,Tea Research Institute,Exchange with Kenya Tea Research,Exchange,Fully Occupied,,uphold the status quo,The area is occupied,7,annex_01_forest_excisions_with_legal_notices.csv
Rift Valley,Baringo,Marop,Marop,302 of 1995,,1.78,,,Church,Full Gospel,Full Gospel,Fully Occupied,,uphold the status quo,The area is occupied,7,annex_01_forest_excisions_with_legal_notices.csv
Rift Valley,Elgeyo Marakwet,Kaptagat,Kaptagat,384 of 1994,,161.5,,,For a school & other amenities,DC Iten,Hon Nicholas Kiprono Biwott,Partly occupied,,Revoke,This was an excision for private gain,7,annex_01_forest_excisions_with_legal_notices.csv
Rift Valley,Baringo,Maji Mazuri,Maji Mazuri,490 of 1991,,9.8,,,Settlement,Mr P Barnett,Individual,Fully Occupied,,Revoke,This was an excision for private gain,7,annex_01_forest_excisions_with_legal_notices.csv
Rift Valley,Baringo,Katimok,Katimok,355 of 1995,,3.7,,,Sawmill,Kabarak Farm,Individual,Taken possession,,Revoke,,7,annex_01_forest_excisions_with_legal_notices.csv
Rift Valley,Baringo,Katimok,Katimok,355 of 1995,,0.76,,,Petrol Station,Owner of petrol,Individual,Taken possession,,Revoke,This was an excision for private gain,7,annex_01_forest_excisions_with_legal_notices.csv
Rift Valley,Baringo,Katimok,Katimok,17 of 1989,,6.749,,,Exchange with an individual land used by a school,,Individual,Fully Occupied,,uphold the status quo,The area is settled,7,annex_01_forest_excisions_with_legal_notices.csv
Rift Valley,Keiyo,Elgeyo,Kapchemutwa,56 of 1968,,35.2,,,Settlement,Ministry of lands,Individual,Fully Occupied,,Revoke,This was an excision for private gain,7,annex_01_forest_excisions_with_legal_notices.csv
Rift Valley,Keiyo,Elgeyo,Kapchemutwa,56 of 1968,,7.77,,,Settlement,Ministry of lands,Individual,Fully Occupied,,Revoke,This was an excision for private gain,7,annex_01_forest_excisions_with_legal_notices.csv
Rift Valley,Keiyo,Elgeyo,Kapchemutwa,56 of 1968,,6.88,,,Settlement,Ministry of lands,Individual,Fully Occupied,,Revoke,This was an excision for private gain,7,annex_01_forest_excisions_with_legal_notices.csv
Rift Valley,Kericho,Kencho,Western Mau,207 of 1971,,7.88,,,Farming,Commissioner of Lands,Individual,Fully Occupied,,Revoke,The area is settled,7,annex_01_forest_excisions_with_legal_notices.csv
Rift Valley,Laikipia,Mchongoi,Ol Arabel,7 of 1982,,618.1,,,Settlement,Ministry of Lands,Landless,Fully Occupied,,uphold the status quo.,The area is settled,7,annex_01_forest_excisions_with_legal_notices.csv
Rift Valley,Laikipia,Uaso Narok,Uaso Narok,6 of 1987,,12.44,,,Individual allotment,Individual,Individual,Taken possession,,Revoke,This was an excision for private gain,7,annex_01_forest_excisions_with_legal_notices.csv
Rift Valley,Laikipia,Marmanet,Marmanet,343 of 1993,,45.6,,,Exchange for forestry,Mr Mwen,Individual,Taken possession,,Revoke,This was an excision for private gain,8,annex_01_forest_excisions_with_legal_notices.csv
Rift Valley,Marakwet,Elgeyo,Kapchemutwa,493 of 1994,,9.05,,,For farming,Peter Kibet Chesire,Individual,Taken possession,,Revoke,This was an excision for private gain,8,annex_01_forest_excisions_with_legal_notices.csv
Rift Valley,Nakuru,Elburgon,Mt Londiani,198 of 1967,,44.92,,,Settlement,Individual request,Individual,Fully Occupied,,uphold the status quo,The area is settled,8,annex_01_forest_excisions_with_legal_notices.csv
Rift Valley,Nakuru,Kericho,South Western Mau,169 of 1971,,0.853,,,Farming,Commissioner of Lands,Individual,Fully Occupied,,Revoke,This was an excision for private gain,8,annex_01_forest_excisions_with_legal_notices.csv
Rift Valley,Nakuru,Elburgon,Eastern Mau,83 of 1976,,12.42,,,Extension of Township,Ministry of Lands,Individual,Fully Occupied,,uphold the status quo,The area is settled,8,annex_01_forest_excisions_with_legal_notices.csv
Rift Valley,Nakuru,Keringet,South Western Mau,37 of 1989,,8.018,,,Individual allotment,,Individual,Fully Occupied,,Revoke,This was an excision for private gain,8,annex_01_forest_excisions_with_legal_notices.csv
Rift Valley,Nandi,North Nandi,North Nandi,259 of 1967,,27.51,,,Settlement,Ministry of Lands,Individuals,Fully Occupied,,uphold the status quo,The area is settled,8,annex_01_forest_excisions_with_legal_notices.csv
Rift Valley,Nandi,North Nandi,North Nandi,259 of 1967,,33.58,,,Settlement,Ministry of Lands,Individuals,Fully Occupied,,uphold the status quo.,The area is settled,8,annex_01_forest_excisions_with_legal_notices.csv
Rift Valley,Nandi,North Nandi,North Nandi,260 of 1967,,52.21,,,Settlement,Ministry of Lands,Individuals,Fully Occupied,,uphold the status quo,The area is settled,8,annex_01_forest_excisions_with_legal_notices.csv
Rift Valley,Nandi,North Nandi,North Nandi,260 of 1967,,13.35,,,Settlement,Ministry of Lands,Individuals,Fully Occupied,,uphold the status quo,The area is settled,8,annex_01_forest_excisions_with_legal_notices.csv
Rift Valley,Nandi,North Nandi,North Nandi,260 of 1967,,12.18,,,Settlement,Ministry of Lands,Individuals,Fully Occupied,,uphold the status quo,The area is settled,8,annex_01_forest_excisions_with_legal_notices.csv
Rift Valley,Nandi,South Nandi,South Nandi,39 of 1968,,24.69,,,Settlement,Ministry of lands,Individuals,Fully Occupied,,uphold the status quo,The area is settled,8,annex_01_forest_excisions_with_legal_notices.csv
Rift Valley,Nandi,Kapsabet,Ururu,40 of 1968,,44.92,,,Settlement,Ministry of Lands,Individuals,Fully Occupied,,uphold the status quo,The area is settled,8,annex_01_forest_excisions_with_legal_notices.csv
Rift Valley,Nandi,Kapsabet,Ururu,40 of 1968,,84.18,,,Settlement,Ministry of Lands,Individuals,Fully Occupied,,uphold the status quo,The area is settled,8,annex_01_forest_excisions_with_legal_notices.csv
Rift Valley,Nandi,North Nandi,North Nandi,142 of 1981,,16.59,,,Settlement,Ministry of Lands,Individuals,Fully Occupied,,uphold the status quo,The area is settled,8,annex_01_forest_excisions_with_legal_notices.csv
Rift Valley,Nandi,North Nandi,North Nandi,143 of 1981,,9.43,,,Settlement,Ministry of Lands,Individuals,Fully Occupied,,uphold the status quo,The area is settled,9,annex_01_forest_excisions_with_legal_notices.csv
Rift Valley,Trans Nzoia,Kitale,Kitale,184 of 1963,,2.84,,,Not known,Individual,Individual,Fully Occupied,,Revoke,,9,annex_01_forest_excisions_with_legal_notices.csv
Rift Valley,Uasin Gishu,Cegaro,N Tinderet,277 of 1995,,20,,,Sawmill,Muraki,Individual,Taken possession,,Revoke,This was an excision for private gain,9,annex_01_forest_excisions_with_legal_notices.csv
Rift Valley,Trans Nzoia,Kitalale,Kitalale,360 of 1986,,312.8,,,Exchange with 372.3 ha added to Mt Elgon,Individual,Individual/Forest Department,Taken possession,,uphold the status quo,The area is settled,9,annex_01_forest_excisions_with_legal_notices.csv
Rift Valley,Kericho,Kericho,Western Mau,278 of 1993,,552.3,,,Sambret Tea Estate,Sambret Tea Estate,Individuals,Fully Occupied,,Revoke and recover all land Illegally issued to Brooke Bond,202.0 Ha of forest land maintain as forest,9,annex_01_forest_excisions_with_legal_notices.csv
Rift Valley,Kericho,Kericho,Western Mau,278 of 1993,,136.9,,,Tea Estate Development,Sambret Tea Estate,Individuals,Fully Occupied,,Revoke,Area maintain as forest,9,annex_01_forest_excisions_with_legal_notices.csv
Rift Valley,Nakuru,Menengai,Menengai,69 of 1970,,0.0929,,,Micro wave station,KPTC,KPTC,Fully Occupied,,uphold the status quo,The area is occupied,9,annex_01_forest_excisions_with_legal_notices.csv
Rift Valley,Bomet,Chepalungu,Chepalungu,332 of 1994,,5210.90,,,Settlement,People of Bomet,Landless People,Taken possession,,uphold the status quo but isolate catchment areas,This was an excision for private gain,9,annex_01_forest_excisions_with_legal_notices.csv
Rift Valley,Kajiado,Olotokitok,Loitokitok,218 of 1994,,1.86,,,For farming,Mr L Muturi,Individual,,,Revoke,This was an excision for private gain,9,annex_01_forest_excisions_with_legal_notices.csv
Rift Valley,Keiyo,Elgeyo,Kapchemutwa,56 of 1968,,59.89,,,Settlement,Ministry of lands,Landless People,Fully Occupied,,uphold the status quo,The area is settled,9,annex_01_forest_excisions_with_legal_notices.csv
Rift Valley,Keiyo,Elgeyo,Kapchemutwa,57 of 1968,,76.89,,,Settlement,Ministry of lands,Landless People,Fully Occupied,,uphold the status quo,The area is settled,9,annex_01_forest_excisions_with_legal_notices.csv
Rift Valley,Keiyo,Elgeyo,Kapchemutwa,58 of 1968,,55.04,,,Settlement,Ministry of lands,Landless People,Fully Occupied,,uphold the status quo,The area is settled,9,annex_01_forest_excisions_with_legal_notices.csv
Rift Valley,Keiyo,Elgeyo,Kapchemutwa,14 of 1985,,147.2,,,Settlement,Ministry of Lands,Landless People,Fully Occupied,,uphold the status quo.,The area is settled,9,annex_01_forest_excisions_with_legal_notices.csv
Rift Valley,Keiyo,Kaptagat,Kaptagat,146 of 1985,,56.54,,,Settlement,Ministry of Lands,Landless People,Fully Occupied,,uphold the status quo.,The area is settled.,10,annex_01_forest_excisions_with_legal_notices.csv
Rift Valley,Kericho,Kericho,South Western Mau,251 of 1968,,3798.46,,,Embobomos settlement,Ministry of Lands,Landless People,Fully Occupied,,uphold the status quo.,The area is settled,10,annex_01_forest_excisions_with_legal_notices.csv
Rift Valley,Kericho,Keringet,South Western Mau,127 of 1988,,4452.00,,,Settlement at Olenguruone,Ministry of Lands,Landless People,Fully Occupied,,Review to set aside catchment areas uphold the status quo but exclude Eco-Sensitive,The area is settled,10,annex_01_forest_excisions_with_legal_notices.csv
Rift Valley,Koibatek,Lembus,Lembus,207 of 1965,,946.99,,,Sigoro settlement,Ministry of Lands,Landless People,Fully Occupied,,upholding the status quo.,The area is settled,10,annex_01_forest_excisions_with_legal_notices.csv
Rift Valley,Koibatek,Lembus,Lembus,207 of 1965,,781.46,,,Tinet Settlement,Ministry of Lands,Landless People,Fully Occupied,,uphold the status quo.,The area is settled,10,annex_01_forest_excisions_with_legal_notices.csv
Rift Valley,Koibatek,Lembus,Lembus,207 of 1965,,4601.38,,,Torongo settlement,Ministry of Lands,Landless People,Fully Occupied,,uphold the status quo.,The area is settled,10,annex_01_forest_excisions_with_legal_notices.csv
Rift Valley,Koibatek,Maji Mazuri,Maji Mazuri,347 of 1968,,50.18,,,Maji Mazuri Trading Centre.,County Council,Landless People,Fully Occupied,,uphold the status quo.,The area is settled,10,annex_01_forest_excisions_with_legal_notices.csv
Rift Valley,Koibatek,Lembus,Lembus,203 of 1988,,3935.50,,,Settlement,Ministry of Lands,Landless People,Fully Occupied,,Review to set aside catchment areas,The area is settled,10,annex_01_forest_excisions_with_legal_notices.csv
Rift Valley,Laikipia,Marmanet,Marmanet,341 of 1995,,703.7,,,Settlement,Provincial Administration,Investigate Beneficiary,Not fully occupied,,Investigate beneficiaries,,10,annex_01_forest_excisions_with_legal_notices.csv
Rift Valley,Laikipia,Marmanet,Marmanet,84 of 1998,,162.56,,,Settlement,Farmers,Investigate Beneficiary,Taken possession,,Investigate,,10,annex_01_forest_excisions_with_legal_notices.csv
Rift Valley,Marakwet,Cherangani,Kapkanyar,161 of 1988,,4562.50,,,Settlement,Commissioner of Lands,Landless People,Fully Occupied,,Uphold but isolate Eco-Sensitive areas,The area is settled,10,annex_01_forest_excisions_with_legal_notices.csv
Rift Valley,Nakuru,Menengai,Menengai,127 of 1977,,566.9,,,Settlement,Ministry of Lands,Landless People,Fully Occupied,,uphold the status quo.,The area is settled,10,annex_01_forest_excisions_with_legal_notices.csv
Rift Valley,Nandi,North Nandi,North Nandi,260 of 1967,,36.42,,,Settlement,Ministry of Lands,Landless People,Fully Occupied,,uphold the status quo,The area is settled,11,annex_01_forest_excisions_with_legal_notices.csv
Rift Valley,Nandi,North Nandi,North Nandi,260 of 1967,,143.67,,,Settlement,Ministry of Lands,Landless People,Fully Occupied,,uphold the status quo.,The area is settled,11,annex_01_forest_excisions_with_legal_notices.csv
Rift Valley,Nandi,North Nandi,North Nandi,260 of 1967,,65.97,,,Settlement,Ministry of Lands,Landless People,Fully Occupied,,uphold the status quo,The area is settled,11,annex_01_forest_excisions_with_legal_notices.csv
Rift Valley,Nandi,South Nandi,South Nandi,39 of 1968,,254.15,,,Settlement,Ministry of Lands,Landless People,Fully Occupied,,uphold the status quo,The area is settled,11,annex_01_forest_excisions_with_legal_notices.csv
Rift Valley,Nandi,South Nandi,South Nandi,52 of 1998,,1541.7,,,Settlement,People of Nandi,Landless People,Taken possession,,uphold the status quo,The area is settled,11,annex_01_forest_excisions_with_legal_notices.csv
Rift Valley,Nandi,North Nandi,North Nandi,15 of 1985,,943.2,,,Settlement,Ministry of Lands,Landless People,Fully Occupied,,Consider upholding the status quo,The area is settled,11,annex_01_forest_excisions_with_legal_notices.csv
Rift Valley,TransNzoia,Kitalale,Kitalale,292 of 1994,,189.1,,,For farming,S.K. Kipsaita,Individual,Taken possession,,Revoke,This was an excision for private gain,11,annex_01_forest_excisions_with_legal_notices.csv
Rift Valley,Uasin Gishu,Eldoret,Eldoret,258 of 1966,,155,,,Settlement,Ministry of lands,Landless People,Fully Occupied,,uphold the status quo.,The area is settled,11,annex_01_forest_excisions_with_legal_notices.csv
Rift Valley,West Pokot,Lelan,Lelan,162 of 1988,,13785.60,,,Settlement,Ministry of Lands,Landless People,Fully Occupied,,Uphold but exclude Ecosensitive areas,The area is settled,11,annex_01_forest_excisions_with_legal_notices.csv
Rift Valley,Baringo,Sanao,Sanao,353 of 1995,,25,,,Kaiso Primary School,P.T.A,Local community,Taken possession,,uphold the status quo,The area is occupied,11,annex_01_forest_excisions_with_legal_notices.csv
Rift Valley,Baringo,Tarambas,Tarambas,354 of 1995,,2.72,,,Kapkokoi Primary School,P.T.A,Local community,Taken possession,,uphold the status quo,The area is settled,11,annex_01_forest_excisions_with_legal_notices.csv
Rift Valley,Baringo,Tarambas,Tarambas,354 of 1995,,1.4,,,Bermoi African Inland Church,A.I.C,Local community,Taken possession,,uphold the status quo,,11,annex_01_forest_excisions_with_legal_notices.csv
Rift Valley,Baringo,Tarambas,Tarambas,354 of 1995,,1.17,,,Kapkomoi African Inland Church,A.I.C.,Local community,Taken possession,,uphold the status quo.,The area is settled,11,annex_01_forest_excisions_with_legal_notices.csv
Rift Valley,Baringo,Kimojoch,Kimojoch,356 of 1995,,184,,,Sacho High School,School Board of Governors,Local community,Partially occupied,,"Uphold, but reduce area",Review the area occupied.,11,annex_01_forest_excisions_with_legal_notices.csv
Rift Valley,Baringo,Kimojoch,Kimojoch,356 of 1995,,7.09,,,Bakawann Primary School,,Local community,Taken possession,,uphold the status quo,The area is settled,12,annex_01_forest_excisions_with_legal_notices.csv
Rift Valley,Keiyo,Kaptagat,Kaptagat,54 of 1995,,17.34,,,Settlement,Land Exchange,Local community,Taken possession EIA not done,,Revoke,This was an excision for private gain,12,annex_01_forest_excisions_with_legal_notices.csv
Rift Valley,Uasin Gishu,Eldoret,Eldoret,84 of 1976,,0.7753,,,Land exchange,Ministry of Agriculture,Ministry of Agriculture,Fully Occupied,,uphold the status quo,The area is occupied,12,annex_01_forest_excisions_with_legal_notices.csv
Rift Valley,Nakuru,Elburgon,Eastern Mau,262 of 1972,,2.6,,,Michinda H School,Ministry of Education,Ministry of Education,Fully Occupied,,uphold the status quo,The area is occupied,12,annex_01_forest_excisions_with_legal_notices.csv
Rift Valley,Laikipia,Marmanet,Marmanet,303 of 1999,,56.87,,,Settlement/Exchange,Individual,Mr Nderitu,Taken possession,,Revoke,The exchange is not complete,12,annex_01_forest_excisions_with_legal_notices.csv
Rift Valley,Baringo,Musegem,Musegem,305 of 1995,,0.506,,,Coffee Factory,People of Mosegem,Musegem community,Fully Occupied,,uphold the status quo,The area is occupied,12,annex_01_forest_excisions_with_legal_notices.csv
Rift Valley,Nakuru,Sururu,Mau Narok,245 of 1993,,25.17,,,For settlement,Motukamo Farmer's Co,Motukamo Cooperative Society,Taken possession,,Revoke,This was an excision for private gain,12,annex_01_forest_excisions_with_legal_notices.csv
Rift Valley,Laikipia,Marmanet,Marmanet,151 of 2001,,2837.4,,,Settlement,Ministry of Lands,Not known,Partially occupied. EIA not Done,,Revoke,The area is settled but contested in court.,12,annex_01_forest_excisions_with_legal_notices.csv
Rift Valley,Laikipia,Marmanet,Marmanet,8 of 1969,,0.92,,,Road realignment,Commissioner of Lands,Public Works,Fully Occupied,,uphold the status quo,The area is settled,12,annex_01_forest_excisions_with_legal_notices.csv
Rift Valley,Baringo,Katimok,Katimok,272 of 1979,,9.25,,,Ossen School,Ministry of Education,School,Fully Occupied,,uphold the status quo,The area is occupied,12,annex_01_forest_excisions_with_legal_notices.csv
Rift Valley,Baringo,Katimok,Katimok,301 of 1995,,3.6,,,School,Kabarbet Primary School,School,Fully Occupied,,uphold the status quo,The area is occupied,12,annex_01_forest_excisions_with_legal_notices.csv
Rift Valley,Baringo,Katimok,Pemwai,304 of 1995,,12.47,,,School,Pemwai Sec School,School,Fully Occupied,,uphold the status quo,The area is occupied,12,annex_01_forest_excisions_with_legal_notices.csv
Rift Valley,Keiyo,Elgeyo,Kapchemutwa,127 of 1968,,5.26,,,Singore Girls School,Board of Governors,School,Fully Occupied,,uphold the status quo,The area is occupied,12,annex_01_forest_excisions_with_legal_notices.csv
Rift Valley,Kencho,North Nandi,North Tinderet,82 of 1976,,4.001,,,School,Ministry of Education,School,Fully Occupied,,uphold the status quo,The area is occupied,12,annex_01_forest_excisions_with_legal_notices.csv
Rift Valley,Nandi,Cegaro,N. Tinderet,430 of 1994,,33.78,,,For Sochoi Secondary School,Sochoi Sec. school,School,Taken possession,,uphold the status quo,The area is occupied.,13,annex_01_forest_excisions_with_legal_notices.csv
Rift Valley,Kencho,Kericho,S.W. Mau,340 of 1995,,159.5,,,Tea Research,Tea Research Foundation,Tea Research,Partially occupied,,uphold the status quo.,The area is occupied; but an area of approximately 45.0 Ha is not developed.,13,annex_01_forest_excisions_with_legal_notices.csv
Western,Kakamega,Kakamega,Kakamega,272 of 1986,,3984.90,,,National Reserve,Ministry of Tourism,Department of Wildlife,Taken possession,,uphold the status quo.,National Reserve,13,annex_01_forest_excisions_with_legal_notices.csv
Western,Kakamega,Kakamega,Kisere,272 of 1986,,484.9,,,Kakamega National Reserve,Ministry of Tourism,Department of Wildlife,Taken possession,,uphold the status quo,National Reserve.,13,annex_01_forest_excisions_with_legal_notices.csv
Western,Busia,Wanga,Wanga,378 of 1991,,2,,,For farming,Late Mr. Okondo,Individual,Fully Occupied,,Revoke,This was an excision for private gain,13,annex_01_forest_excisions_with_legal_notices.csv
Western,Lugari,Turbo,Turbo,227 of 1972,,4.6,,,Railway realignment,Kenya Railways,Kenya Railways,Fully Occupied,,uphold the status quo,The area is occupied.,13,annex_01_forest_excisions_with_legal_notices.csv
Western,Bungoma,Kaberua,Mount Elgon,51 of 1974,,3.686,,,Settlement of Elgonyi,Ministry of Lands,Landless People,Fully Occupied,,uphold the status quo,The area is settled.,13,annex_01_forest_excisions_with_legal_notices.csv
Western,Kakamega,Kakamega,Malaba,153 of 1977,,4.396,,,School,Ministry of Education,School,Fully Occupied,,uphold the status quo,The area is occupied.,13,annex_01_forest_excisions_with_legal_notices.csv
,,,,,,141703.8,,,,,,,,,Total,13,annex_01_forest_excisions_with_legal_notices.csv
Central,Nyeri,Nyeri,Nyeri,,Nyeri Satellite Town,432.0,Not available,1999,Town development,,Unknown,Not occupied,Illegal,Revoke,Maintain as forest,14,annex_02_forest _excisions _1962 _to_ date.csv
Central,Kiambu,Uplands,Kikuyu Escarp,,Extension of Nyambari trading centre,8.1,Not available,1993,Private development,,Onesmus Ngunjiri (Former KANU Chairman -Nakuru),Not occupied,Illegal,Revoke,Maintain as forest,14,annex_02_forest _excisions _1962 _to_ date.csv
Central,Kiambu,Ragia,Kikuyu Escarp,,Mr Buddy Gichure,4.5,Not available,1993,Farm extension,,Buddy Gichure,Occupied,Illegal,Revoke,Maintain as forest,14,annex_02_forest _excisions _1962 _to_ date.csv
Central,Kiambu,Kiambu,Kamiti,,Kamiti Settlement,169.57,Not available,1994,Settlement of squatters,,Persons displaced by clashes,Partially occupied,Illegal,Revoke,Maintain as forest,14,annex_02_forest _excisions _1962 _to_ date.csv
Central,Kiambu,Kinale,Kikuyu Escar,,Soko Mjinga Settlement,20,Not available,1994,Establishment of a market,,Kiambu County Council,Not occupied,Illegal,Revoke,Maintain as forest.,14,annex_02_forest _excisions _1962 _to_ date.csv
Central,Kiambu,Kinale,Kikuyu Escar,,Kijabe Girls Secondary School,21.41,Not available,1996,Expand school,,Local community,Occupied,Illegal,Legalise allocation,,14,annex_02_forest _excisions _1962 _to_ date.csv
Central,Nyandarua,Ndaragwa,Aberdare,,Ndaragwa Township,110.3,175/325,1991,Extension of Ndaragwa Town,,Nyandarua County Council,Occupied,Illegal,Revoke,,14,annex_02_forest _excisions _1962 _to_ date.csv
Central,Nyeri,Nyeri,Nyeri,,Nyeri ASK show ground,49.5,Not available,1993,ASK showground,,Nyeri ASK,Partially and temporary occupied,Illegal,Revoke,The ASK to relocate to the previous Show Ground at Ruring'u,14,annex_02_forest _excisions _1962 _to_ date.csv
Central,Kiambu,Kerita,Kikuyu Escarp,,Lari Trading Centre,9.40,Not available,1988,Expansion of town,,Local community,,Illegal,Revoke,Whole area is built into a Town. The beneficiaries should be made to pay for their plots at the present market rates.,15,annex_02_forest _excisions _1962 _to_ date.csv
Central,Nyandarua,South Kinangop,Magumo North,,Magumu North,241.5,Not available,1989,Settlement of the landless,,Landless,Fully occupied,Illegal,Legalise and exclude ecologically sensitive areas,Whole area is settled,15,annex_02_forest _excisions _1962 _to_ date.csv
Central,Nyandarua,South Kinangop,Magumo South,,Magumu South,368.9,Not available,1989,Settlement of the landless,,Landless,Fully occupied,Illegal,Legalise and exclude ecologically sensitive areas,Whole area is settled.,15,annex_02_forest _excisions _1962 _to_ date.csv
Central,Kiambu,Kinale,Kikuyu Escarp,,Extension of Kinale excision,182,Not available,1990,Settlement,,Undeserving cases,Occupied,Illegal,Revoke,Area is being cultivated by people who are staying elsewhere after extending the legally agreed excision,15,annex_02_forest _excisions _1962 _to_ date.csv
Central,Kiambu,Uplands,Nyamweru,,Githogoyo Primary School,3.00,Not available,1987,Establishment of a school,,Local community,Occupied,Illegal,Legalise excision.,This is a Public School.,15,annex_02_forest _excisions _1962 _to_ date.csv
Central,Kiambu,Uplands,Kikuyu Escarp,,Raini Nyeke Primary School,3.00,Not available,1987,Establishment of a school,,Kiambu County Council,,Illegal,Legalise excision,This is a Public School,15,annex_02_forest _excisions _1962 _to_ date.csv
Central,Nyandarua,Geta,Aberdare,,Karima Girls Sec. School,13.60,Not available,1985,Extension of Karima Girls Sec. School,,Karima Girls Sec School,Occupied,Illegal,Legalise excision,This is a Public School Issue a renewable license.,16,annex_02_forest _excisions _1962 _to_ date.csv
Central,Kiambu,Kiambu,Kiambu,,Kiambu Women Group,39.82,Not available,1984,Women group Projects,,Kiambu Women Group,Vacant,Illegal,Revoke,Maintain as forest,16,annex_02_forest _excisions _1962 _to_ date.csv
Central,Kiambu,Kiambu,Kiambu,,Tugirane Project,24.00,Not available,1984,Horticultural Farming,,Hon Kuria Kanyingi,Partially occupied,Illegal,Revoke,A Title deed was issued to Kama Agencies for an area covering 15.62 hectares and registered as L R No.21350 /1 in 1995. Revoke.,16,annex_02_forest _excisions _1962 _to_ date.csv
Central,Nyeri,Nyeri,Nyeri Hills.,,Nyeri Hills Microwave station,0.40,Not available,1976,Transmission,,Telecomm and KBC,Occupied,Illegal,Legalise excision,Transmitting Mast is built.,16,annex_02_forest _excisions _1962 _to_ date.csv
Central,Nyandarua,Geta,Aberdares.,,Geta/Bush Settlement,650.00,Not available,1968,Settlement Scheme,,Landless People,Occupied,Illegal,Legalise and exclude ecologically sensitive areas.,Settlement Scheme established since 1968.,16,annex_02_forest _excisions _1962 _to_ date.csv
Central,Nyandarua,Geta,Aberdares.,,Mekaro Settlement Scheme,"3,690.00",Not available,1967,Settlement Scheme,,Landless People,Occupied,Illegal,Legalise and exclude ecologically sensitive areas.,Settlement Scheme established since 1967,16,annex_02_forest _excisions _1962 _to_ date.csv
Central,Kiambu,Ragia,Kikuyu Escarp,,Ragia Settlement Scheme,"1,795.00",Not available,1965,Settle the landless,,Landless People,Occupied,Illegal,Legalise and exclude ecological sensitive areas,Settlement Scheme established since 1965,16,annex_02_forest _excisions _1962 _to_ date.csv
Eastern,Meru Central,Meru,Upper Imenti,,Meru ASK showground,40.47,175/347,1994,Relocation of Meru ASK showground.,,Meru ASK,Partially occupied,Illegal,Revoke,The Showground should be relocated to Kinoru Stadium,17,annex_02_forest _excisions _1962 _to_ date.csv
Eastern,Meru Central,Meru,Upper Imenti,,Methodist University,40.47,180/288,1997,University,,Methodist Church,Partially occupied,Illegal,Legalise excision,,17,annex_02_forest _excisions _1962 _to_ date.csv
Eastern,Meru Central,Ontulili,Mount Kenya,,Ontulili Secondary School,16.00,Not available,1998,Construction of Secondary School,,Ontulili Secondary School,Occupied,Illegal,Legalise excision,This is a Public School,17,annex_02_forest _excisions _1962 _to_ date.csv
Eastern,Meru North,Nyambene,Nyambene,,Extension of Kambene Primary School,10.00,Not available,1996,"A school, church and a dispensary.",,"School, church and a dispensary.",Not occupied,Illegal,Revoke and maintain as forest,No development Has taken place,17,annex_02_forest _excisions _1962 _to_ date.csv
Eastern,Meru Central,Meru,Upper Imenti,,Meru Technical School,7.64,175/345,1977,Technical School,,Meru Technical School,Occupied,Illegal,Legalise excision,,17,annex_02_forest _excisions _1962 _to_ date.csv
Eastern,Machakos,Iveti,Iveti,,Masaku County Council Exchange,14.25,Not available,1971,Exchanging 17.5 ha under Masaku County Council,,Masaku County Council,Occupied,Illegal,Legalise exchange,,17,annex_02_forest _excisions _1962 _to_ date.csv
Nairobi,Nairobi,Ngong,Ngong Road.,,Ankhan Holding.,6.03,Not available,2000,Private development,,Hoseah Kiplagat,Not occupied,Illegal,Revoke,Sold to NSSF,17,annex_02_forest _excisions _1962 _to_ date.csv
Nairobi,Nairobi,Ngong,Ngong Road,,Nairobi Chapel,6.5,Not available,2000,Private development,,Private Developers,Partially occupied,Illegal,Revoke,Maintain as forest,17,annex_02_forest _excisions _1962 _to_ date.csv
Nairobi,Nairobi,Karura,Karura,,Mr. Johnson Githii Karanja,0.3774,Not available,1999,Private development,,Initially allocated to Hezekiah Kogo Karanja.,Occupied,Illegal,Revoke,Area is developed,17,annex_02_forest _excisions _1962 _to_ date.csv
Nairobi,Nairobi,Karura,Karura,,Baptist Convention,0.81,175/333,1991,Private development,,Baptist Church,Not occupied,Illegal,Revoke,Area is not developed,18,annex_02_forest _excisions _1962 _to_ date.csv
Nairobi,Nairobi,Ngong,Ngong Road,,Nairobi ASK Show,7.51,Not available,1992,Expansion of ASK Show ground,,ASK,Partially occupied,Illegal,Revoke,Area is not developed. ASK are using this area as a motor bike-racing course. Revoke.,18,annex_02_forest _excisions _1962 _to_ date.csv
Nairobi,Nairobi,Ngong,Ngong Road,,Mounted police,5.30,Not available,1992,Mounted police training unit,,Private Developers,Partially occupied,Illegal,Revoke,Area was partitioned into L. R. Nos 254421-25448 Construction of Residential houses is going on. Revoke Title,18,annex_02_forest _excisions _1962 _to_ date.csv
Nairobi,Nairobi,Ngong,Ngong Road,,Private Development,2.03,Not available.,1992,Residential houses,,Private Developers,Partially occupied,Illegal,Revoke,Area is not developed,18,annex_02_forest _excisions _1962 _to_ date.csv
Nairobi,Nairobi,Ngong,Ngong Road,,Nairobi ASK Show,18.00,Not available,1993,Expansion of ASK,,Nairobi ASK,Partially occupied,Illegal,Revoke,Area not developed,18,annex_02_forest _excisions _1962 _to_ date.csv
Nairobi,Nairobi,Karura,Karura,,"S. Kiruki, Lt. Gen. H. Njoroge & others",16.00,175/343,1994,Private development,,"Shadrack, Kiruki, Lt. Gen. H. Njoroge & others",Not occupied,Illegal,Revoke,Area not developed. Lt. Gen. Njoroge returned title.,18,annex_02_forest _excisions _1962 _to_ date.csv
Nairobi,Nairobi,Karura,Karura,,Pelican Engineering & Construction Co. Ltd.,18.41,175/342,1994,Private development,,"June Moi, Pelican Engineering & Construction Co. Ltd.",Sold to NSSF,,Revoke,Area not developed.,18,annex_02_forest _excisions _1962 _to_ date.csv
Nairobi,Nairobi,Karura,Karura,,Sardul Singh Virdi & Gurshran Kaur Virdi,0.87,Not available,1994,Private development,,Sardul Singh Virdi & Gurshran Kaur Virdi,Not occupied,Illegal,Revoke,Area is Registered as L.R.No.17942. It has been Sold to Peter Kamau. Area is not developed,19,annex_02_forest _excisions _1962 _to_ date.csv
Nairobi,Nairobi,Ngong,Ngong,,Mugumoini PCEA Church,2.47,175/338,1995,Expansion of the church,,PCEA Dagoretti Parish & Others,Not occupied,Illegal,Revoke,Area not developed.,19,annex_02_forest _excisions _1962 _to_ date.csv
Nairobi,Nairobi,Karura,Karura,,N.S.I.S Special School.,20.33,Not available,1997,Construction of School,,National Security Intelligence Service,Occupied,Illegal,Legalise excision,N.S.I.S. HQS. Built.,19,annex_02_forest _excisions _1962 _to_ date.csv
Nairobi,Nairobi,Karura,Karura,,Mr. Julius Waweru Mungai,0.1899,Not available,1996,Private development,,Initially allocated to Hezekiah Kogo Karanja in 1992.,Occupied,Illegal,Revoke,The area is Developed.,19,annex_02_forest _excisions _1962 _to_ date.csv
Nairobi,Nairobi,Karura,Karura,,Farmwell Promotions Ltd.,0.1887,Not available,1993,Private development,,Initially allocated to Hezekiah Kogo Karanja in 1992.,,Illegal,Revoke,The area is not developed.,19,annex_02_forest _excisions _1962 _to_ date.csv
Nairobi,Nairobi,Karura,Karura,,Mr. Samson Muriithi Nduhiu,0.2179,Not available.,1992,Private development,,Allocated in 1992,Occupied,Illegal,Revoke,The area is Developed.,19,annex_02_forest _excisions _1962 _to_ date.csv
Nairobi,Nairobi,Ngong,Ngong,,Ngong road motel and Supermarket,8.8,Not available,1997,Private development,,Private Developers,Not occupied,Illegal,Revoke,The area is not developed.,19,annex_02_forest _excisions _1962 _to_ date.csv
Nairobi,Nairobi,Ngong,Ngong,,Ngong road hospital,8.55,175/361 175/362,1997,Private development,,Private Developers,Not occupied,Illegal,Revoke,The area is not developed.,19,annex_02_forest _excisions _1962 _to_ date.csv
Nairobi,Nairobi,Karura,Karura,,Agha Khan Cemetery,8.00,Not available,1998,Cemetery,,Aghakan Community,Not occupied,Illegal,Revoke,The area is not developed. A proposal was made.,19,annex_02_forest _excisions _1962 _to_ date.csv
Nairobi,Nairobi,Karura,Karura,,ICRAF,8.10,175/294,1989,iCRAF Hqs,,"ICRAF, Private developers.",3.0 ha occupied by ICRAF. 5.1ha given to individuals not occupied.,Illegal,Legalise excision for ICRAF and revoke the 5.1 ha allocated to individuals and now for a hotel construction.,3.00 hectares allocated to ICRAF is developed while the rest of 5.10 hectares is not developed.,20,annex_02_forest _excisions _1962 _to_ date.csv
Nairobi,Nairobi,Karura,Karura,,Hon. J.J. Kamotho,2.67,175/293,1989,Private development,,Hon. J.J Kamotho,Not occupied,Illegal,Revoke,Area not developed.,20,annex_02_forest _excisions _1962 _to_ date.csv
Nairobi,Nairobi,Ngong,Ngong,,St. Francis Church,2.50,Not available,1989,School establishment,,St. Francis ACK Church.,Not occupied,Illegal,Revoke,Area not developed.,20,annex_02_forest _excisions _1962 _to_ date.csv
Nairobi,Nairobi,Ngong,Ngong,,Kenya Broadcasting Corporation,40.47,175/332,1988,Construction of KBC headquarters,,40 47 ha surveyed for KBC.,Not occupied,Illegal,Revoke allocations to K.C.B. and any subsequent allottees,Area not developed,20,annex_02_forest _excisions _1962 _to_ date.csv
Nairobi,Nairobi,Ngong,Ngong,,Nairobi Women Prison Extension,8.80,Not available,1985,Expansion of Lang'ata women prison,,"Some of the land transferred to private developers. eg Mr. Marimoi, former MP.",Occupied,Illegal,Legalise excision for Prisons and revoke all others,Prison Dept. has developed a quarter of the area while the rest was allocated to Private Developers who have built the area.,20,annex_02_forest _excisions _1962 _to_ date.csv
Nairobi,Nairobi,Ngong,Ngong,,Prisons industrial centre,15.09,175/274,1985,Exchange forest land,,Land transferred to private developers.,Occupied,Illegal,Revoke,This area was allocated to individuals who then transferred the land to among others: Catholic Church and Kenya Medical Resuscitation Centre. A big part of the area is developed.,20,annex_02_forest _excisions _1962 _to_ date.csv
Nairobi,Nairobi,Ngong,Ngong Road,,Ngong Forest primary School,3.83,Not available,1982,School development,,Nairobi City Council,Occupied,Illegal,Revoke,The School is located in Ngong Road Forest and it was intended to cater for the children of forest Workers. The additional requested area is not developed. The School does not require more land.,21,annex_02_forest _excisions _1962 _to_ date.csv
Nairobi,Nairobi,Karura,Karura,,C R.D.O's Tumaini School,26.25,175/228,1980,School,,Tumaini School,Not occupied,Illegal,Revoke,The area is not developed.,21,annex_02_forest _excisions _1962 _to_ date.csv
Rift Valley,Laikipia,Marmanet,Marmanet,,Uaso Narok,14.16,Not available,2000,Exchange with 12.57 neighbouring Lariak forest,,F N Macharia and Forest Department,Settled,Illegal,Review,The Transfer is not finalized. Macharia was allocated 14.16 hectares in Uaso Narok Sett. Scheme.,21,annex_02_forest _excisions _1962 _to_ date.csv
Rift Valley,Uasin Gishu,Cengalo,N. Tinderet.,,N. Tinderet,2,Not available,2000,School Development,,Olenguse community,Not occupied,Illegal,Revoke,The area is not developed,22,annex_02_forest _excisions _1962 _to_ date.csv
Rift Valley,Koibatek,Lembus,Lembus.,,Lembus,505.2,Not available,1999,Construction of public institutions.,,Unknown,Occupied,Illegal,Revoke,Many Institutions and public amenities established in the forest without authority.,22,annex_02_forest _excisions _1962 _to_ date.csv
Rift Valley,Marakwet,Cheptongei,Kapchemutwa.,,Chebiemit Extension,12.14,Not available,1999,Extension of Divisional Hqs,,Marakwet County Council,Area Planned.,Illegal,Revoke,A portion of the area is built.,22,annex_02_forest _excisions _1962 _to_ date.csv
Rift Valley,Nandi,South Nandi,South Nandi,,Kobujoi Catholic Girls sec. School,20.23,Not available,1999,School development,,Local community,Not occupied,Illegal,Legalise school excision and revoke extra land,16.00 hectares surveyed for Fr.Myer's School. The girls School is already established. Issue a renewable license.,22,annex_02_forest _excisions _1962 _to_ date.csv
Rift Valley,Nandi,South Nandi,South Nandi,,Kobujoi,23.66,180/240,1999,Settlement of people displaced by Kaptkolei Sec. School,,S. K. Cheramboss,Not occupied,Illegal,Revoke,Area not Settled,22,annex_02_forest _excisions _1962 _to_ date.csv
Rift Valley,Nandi,South Nandi,South Nandi,,Chepkumai/ Ngerek land exchange,1170.0,Not available,1999,Exchange 989.17 ha with farmers on hilly terrain,,"Sally Kosgei, Henry Kosgey, Zakayo Cheruiyot and others",Not occupied,Illegal,Revoke,There is conflict in the ex-change as Ngerek Communiyt was left out.,22,annex_02_forest _excisions _1962 _to_ date.csv
Rift Valley,Bomet,Chepalungu,Chepalungu,,Chepalungu,6.071,180/231,1992,School development,,Chelelach Primary School,School established,Illegal,Legalise excision.,Only about 3.00 ha. Is utilized.,24,annex_02_forest _excisions _1962 _to_ date.csv
Rift Valley,Bomet,Chepalungu,Chepalungu,,Siongroi Girls Sec School,7.956,180/233,1994,School development,,Siongroi Girls school,School established,Illegal,Legalise excision.,The School has added it self another 8 hectares,24,annex_02_forest _excisions _1962 _to_ date.csv
Rift Valley,Bomet,Chepalungu/ Olenguruone,"S.W, Mau",,Bomet County Council,102.179,175/344,1994,Tea development,,Bomet County Council,Tea established,Illegal,Revoke,,24,annex_02_forest _excisions _1962 _to_ date.csv
Rift Valley,Bomet,Chepalungu,Chepalungu,,Bomet County Council,64.75,180/232,1995,Expansion of Market and a Church,,Siongroi Market and a Church,Partly established,Illegal,Revoke,The area is Partially,24,annex_02_forest _excisions _1962 _to_ date.csv
Rift Valley,Kapenguria,West Pokot,Lelan,,Lelan,601.5,Not available,1995,Settle landless people,,Landless People,Partially Settled,Illegal,Legalise the settlement,Area is settled,24,annex_02_forest _excisions _1962 _to_ date.csv
Rift Valley,Keiyo,Kaptagat,Kaptagat.,,Kaptagat /Kipturos,44.796,Not available,1990,Exchange with 44.796 neighbouring Tapendo block,,Tapendo farmers/ Forest Department,Occupied,Illegal,Investigate,,24,annex_02_forest _excisions _1962 _to_ date.csv
Rift Valley,Keiyo,Elgeyo,Kapchemutwa.,,Chebara A,34,Not available,1992,Expansion of Chebara market,,Keiyo County council,Occupied,Illegal,Investigate,A shopping centre is built.,24,annex_02_forest _excisions _1962 _to_ date.csv
Rift Valley,Keiyo,Kapchoroa,Kapchemutwa,,Kapchoroa,148,Not available,1993,Settlement,,Landless People,Not occupied,Legalise,Revoke,Area is settled.,24,annex_02_forest _excisions _1962 _to_ date.csv
Rift Valley,Keiyo,Kaptagat,Kaptagat,,Kaptagat,58.27,Not available,1994,Relocation of sawmill,,Kaptagat sawmill,Not occupied,Illegal,Revoke,Exchange has not been consummated,24,annex_02_forest _excisions _1962 _to_ date.csv
Rift Valley,Keiyo,Kipkabus,Kipkabus,,Kibonge (Tingwa),475,Not available,1995,Exchange with 94.88 neighbouring Tingua Forest Reserve,,Tingwa people/Forest Department,Occupied,Illegal,Revoke,The beneficiaries Have not surrendered their Title deeds to the Forest Department,24,annex_02_forest _excisions _1962 _to_ date.csv
Rift Valley,Trans Nzoia,Kitale,Kitale Township,,Kitale Municipal Expansion,92.27,Not available,1999,Various development programmes.,,Kitale Municipal council,Area not occupied.,Illegal,Revoke,The area is not developed,23,annex_02_forest _excisions _1962 _to_ date.csv
Rift Valley,Trans Nzoia,Kapolet,Kapolet,,Sengwer,513.76,Not available,1999,Settlement of squatters who had invaded ADC Mitimani Farm.,,Area is a critical catchment for river Nzoia. Undeserving people given.,Area occupied illegally.,Illegal,Revoke,The area is settled. Review with a view to exclude ecologically sensitive areas.,23,annex_02_forest _excisions _1962 _to_ date.csv
Rift Valley,Trans Nzoia,Saboti,Sikhendu,,Sikhendu,804.1,Not available,1999,Not known,,Not koown.,Area not occupied.,Illegal,Revoke,The forest is intact,23,annex_02_forest _excisions _1962 _to_ date.csv
Rift Valley,Kajiado,Loitokitok,Loitokitok,,Mrs. Siyote,6.1,Not available,2001,Farming,,Mrs. Siyote,Occupied,Illegal,Revoke,Area allocated by DC Kajiado.,23,annex_02_forest _excisions _1962 _to_ date.csv
Rift Valley,Baringo,Kimojoch,Kimojoch,,Extension of Sacho Girls High School,47.71,175/302,2002,Eco-tourism,,Sacho Girls High School,Already taken position of the area.,Illegal,Revoke,Area not developed. Also Sacho High School is occupying 18.4 hectares.,23,annex_02_forest _excisions _1962 _to_ date.csv
Rift Valley,Baringo,Ol'Arabel,Ol'Arabel,,Ol'Arabel,6.273,Not available,1993,Settlement,,Landless People,Partially Settled,Illegal,Legalise excision occupied,Area Developed,23,annex_02_forest _excisions _1962 _to_ date.csv
Rift Valley,Baringo,Mutarakwa,Mutarakwa,,Mutarakwa,4.50,Not available,1995,Tenges Health Centre,,Local community,Occupied,Illegal,Legalise excision,Area Developed,23,annex_02_forest _excisions _1962 _to_ date.csv
Rift Valley,Baringo,Mutarakwa,Mutarakwa,,Mutarakwa,5.45,Not available,1995,School Development,,Local community,Occupied,Illegal,Legalise excision,Area Developed,23,annex_02_forest _excisions _1962 _to_ date.csv
Rift Valley,Baringo,Tenges,Mutarakwa,,Tenges Trading Centre,18.60,Not available,1995,"Business plots, Cereals Board, Divisional HQs, KPTC tree nursery.",,Baringo County Council,Occupied,Illegal,Legalise excision,Area Developed,23,annex_02_forest _excisions _1962 _to_ date.csv
Rift Valley,Baringo,Tenges,Mutarakwa,,Tenges Secondary School,5.45,Not available,1995,Tenges Secondary School,,Tenges Secondary School,Occupied,Illegal,Legalise excision,Area Developed,23,annex_02_forest _excisions _1962 _to_ date.csv
Rift Valley,Keiyo,Kaptagat,Kaptagat,,Kaptagat,32.37,Not available,1998,Divisional Hqs,,Government,Not occupied,Investigate,Revoke,Most of the area is not developed,25,annex_02_forest _excisions _1962 _to_ date.csv
Rift Valley,Keiyo,Kipkabus,Kipkabus,,Kipkabus/Kibonge,475,Not available,1998,Settlement,,Landless People,Partially occupied,Illegal,Revoke,The beneficiaries Have not surrendered their Title deeds to the Forest Department,25,annex_02_forest _excisions _1962 _to_ date.csv
Rift Valley,Kencho,Londiani,Mt. Londiani,,Londiani,17.37,Not available,1992,Extension of Londiani Town,,Londiani Town Council,Area not occupied,Illegal,Revoke,Area is still forestland.,25,annex_02_forest _excisions _1962 _to_ date.csv
Rift Valley,Kencho,Kericho,S.W. Mau,,Saosa,74.72,175/348,1994,Agricultural development,,Kencho Rural Multi-purpose Co-operative society,Area under tea,Illegal,Revoke,Area planted with Tea. A license at Market value should be issued.,25,annex_02_forest _excisions _1962 _to_ date.csv
Rift Valley,Kencho,Kencho,S.W. Mau,,S W. Mau,5.14,175/350,1994,Agricultural development,,Kencho Rural Multi-purpose Co-operative society,Area under tea,Illegal,Revoke,Area planted with Tea. A license at Market value should be issued,25,annex_02_forest _excisions _1962 _to_ date.csv
Rift Valley,Kencho,Kencho,S W. Mau,,S W. Mau,292.97,175/351,1994,Agricultural development,,Kencho Rural Multi-purpose Co-operative society,Area under tea,Illegal,Revoke,Area planted with Tea. A license at Market value should be issued,25,annex_02_forest _excisions _1962 _to_ date.csv
Rift Valley,Kencho,Kensoi,W.Mau,,Frankways Sawmills,10,Not available,1995,Construction of a Sawmill,,Hon Franklin Bett,Area occupied,Illegal,Revoke,The area is too big for a Saw Mill,25,annex_02_forest _excisions _1962 _to_ date.csv
Rift Valley,Koibatek,Sabatia,Mount Londiani,,Business plots along Sabatia Railway Station.,19.98,Not available,1993,Business plots,,Not known,Occupied,Illegal,Legalize,Area is settled. Agricultural plots of approximately 2.5 ha were established,25,annex_02_forest _excisions _1962 _to_ date.csv
Rift Valley,Koibatek,Maji Mazuri,Mount Londiani,,Makutano Police Station,4.00,Not available,1993,Police Station,,Police Department,Occupied,Legalize,Revoke,The area is developed,26,annex_02_forest _excisions _1962 _to_ date.csv
Rift Valley,Laikipia,Marmanet,Marmanet,,Marmanet,4.1,Not available,1992,School Development,,Gaitero Primary School,School established,Illegal,Finalize the de-gazettement,School is built,26,annex_02_forest _excisions _1962 _to_ date.csv
Rift Valley,Laikipia,Mukogondo,Mukogondo,,Mukogondo,15.000,Not available,1998,Settlement,,Landless People,Squatters in the Forest,Illegal,Revoke Thus is a catchment area,The land is still forestland,26,annex_02_forest _excisions _1962 _to_ date.csv
Rift Valley,Lugari,Turbo,Turbo,,Mautuma Settlement,1242.00,Not available,1994,Settle landless people,,Landless People,Occupied,Investigate,Review with a view to exclude ecological sensitive areas,Area is already settled,26,annex_02_forest _excisions _1962 _to_ date.csv
Rift Valley,Marakwet,Cheptongei,Kapchemutwa.,,"Chebara, Kapkoros",73,Not available,1992,Expansion of Kapsowa Town,,Marakwet County Council,Occupied,Illegal,Legalise and exclude unsettled areas,The land is set aside for 22 families displaced by Kapsowar district Hqs.The area is partially settled,26,annex_02_forest _excisions _1962 _to_ date.csv
Rift Valley,Nakuru,Dundon,Bahati,,Bahati,84.9,175/340,1994,Market expansion,,Nakuru County Council,Plots issued,Illegal,Investigate,The area is settled,26,annex_02_forest _excisions _1962 _to_ date.csv
Rift Valley,Nakuru,Keringet,S W Mau,,S W. Mau,1687.2,175/360,1997,Settlement,,Landless People,Not fully settled,Illegal,Revoke,Not landless settled,26,annex_02_forest _excisions _1962 _to_ date.csv
Rift Valley,Nandi,North Nandi,North Nandi,,Teressia,12.95,Not available,1993,Settlement,,5 displaced individuals.,Not occupied,Illegal,Revoke,Area is settled.,26,annex_02_forest _excisions _1962 _to_ date.csv
Rift Valley,Nandi,South Nandi,South Nandi,,AIC Chebisas,44.03,Not available,1996,School Development,,Local community,Partially occupied,Illegal,Legalise area downwards including the area under Tea Zone,An area of 59.30Ha was surveyed by the school and thus exceeding the authorized area by 15 hectares,27,annex_02_forest _excisions _1962 _to_ date.csv
Rift Valley,Nandi,South Nandi,South Nandi,,Kobujoi,12.14,Not available,1996,Expansion of Kobujoi town,,Nandi County Council,Occupied,Illegal,Legalise excision,The area is built,27,annex_02_forest _excisions _1962 _to_ date.csv
Rift Valley,Nandi,North Nandi,North Nandi,,North Nandi,20.21,Not available,1996,Ngerek dispensary and farming,,Local community,Not occupied,Illegal,Revoke,The area is still Forest. The proposed amenities are not yet constructed.,27,annex_02_forest _excisions _1962 _to_ date.csv
Rift Valley,Nandi,North Nandi,North Nandi,,Teressia,9.36,Not available,1997,Settlement,,Two individuals,Not occupied,Illegal,Revoke,Area is settled.,27,annex_02_forest _excisions _1962 _to_ date.csv
Rift Valley,Trans Nzoia,Katalale,Kitalare,,Kitalale,1609.90,Not available,1994,Maize seed development,,Undeserving influential people.,Area occupied,Illegal,Revoke,Area is settled.,27,annex_02_forest _excisions _1962 _to_ date.csv
Rift Valley,,Trans Nzoia,Mount Elgon,,Exttension of Suam Town,112.86,Not available,1997,Establish Suam Town.,,County Council,Area not occupied.,Illegal,Revoke,Authority to extend the town Has not been granted The area remains forest,27,annex_02_forest _excisions _1962 _to_ date.csv
Rift Valley,Trans Nzoia,Kitale,Kitale,,Kitale Municipal Expansion,32.37,Not available,1998,Kitale municipal development programmes,,Kitale Municipal council,Area not occupied.,Illegal,Revoke,The area is not developed.,27,annex_02_forest _excisions _1962 _to_ date.csv
Rift Valley,Trans Nzoia,Kitale,Kitale,,Kitale Municipal Expansion,6.07,Not available,1998,Kitale municipal development programmes,,Kitale Municipal council,Area not occupied,Illegal,Revoke,The area is not developed,27,annex_02_forest _excisions _1962 _to_ date.csv
Rift Valley,Trans Nzoia,Kitale,Kitale,,Kitale Municipal Expansion,6.07,Not available,1998,Kitale municipal development programmes,,Kitale Municipal council,Area not occupied,Illegal,Revoke,The area is not developed,28,annex_02_forest _excisions _1962 _to_ date.csv
Rift Valley,Trans Nzoia,Kitale,Kitale,,Kitale Municipal Expansion,25.7,Not available,1998,Kitale municipal development programmes,,Kitale Municipal council,Area not occupied,Illegal,Revoke.,Area is settled,28,annex_02_forest _excisions _1962 _to_ date.csv
Rift Valley,Uasin-Gishu,Eldoret,Eldoret,,Eldoret,3.13,175/315,1991,Industrial development,,M/s Rodah Bett and others,Not occupied,Illegal,Revoke,Area is settled,28,annex_02_forest _excisions _1962 _to_ date.csv
Rift Valley,Uasin-Gishu,Eldoret,Eldoret,,Eldoret,16,Not available,1994,Expansion of cemetery,,Eldoret county council,Not occupied,Illegal,Revoke.,Area is settled,28,annex_02_forest _excisions _1962 _to_ date.csv
Rift Valley,Uasin-Gishu,Cengalo,North Tinderet,,Cengalo,711.7,Not available,1994,Settle landless people,,Landless People,Not occupied,Illegal,Revoke,An area of 12.14 hectares is being developed for GSU Company The rest of the area is intact,28,annex_02_forest _excisions _1962 _to_ date.csv
Rift Valley,West Pokot,Kapenguria,Lelan,,Kaprech Primary School,10.00,Not available,1998,Construction of Kaprech Primary School,,Kaprech Primary School,Not occupied,Illegal,Revoke,The school is not yet built,28,annex_02_forest _excisions _1962 _to_ date.csv
Rift Valley,Baringo,Katimok,Katimok,,Katimok,13.27,Not available,1988,School Development,,Local community,Occupied,Illegal,Legalise the excision,The area is occupied.,28,annex_02_forest _excisions _1962 _to_ date.csv
Rift Valley,Baringo,Katimok,Katimok,,Katimok,6.79,Not available,1988,Divisional Hqs,,Government,Occupied,Illegal,Legalise,The area is occupied.,28,annex_02_forest _excisions _1962 _to_ date.csv
Rift Valley,Baringo,Katimok,Katimok,,Katimok,8.91,Not available,1988,School Development,,Local community,Occupied,Illegal,Legalise,The area is occupied.,28,annex_02_forest _excisions _1962 _to_ date.csv
Rift Valley,Baringo,Katimok,Katimok,,Katimok,5.01,Not available,1988,Kabartojo Hospital,,Local community,Occupied,Illegal,Legalise,The area is occupied.,28,annex_02_forest _excisions _1962 _to_ date.csv
Rift Valley,Kajiado,Ngong,Ngong,,Ngong Hills,19.16,Not available,1988,Settlement,,"Puler, Joyce Kimonjuno and Ole Mpaayei",Occupied,Illegal,Revoke,The forest was granted by D C Kajiado,29,annex_02_forest _excisions _1962 _to_ date.csv
Rift Valley,Nandi,Kimondi,Ururu,,Ururu,18.53,Not available,1988,Farming,,Dr Yego,Not occupied,Illegal,Revoke,Tea farming established,29,annex_02_forest _excisions _1962 _to_ date.csv
Rift Valley,Narok,Transmara,Trans-Mara,,Kiptagish,937.70,180/213,1988,Farming,,Daniel Toroituch Arap Moi,Occupied,Illegal,Revoke,Tea farming and factory established,29,annex_02_forest _excisions _1962 _to_ date.csv
Rift Valley,Kajiado,Ololua,Ololua,,Nkaiseri Primary School,6.07,Not available,1992,School,,Local communities,Occupied,Illegal,Legalise,Primary school established,29,annex_02_forest _excisions _1962 _to_ date.csv
Rift Valley,Kajiado,Ololua,Ololua,,Nkaimuruny a Primary School,10.0,Not available,1992,School,,Local communities,Occupied,Illegal,Legalise,Primary school established,29,annex_02_forest _excisions _1962 _to_ date.csv
Rift Valley,Narok,Olposmoru,Olposmoru,,Olposmoru,"20,115",Not available,1975,"Exchange with 45,744 ha of Masai Mau County Council forest",,Local residents,Occupied,Illegal,Legalise excision and gazette the exchange,Settlement was established,29,annex_02_forest _excisions _1962 _to_ date.csv
Rift Valley,Keiyo,Kipkabus,Kipkabus,,Kipkabus,95.46,175/282,1987,Exchange with Mr Kandie,,Mr Kandie and Forest Department,Occupied,Illegal,Revoke,The area was allocated by commissioner of lands,29,annex_02_forest _excisions _1962 _to_ date.csv
Rift Valley,Keiyo,Kipkabus,Kipkabus,,Kipkabus,3916.5,Not available,1986,Settlement Area bought from EATEC for pulpwood development,,Landless People,Occupied,Illegal,Legalise exclude ecologically sensitive areas,The area is settled,29,annex_02_forest _excisions _1962 _to_ date.csv
Rift Valley,Nakuru,Elburgon,Eastern,,Eastern Mau,65.16,Not available,1983,Extension of Elburgon township,,Elburgon Urban Council,Not occupied,Illegal,Revoke,The area is still forest,29,annex_02_forest _excisions _1962 _to_ date.csv
Rift Valley,Trans Nzoia,Kitale,Kitale,,Kitale ASK show ground extension,19.69,175/358,1981,Kitale Municipal development programmes,,ASK,Area not occupied.,Illegal,Revoke,The area is still forest,29,annex_02_forest _excisions _1962 _to_ date.csv
Rift Valley,Keiyo,Elgeyo,Kapchemutwa,,Sing'ore girls,9.96,180/237,1979,School Development,,Sing'ore Girls Sec. School,Occupied,Illegal,Legalise excision,The area is fenced but slightly developed,29,annex_02_forest _excisions _1962 _to_ date.csv
Rift Valley,Oloitoktok,Oloitoktok,Oloitoktok,,Oloitokitok sec. School,43.56,175/275,1978,School Development,,Oloitoktok community,School already developed,Illegal,Review the proposal and Legalise excision,The area is occupied.,30,annex_02_forest _excisions _1962 _to_ date.csv
Rift Valley,Laikipia,Marmanet,Marmanet,,Marmanet,1773.3,175/226,1975,Settlement,,Landless People,Fully settled,Illegal,Legalise and exclude ecological sensitive areas.,The area is settled,30,annex_02_forest _excisions _1962 _to_ date.csv
Rift Valley,Keiyo,Sabor,Kipssup,,Kesup,378.2,Not available,1967,Settlement,,Landless People,Occupied,Illegal,Legalise exclude ecologically sensi-tve areas.,The area is settled.,30,annex_02_forest _excisions _1962 _to_ date.csv
Western,Busia,Sio Port,Wanga,,Wanga,2,Not available,1998,To settle former Minister the late Hon. Okondo.,,Family of the late Hon. Okondo.,Area is developed and settled.,Illegal,Revoke,,30,annex_02_forest _excisions _1962 _to_ date.csv
Western,Kakamega,Kakamega,Kakamega,,Kakamega Show Ground,40.47,180/234,1992,Relocation of the ASK Show ground from Bukhungu.,,ASK Kakamega Branch.,Area partially occupied.,Illegal,Revoke,,30,annex_02_forest _excisions _1962 _to_ date.csv
Western,Kakamega,Kakamega,Kakamega,,Kisaina,7.5,Not available,1993,Relocation of Kisaina Primary School from the middle of the forest to the boundary.,,Kisaina Primary School,Area occupied.,Illegal,Legalise,The school is built already,30,annex_02_forest _excisions _1962 _to_ date.csv
Western,Kakamega,Kakamega,Kakamega,,Mr. Shikondi,3.48,180/235,1995,Compensation,,Mr Shukondi who was displaced by expansion of Mukumu Girls,Area already occupied,Illegal,Legalise,The area is settled,31,annex_02_forest _excisions _1962 _to_ date.csv
Western,Lugari,Turbo,Turbo,,Mautuma Settlement,1214.06,Not available,1994,To settle Squatters,,Landless People,Area already occupied,Illegal,"Authenticate the list of allottees, set aside ecologically sensitive areas and formalize the excision",An area of 1577.86 hectares was surveyed and settled,31,annex_02_forest _excisions _1962 _to_ date.csv
Western,Mt Elgon,Kaberua,Mt Elgon,,Kapsokwony Township Extension,40.47,Not available,1998,Extension Kapsokwony Township,,Kapsokwony Town Council,Area not occupied.,Illegal,Revoke,The area is not occupied,31,annex_02_forest _excisions _1962 _to_ date.csv
Western,Vihiga,Kibiri,Kakamega,,Shaviringa,36,Not available,1992,Compensation,,Person displaced by expansion of Mudete Tea Factory,Area already occupied,Illegal,Legalise the excision,The area is settled,31,annex_02_forest _excisions _1962 _to_ date.csv
Western,Kakamega,Malava,Kakamega,,Bahai,0.405,Not available,1989,Compensation,,Bahai centre for giving 1 acre for construction of DO's house,Area not occupied.,Illegal,Revoke,The area is not occupied,31,annex_02_forest _excisions _1962 _to_ date.csv
Western,Vihiga,Kibiri,Kakamega,,Ishiru,134.8,180/215,1988,Compensation,,Persons displaced by Mbale District Headquarters,Area already occupied is 98.8ha,Illegal,Revise the boundary plan to exclude the 36 hectares given in Shaviringa and finalize the de-gazettement of 98.8 hectares in Ishiru.,An area of 98.8 hectares is settled,31,annex_02_forest _excisions _1962 _to_ date.csv
Western,Kakamega,Kakamega,Kakamega,,Virhembe,17.6,180/209,1987,Compensation,,Persons displaced during expansion of Mukumu Girls,Area already occupied,Illegal,Finalize the de-gazettement at Legalise,The area is settled,32,annex_02_forest _excisions _1962 _to_ date.csv
Western,Kakamega,Kakamega,Kakamega,,Shikusa Prison Kakamega,4.22,Not available,1981,Meant for juvenile prisoners,,Shikusa Prison,Area partly occupied,Illegal,Review the lease Legalise arrangements and area to be leased,Reduce the area being utilized by Kakamega Prisons,32,annex_02_forest _excisions _1962 _to_ date.csv
Western,Vihiga,Kibiri,Kakamega,,Kaptik,9.476,180/218,1978,Construction of Kaptik Secondary School,,Kaptik Secondary School,Area already occupied,Illegal,Legalise,The school is already built,32,annex_02_forest _excisions _1962 _to_ date.csv
Western,Mt Elgon District,Kaberua,Mt Elgon,,Chepyuk,4064.0,Not available,1999,Settlement of squatters,,Landless People,Area partially settled,Illegal,Investigate excision with a view to settling genuine squarters,The area is already settled.,32,annex_02_forest _excisions _1962 _to_ date.csv
Central,Nyeri,Gathuuru,Mt Kenya,,Gathuuru,744.4,175/392,1993,Settlement of squatters,,Unknown,Not occupied,Illegal,Revoke,The area is not settled,32,annex_02_forest _excisions _1962 _to_ date.csv
Central,Kirinyaga,Njukini West,Njukini West,,Bishop Gitari Njukini Academy,13.41,175/400,1983,School,,Bishop Gitari Njukini Academy,Occupied,Illegal,Legalise the excision,A school under the management of A.C.K is established,32,annex_02_forest _excisions _1962 _to_ date.csv
Central,Kiambu,Kinale,Kikuyu escarpment,,African inland Mission exchange,4.45,175/381,1960,Exchange with 74.07 ha in King'atua,,AIC Mission,Not occupied,Illegal,Legalise the exchange,Thus an exchange with 74.08 hectares of forests known as Kigatua Forest released to Forest Department by A.I.M Kijabe,33,annex_02_forest _excisions _1962 _to_ date.csv
Rift Valley,Laikipia,Rumuruti,Lariak,,Rumuruti,149.1,175/222,1976,Exchange 127.3 ha neighbouring Lariak forest reserve,,Mr Mwendia and Forest Department,Not occupied,Illegal,Revoke,The exchange transaction is not complete,33,annex_02_forest _excisions _1962 _to_ date.csv
,,,,,,75243.6,,,,,,,,,Total,33,annex_02_forest _excisions _1962 _to_ date.csv
Rift Valley,Uasin Gishu,Kapsaret,Kapsaret,140 of 2001,,1194.2,,,Settlement,Ministry of Lands,Not Known,Not occupied. Area heavily degraded. EIA not done.,,"Subject to court ruling, revoke the excisions and titles already issued and maintain the areas as forests/catchment areas but put into account the position of the Ogiek as a recognized forest inhabitants and any party who may have finalized the exchange of their land with the forest department",The area is not settled,667,annex_16_excisions_challenged_in_court.csv
Rift Valley,Uasin Gishu,Nabkoi,Nabkoi,141 of 2001,,37.89,,,School,Individual,Solani Primary School,Partially occupied. EIA not done.,,"Subject to court ruling, revoke the excisions and titles already issued and maintain the areas as forests/catchment areas but put into account the position of the Ogiek as a recognized forest inhabitants and any party who may have finalized the exchange of their land with the forest department",A Private school is being developed A license should be issued,667,annex_16_excisions_challenged_in_court.csv
Rift Valley,Nakuru,"Sururu, Likia, Elbugon",Eastern Mau,142 of 2001,,35301.01,,,Settlement,Ministry of Lands,Landless People,Partially occupied. EIA not done.,,"Subject to court ruling, revoke the excisions and titles already issued and maintain the areas as forests/catchment areas but put into account the position of the Ogiek as a recognized forest inhabitants and any party who may have finalized the exchange of their land with the forest department",The area is settled,667,annex_16_excisions_challenged_in_court.csv
Rift Valley,Nandi,South Nandi,South Nandi,143 of 2001,,10.93,,,Settlement,Ministry of Lands,Individual,Occupied. EIA not done.,,"Subject to court ruling, revoke the excisions and titles already issued and maintain the areas as forests/catchment areas but put into account the position of the Ogiek as a recognized forest inhabitants and any party who may have finalized the exchange of their land with the forest department",The area is not settled,667,annex_16_excisions_challenged_in_court.csv
Rift Valley,Koibatek,Koibatek,Mt. Kibunga,144 of 2001,,124.9,,,Extension of Kibunga Township,Ministry of Lands,Not Known,Not occupied. EIA not done.,,"Subject to court ruling, revoke the excisions and titles already issued and maintain the areas as forests/catchment areas but put into account the position of the Ogiek as a recognized forest inhabitants and any party who may have finalized the exchange of their land with the forest department",The area is settled,667,annex_16_excisions_challenged_in_court.csv
Rift Valley,Nakuru,Molo,Molo East,145 of 2001,,901.62,,,Settlement,Ministry of Lands,Landless People,Occupied. EIA not done.,,"Subject to court ruling, revoke the excisions and titles already issued and maintain the areas as forests/catchment areas but put into account the position of the Ogiek as a recognized forest inhabitants and any party who may have finalized the exchange of their land with the forest department",The area is settled,667,annex_16_excisions_challenged_in_court.csv
Rift Valley,Uasin Gishu,Cegalo,Northern Tinderet,146 of 2001,,788.3,,,Settlement,Ministry of Lands,Landless People,Occupied. EIA not done.,,"Subject to court ruling, revoke the excisions and titles already issued and maintain the areas as forests/catchment areas but put into account the position of the Ogiek as a recognized forest inhabitants and any party who may have finalized the exchange of their land with the forest department",This area is locally known as Cheboroo Farm and is settled,667,annex_16_excisions_challenged_in_court.csv
Central,Nyeri,Hombe,Mt. Kenya,147 of 2001,,7170,,,Settlement,Ministry of Lands,Not Known,Not occupied. EIA not done.,,"Subject to court ruling, revoke the excisions and titles already issued and maintain the areas as forests/catchment areas but put into account the position of the Ogiek as a recognized forest inhabitants and any party who may have finalized the exchange of their land with the forest department",The area is not settled.,668,annex_16_excisions_challenged_in_court.csv
Rift Valley,Nakuru & Buret,"Baragat, Keringei, Saino",South West & West Mau,148 of 2001,,24109.01,,,Settlement,Ministry of Lands,Landless People,Partially occupied. EIA not done.,,"Subject to court ruling, revoke the excisions and titles already issued and maintain the areas as forests/catchment areas but put into account the position of the Ogiek as a recognized forest inhabitants and any party who may have finalized the exchange of their land with the forest department",The area is settled.,668,annex_16_excisions_challenged_in_court.csv
Central,Nyeri,Ragati,Mt. Kenya,149 of 2001,,912.1,,,Ndathi Settlement,Ministry of Lands,Landless People,Occupied. EIA not done.,,"Subject to court ruling, revoke the excisions and titles already issued and maintain the areas as forests/catchment areas but put into account the position of the Ogiek as a recognized forest inhabitants and any party who may have finalized the exchange of their land with the forest department",The area is settled.,668,annex_16_excisions_challenged_in_court.csv
Central,Nyeri,Ragati,Mt. Kenya,150 of 2001,,196.05,,,Magutu Settlement,Ministry of Lands,Landless People,94 Ha settled. 102 ha not occupied EIA not done.,,"Subject to court ruling, revoke the excisions and titles already issued and maintain the areas as forests/catchment areas but put into account the position of the Ogiek as a recognized forest inhabitants and any party who may have finalized the exchange of their land with the forest department",The area is settled.,668,annex_16_excisions_challenged_in_court.csv
Rift Valley,Laikipia,Marmanet,Marmanet,151 of 2001,,2837.4,,,Marmanet Settlement,Ministry of Lands,Landless People,Partially occupied. EIA not done.,,"Subject to court ruling, revoke the excisions and titles already issued and maintain the areas as forests/catchment areas but put into account the position of the Ogiek as a recognized forest inhabitants and any party who may have finalized the exchange of their land with the forest department",The area is settled.,668,annex_16_excisions_challenged_in_court.csv
Rift Valley,Nakuru,Menengai,Nakuru,152 of 2001,,270.5,,,Settlement,Ministry of Lands,Not known,Not occupied. EIA not done.,,"Subject to court ruling, revoke the excisions and titles already issued and maintain the areas as forests/catchment areas but put into account the position of the Ogiek as a recognized forest inhabitants and any party who may have finalized the exchange of their land with the forest department",The area us not occupied.,668,annex_16_excisions_challenged_in_court.csv
Rift Valley,Kericho,Kericho,Western Mau,153 of 2001,,323.7,,,Settlement,Ministry of Lands,Not known,Not occupied. EIA not done.,,"Subject to court ruling, revoke the excisions and titles already issued and maintain the areas as forests/catchment areas but put into account the position of the Ogiek as a recognized forest inhabitants and any party who may have finalized the exchange of their land with the forest department",The area is not occupied,668,annex_16_excisions_challenged_in_court.csv
Central,Nyeri,Gathiuru,Gathiuru,175/392,,744.4,,1993,Settlement of squatters,Procedural,Unknown,Not occupied,,Revoke,,669,annex_17_proposed_excisions_regular_process_not_finalised.csv
Central,Kirinyaga,Njukiini West,Bishop Gitari Njukiini Academy,175/400,,13.41,,1983,School,Procedural,Bishop Gitari Njukiini Academy,Occupied,,Finalize the excision,,669,annex_17_proposed_excisions_regular_process_not_finalised.csv
Central,Kiambu,Kinale,African inland Mission exchange,175/381,,4.45,,1960,Exchange with 74.07 ha in King'atua,Procedural,AIC Mission,Not occupied,,Formalize the exchange,,669,annex_17_proposed_excisions_regular_process_not_finalised.csv
Rift Valley,Laikipia,Rumuruti,Rumuruti,175/222,,149.1,,1976,Exchange 127.3 ha neighbouring Lariak forest reserve,Procedural,Mr. Mwendia and Forest Department.,Not occupied,,Revoke,,669,annex_17_proposed_excisions_regular_process_not_finalised.csv
Central,Nyeri,Nyeri,Nyeri,,Nyeri Satellite Town,432.0,Not available,1999,Town development,,Unknown,Not occupied,Illegal,Revoke,Maintain as forest,670,annex_18_forest_excisions_considered_illegal.csv
Central,Kiambu,Uplands,Kikuyu Escarp,,Extension of Nyambari trading centre,8.1,Not available,1993,Private development,,Onesmus Nguson (Former KANU Chairman - Nakuru),Not occupied,Illegal,Revoke,Maintain as forest,670,annex_18_forest_excisions_considered_illegal.csv
Central,Kiambu,Ragia,Kikuyu Escarp,,Mr. Buddy Gichure,4.5,Not available,1993,Farm extension,,Buddy Gichure,Occupied,Illegal,Revoke,,670,annex_18_forest_excisions_considered_illegal.csv
Central,Kiambu,Kiambu,Kamiti,,Kamiti Settlement,169.57,Not available,1994,Settlement of squatters,,Persons displaced by clashes,Partially occupied,Illegal,Revoke,Maintain as forest,670,annex_18_forest_excisions_considered_illegal.csv
Central,Kiambu,Kinale,Kikuyu Escar,,Soko Mjinga Settlement,2.0,Not available,1994,Establishment of a market,,Kiambu County Council,Not occupied,Illegal,Revoke,Maintain as forest,670,annex_18_forest_excisions_considered_illegal.csv
Central,Kiambu,Kinale,Kikuyu Escar,,Kijabe Girls Secondary School,21.41,Not available,1996,Expand school,,Local community,Occupied,Illegal,Legalised allocation,,670,annex_18_forest_excisions_considered_illegal.csv
Central,Nyandarua,Ndaragwa,Aberdare,,Ndaragwa Township,110.3,175/325,1991,Extension of Ndaragwa Town,,Nyandarua County Council,Occupied,Illegal,Revoke,,670,annex_18_forest_excisions_considered_illegal.csv
Central,Nyeri,Nyeri,Nyeri,,Nyeri ASK show ground,49.5,Not available,1993,ASK showground,,Nyeri ASK,Partially and temporary occupied,Illegal,Revoke,The ASK to relocate to the previous Show Ground at Ruring'u,670,annex_18_forest_excisions_considered_illegal.csv
Central,Kiambu,Kerita,Kikuyu Escarp,,Lari Trading Centre,9.40,Not available,1988,Local community,,Illegal,Expansion of town,Revoke,Whole area is built into a Town,671,,annex_18_forest_excisions_considered_illegal.csv
Central,Nyandarua,South Kinangop,Magumo North,,Magumo North,241.5,Not available,1989,Settlement of the landless,,Landless,Fully occupied,Illegal,Legalise and exclude ecologically sensitive areas,Whole area is settled,671,annex_18_forest_excisions_considered_illegal.csv
Central,Nyandarua,South Kinangop,Magumo South,,Magumo South,368.9,Not available,1989,Settlement of the landless,,Landless,Fully occupied,Illegal,Revoke,Whole area is settled,671,annex_18_forest_excisions_considered_illegal.csv
Central,Kiambu,Kinale,Kikuyu Escarp,,Extension of Kinale excision,182,Not available,1990,Settlement,,Undeserving cases,Occupied,Illegal,Revoke,Area is being cultivated by people who are staying elsewhere after extending the legally agreed excision,671,annex_18_forest_excisions_considered_illegal.csv
Central,Kiambu,Uplands,Nyamweru,,Orthogoiyo Primary School,3.00,Not available,1987,Establishment of a school,,Local community,Occupied,Illegal,Legalise excision,This is a Public School.,671,annex_18_forest_excisions_considered_illegal.csv
Central,Kiambu,Uplands,Kikuyu Escarp,,Raini Nyeke Primary School,3.00,Not available,1987,Establishment of a school,,Kiambu County Council,Occupied,Illegal,Legalise excision,This is a Public School.,671,annex_18_forest_excisions_considered_illegal.csv
Central,Nyandarua,Geta,Aberdare,,Karima Girls Sec. School,13.60,Not available,1985,Extension of Karima Girls Sec. School,,Karima Girls Sec. School,Occupied,Illegal,Legalise excision,This is a Public School. Issue a renewable license,671,annex_18_forest_excisions_considered_illegal.csv
Central,Kiambu,Kiambu,Kiambu,,Kiambu Women Group,39.82,Not available,1984,Women group Projects,,Kiambu Women Group,Vacant,Illegal,Revoke,Maintain as forest,671,annex_18_forest_excisions_considered_illegal.csv
Central,Kiambu,Kiambu,Kiambu,,Tupirane Project,24.00,Not available,1984,Horticultural Farming,,Hon. Kuria Kanyingi,Partially occupied,Illegal,Revoke,A Title deed was issued to Kama Agencies for an area covering 15.62 hectares and registered as L.R.No 21350/1 in 1995. Revoke.,671,annex_18_forest_excisions_considered_illegal.csv
Central,Nyeri,Nyeri,Nyeri Hills,,Nyeri Hills Microwave station,0.40,Not available,1976,Transmission,,Telecomm and KBC,Occupied,Illegal,Legalise excision,Transmuting Mast is built,672,annex_18_forest_excisions_considered_illegal.csv
Central,Nyandarua,Geta,Aberdares,,Geta/Bush Settlement,650.00,Not available,1968,Settlement Scheme,,Landless People,Occupied,Illegal,Legalise and exclude ecologically sensitive areas,Settlement Scheme established since 1968.,672,annex_18_forest_excisions_considered_illegal.csv
Central,Nyandarua,Geta,Aberdares,,Mekaro Settlement Scheme,3690.0,Not available,1967,Settlement Scheme,,Landless People,Occupied,Illegal,Legalise and exclude ecologically sensitive areas,Settlement Scheme established since 1967,672,annex_18_forest_excisions_considered_illegal.csv
Central,Kiambu,Ragia,Kikuyu Escarp,,Ragia Settlement Scheme,1795.0,Not available,1965,Settle the landless,,Landless People,Occupied,Illegal,Legalise and exclude ecologically sensitive areas.,Settlement Scheme established since 1965,672,annex_18_forest_excisions_considered_illegal.csv
Eastern,Meru Central,Meru,Upper Imenti,,Meru ASK showground,40.47,175/347,1994,Relocation of Meru ASK showground,,Meru ASK,Partially occupied,Illegal,Revoke.,The Showground should be relocated to Kinoru Stadium.,672,annex_18_forest_excisions_considered_illegal.csv
Eastern,Meru Central,Meru,Upper Imenti,,Methodist University,40.47,180/288,1997,University,,Methodist Church,Partially occupied,Illegal,Legalise excision.,,672,annex_18_forest_excisions_considered_illegal.csv
Eastern,Meru Central,Ontulili,Mount Kenya,,Ontulili Secondary School,16.00,Not available,1998,Construction of Secondary School,,Ontulili Secondary School,Occupied,Illegal,Legalise excision.,This is a Public School,672,annex_18_forest_excisions_considered_illegal.csv
Eastern,Meru North,Nyambene,Nyambene,,Extension of Kambene Primary School,10.00,Not available,1996,"A school, church and a dispensary.",,"School, church and a dispensary.",Not occupied,Illegal,Revoke and maintain as forest,No development Has taken place.,672,annex_18_forest_excisions_considered_illegal.csv
Eastern,Meru Central,Meru,Upper Imenti,,Meru Technical School,7.64,175/345,1977,Technical School,,Meru Technical School,Occupied,Illegal,Legalise excision.,,672,annex_18_forest_excisions_considered_illegal.csv
Eastern,Machakos,Iveti,Iveti,,Masaku County Council Exchange,14.25,Not available,1971,Exchanging forest land with a plot in industrial area,,Masaku County Council,Occupied,Illegal,Legalise exchange.,,673,annex_18_forest_excisions_considered_illegal.csv
Nairobi,Nairobi,Ngong,Ngong Road,,Asikhan Holding.,6.03,Not available,2000,Private development,,Hoseah Kiplagat.,Not occupied,Illegal,Revoke,Sold to NSSF,673,annex_18_forest_excisions_considered_illegal.csv
Nairobi,Nairobi,Ngong,Ngong Road,,Nairobi Chapel,6.5,Not available,1999,Private development,,Private Developers,Partially occupied,Illegal,Revoke,Maintain as forest,673,annex_18_forest_excisions_considered_illegal.csv
Nairobi,Nairobi,Karura,Karura,,Mr. Johnson Githo Karanja,0.3774,Not available,2000,Private development,,Initially allocated to Hezekiah Kego Karanja,Occupied,Illegal,Revoke,Area is developed.,673,annex_18_forest_excisions_considered_illegal.csv
Nairobi,Nairobi,Karura,Karura,,Baptist Conventional,0.81,175/333,1991,Private development,,Baptist Church,Not occupied,Illegal,Revoke,Area is not developed,673,annex_18_forest_excisions_considered_illegal.csv
Nairobi,Nairobi,Ngong,Ngong Road,,Nairobi ASK Show ground,7.51,Not available,1992,Expansion of ASK Show ground,,ASK,Partially occupied,Illegal,Revoke,Area is not developed. ASK are using this area as a motor bike-racing course. Revoke,673,annex_18_forest_excisions_considered_illegal.csv
Nairobi,Nairobi,Ngong,Ngong Road,,Mounted police,5.30,Not available,1992,Mounted police training unit,,Private Developers,Partially occupied,Illegal.,Revoke,Area was partitioned into L.R. Nos. 254421-25448. Construction of Residential houses is going on. Revoke Title,673,annex_18_forest_excisions_considered_illegal.csv
Nairobi,Nairobi,Ngong,Ngong Road,,Private Developers,2.03,Not available,1992,Residential houses,,Private Developers,Partially occupied,Illegal,Revoke,Area is not developed.,673,annex_18_forest_excisions_considered_illegal.csv
Nairobi,Nairobi,Ngong,Ngong Road,,Nairobi ASK Show,18.00,Not available,1993,Expansion of ASK,,Nairobi ASK,Partially occupied,Illegal,Revoke,Area not developed.,673,annex_18_forest_excisions_considered_illegal.csv
Nairobi,Nairobi,Karura,Karura,,"S Kuruki, Lt. Gen. H. Njoroge & others",16.00,175/343,1994,Private development,,"Shadrack Kuruki, Lt. Gen. H. Njoroge & others",Not occupied,Illegal,Revoke,Area not developed Lt. Gen Njoroge returned title.,674,annex_18_forest_excisions_considered_illegal.csv
Nairobi,Nairobi,Karura,Karura,,Pelican Engineering & Construction Co Ltd,18.41,175/342,1994,Private development,,June Moi Pelican Engineering & Construction Co Ltd,Sold to NSSF,Illegal,Revoke,Area not developed.,674,annex_18_forest_excisions_considered_illegal.csv
Nairobi,Nairobi,Karura,Karura,,Sardul Singh Virdi & Gurshran Kaur Verdi,0.87,Not available,1994,Private development,,Sardul Singh Virdi & Gurshran Kaur Virdi,Not occupied,Illegal,Revoke,Area is Registered as L.R.No 17942. It has been Sold to Peter Karuau. Area is not developed.,674,annex_18_forest_excisions_considered_illegal.csv
Nairobi,Nairobi,Ngong,Ngong,,Muguruwa (PCEA) Church,4.27,175/338,1995,Expansion of the church,,PCEA Dagoretti Parish & Others,Not occupied,Illegal,Revoke,Area not developed,674,annex_18_forest_excisions_considered_illegal.csv
Nairobi,Nairobi,Karura,Karura,,N.S.I.S Special School.,20.33,Not available,1997,Construction of School,,National Security Intelligence Service,Occupied,Illegal,Legalise excision,N.S.I.S HQS Built.,674,annex_18_forest_excisions_considered_illegal.csv
Nairobi,Nairobi,Karura,Karura,,Mr. Julius Waweru Mungai,0.1899,Not available,1996,Private development,,Initially allocated to Hezekiah Kogo Karanja in 1992.,Not occupied,Illegal,Revoke,The area is Developed,674,annex_18_forest_excisions_considered_illegal.csv
Nairobi,Nairobi,Karura,Karura,,Farmwell Procession s Ltd,0.1887,Not available,1993,Private development,,Initially allocated to Hezekiah Kogo in 1992,Not occupied,Illegal,Revoke,The area is not developed,674,annex_18_forest_excisions_considered_illegal.csv
Nairobi,Nairobi,Karura,Karura,,Mr Samson Muriithi Nduhu,0.2179,Not available,1992,Private development,,Allocated in 1992,Occupied,Illegal,Revoke,The area is Developed.,674,annex_18_forest_excisions_considered_illegal.csv
Nairobi,Nairobi,Ngong,Ngong,,Ngong road motel and Supermarket,8.8,Not available,1997,Private development,,Private Developers,Not occupied,Illegal,Revoke,The area is not developed,675,annex_18_forest_excisions_considered_illegal.csv
Nairobi,Nairobi,Ngong,Ngong,,Ngong road hospital,8.55,175/361 175/362,1997,Private development,,Private Developers,Not occupied,Illegal,Revoke,The area is not developed,675,annex_18_forest_excisions_considered_illegal.csv
Nairobi,Nairobi,Karura,Karura,,Agha Khan Cemetery,8.00,Not available,1998,Cemetery,,Aghakhan Community,Not occupied,Illegal,Revoke,The area is not developed A proposal was made,675,annex_18_forest_excisions_considered_illegal.csv
Nairobi,Nairobi,Karura,Karura,,ICRAF,8.10,175/294,1989,ICRAF Hqs,,ICRAF Private. developers.,3.0 ha occupied by ICRAF 5.1ha given to individuals not occupied,Illegal,Legalise excision for ICRAF and revoke the 5.10 hectares allocated to individuals and now for a hotel construction,3.00 hectares allocated to ICRAF is developed while the rest of 5.10 hectares is not required,675,annex_18_forest_excisions_considered_illegal.csv
Nairobi,Nairobi,Karura,Karura,,Hon J J Kamotho,2.67,175/293,1989,Private development,,Hon J J Kamotho,Not occupied,Illegal,Revoke,Area not developed,675,annex_18_forest_excisions_considered_illegal.csv
Nairobi,Nairobi,Ngong,Ngong,,St. Francis Church,2.50,Not available,1989,School development,,St. Francis ACK Church,Not occupied,Illegal,Revoke,Area not developed,675,annex_18_forest_excisions_considered_illegal.csv
Nairobi,Nairobi,Ngong,Ngong,,Kenya Broadcasting Corporation,40.47,175/332,1988,Construction of KBC headquarters,,40.47 ha surveyed for KBC,Not occupied,Illegal,Revoke,Area not developed,675,annex_18_forest_excisions_considered_illegal.csv
Nairobi,Nairobi,Ngong,Ngong,,Nairobi Women Prison Extension,8.80,Not available,1985,Expansion of Lang'ata women prison,,Some of the land transferred to private developers eg. Mr. Manmoi (former MP),Occupied,Illegal,Legalise excision for Prisons and revoke all others,Prison Dept has developed a quarter of the area while the rest was allocated to Private Developers who have built the area.,675,annex_18_forest_excisions_considered_illegal.csv
Nairobi,Nairobi,Ngong,Ngong,,Prisons industrial centre,15.09,175/274,1985,Exchange forest land with a plot in industrial area,,Land transferred to private developers.,Occupied,Illegal,Revoke,This area was allocated to individuals who then transferred the land to among others: Catholic Church and Kenya Medical Renunciation Centre. A big part of the area is developed.,676,annex_18_forest_excisions_considered_illegal.csv
Nairobi,Nairobi,Ngong,Ngong Road,,Ngong Forest primary School,3.83,Not available,1982,School development,,Nairobi City Council,Occupied,Illegal,Revoke,The School is located in Ngong Road Forest and it was intended to cater for the children of forest Workers. The School does not require more land.,676,annex_18_forest_excisions_considered_illegal.csv
Nairobi,Nairobi,Karura,Karura,,C.R.D.O's Tumaini School,26.25,175/228,1980,School,,Tumaini School,Not occupied,Illegal,Revoke,The area is not developed.,676,annex_18_forest_excisions_considered_illegal.csv
Rift Valley,Laikipia,Marmanet,Marmanet,,Uaso Narok,14.16,Not available,2000,Exchange with 12.57 neighbouring Lariak forest reserve station.,,F. N. Macharia and Forest Department,Settled,Illegal,Review,The Transfer is not finalised. Macharia was allocated 14.16 hectares in Uaso Narok Sett. Scheme.,676,annex_18_forest_excisions_considered_illegal.csv
Rift Valley,Uasin Gishu,Cengalo,N. Tinderet.,,N. Tinderet,2,Not available,2000,School development,,Olegune community,Not occupied,Illegal,Revoke,The area is not developed,676,annex_18_forest_excisions_considered_illegal.csv
Rift Valley,Koibatek,Lembus,Lembus.,,Lembus,505.2,Not available,1999,Construction of public institutions.,,Unknown,Occupied,Illegal,Revoke,Many Institutions and public amenities established in the forest without authority.,676,annex_18_forest_excisions_considered_illegal.csv
Rift Valley,Marakwet,Cheptangeti,Kapcheme twa.,,Chebiemit Extension,12.14,Not available,1999,Extension of Divisional Hqs,,Marakwet County Council,Area Planned,Illegal,Revoke,A portion of the area is built.,677,annex_18_forest_excisions_considered_illegal.csv
Rift Valley,Nandi,South Nandi,South Nandi,,Kobujoi Catholic Girls sec. School,20.23,Not available,1999,School development,,Local community,Not occupied,Illegal,Revoke,16.00 hectares surveyed for Fr.Myer's School. The girls School is already established. Issue a renewable license.,677,annex_18_forest_excisions_considered_illegal.csv
Rift Valley,Nandi,South Nandi,South Nandi,,Kobujoi,23.66,180/240,1999,Private development,,Local community,Occupied,Illegal,Revoke,Area not Settled,677,annex_18_forest_excisions_considered_illegal.csv
Rift Valley,Nandi,South Nandi,South Nandi,,Chepkumai/Ngerek land exchange,1170.0,Not available,1999,Exchange 989.17 ha with farmers on hilly terrain,,"Sally Kosgei, Henry Kosgey, Zakayo Cheruiyot and others.",Not occupied,Illegal,Revoke,There is conflict in the ex-change as Ngerek Communiyt was left out.,677,annex_18_forest_excisions_considered_illegal.csv
Rift Valley,Trans Nzoia,Kitale,Kitale Township,,Kitale Municipal Expansion,92.27,Not available,1999,Kitale Municipal council,,Illegal,Various development programmes,Revoke,The area is not developed.,677,,annex_18_forest_excisions_considered_illegal.csv
Rift Valley,Trans Nzoia,Kapolet,Kapolet,,Sengwer,513.76,Not available,1999,Settlement of squatters who had invaded ADC Mitiumai Farm.,,Area is a critical catchment for river Nzoa. Underserving people given.,Various occupied illegally.,Illegal,Revoke,The area is settled. Review with a view to exclude ecologically sensitive areas.,677,annex_18_forest_excisions_considered_illegal.csv
Rift Valley,Trans Nzoia,Saboti,Sikhendu,,Sikhendu,804.1,Not available,1999,Not known.,,Not known.,Area not occupied.,Illegal,Revoke,The forest is intact,677,annex_18_forest_excisions_considered_illegal.csv
Rift Valley,Kajiado,Loitokitok,Loitoktok,,Mrs. Siyote,6.1,Not available,2001,Farming,,Mrs. Siyote,Occupied,Illegal,Revoke,Area allocated by DC Kajiado.,677,annex_18_forest_excisions_considered_illegal.csv
Rift Valley,Baringo,Kimojoch,Kimojoch,,Extension of Sacho Girls High School,47.71,175/302,2002,Eco-tourism,,Sacho Girls High School,Already taken position,Illegal,Revoke,Area not developed. Also Sacho High School is occupying,677,annex_18_forest_excisions_considered_illegal.csv
Rift Valley,Baringo,Ol'Arabel,Ol'Arabel,,Ol'Arabel,6.273,Not available,1993,Settlement,,Landless People,Partially Settled,Illegal,Legalise excision,Area Developed,678,annex_18_forest_excisions_considered_illegal.csv
Rift Valley,Baringo,Mutarakwa,Mutarakwa,,Mutarakwa,4.50,Not available,1995,Health Centre,,Local community,Occupied,Illegal,Legalise excision,Area Developed,678,annex_18_forest_excisions_considered_illegal.csv
Rift Valley,Baringo,Mutarakwa,Mutarakwa,,Mutarakwa,5.45,Not available,1995,School Development,,Local community,Occupied,Illegal,Legalise excision,Area Developed,678,annex_18_forest_excisions_considered_illegal.csv
Rift Valley,Baringo,Tenges,Mutarakwa,,Tenges Trading Centre,18.60,Not available,1995,"Business plots, Cereals Board, Divisional HQs, KPTC tree nursery",,Barngo County Council,Occupied,Illegal,Legalise excision,Area Developed,678,annex_18_forest_excisions_considered_illegal.csv
Rift Valley,Baringo,Tenges,Mutarakwa,,Tenges Secondary School,5.45,Not available,1995,Tenges Secondary School,,Tenges Secondary School,Occupied,Illegal,Legalise excision,Area Developed,678,annex_18_forest_excisions_considered_illegal.csv
Rift Valley,Bomet,Chepalungu,Chepalungu,,Chepalungu,6.071,180/231,1992,School development,,Chebelach Primary School,School established,Illegal,Legalise excision,Only about 3.00 ha. Is utilized,678,annex_18_forest_excisions_considered_illegal.csv
Rift Valley,Bomet,Chepalungu/Olenguruone,"S W, Mau",,Songiroi Girls Sec. School,7.956,180/233,1994,School development,,Siongiroi Girls school,School established,Illegal,Legalise excision.,The School has added a self another 8 hectares,678,annex_18_forest_excisions_considered_illegal.csv
Rift Valley,Bomet,Chepalungu/Olenguruone,Chepalungu,,Bomet County Council,102.179,175/344,1994,Tea development,,Bomet County Council,Tea established.,Illegal,Revoke,,678,annex_18_forest_excisions_considered_illegal.csv
Rift Valley,Bomet,Chepalungu,Chepalungu,,Bomet County Council,64.75,180/232,1995,Expansion of Market and a Church,,Siongiroi Market and a Church,Partly established.,Illegal,Revoke,The area is Partially Settled,678,annex_18_forest_excisions_considered_illegal.csv
Rift Valley,Kapenguria,West Pokot,Lelan,,Lelan,601.5,Not available,1993,Expansion of landless people,,Landless People,Settle landless people,Illegal,Legalise the settlement,Area is settled,678,annex_18_forest_excisions_considered_illegal.csv
Rift Valley,Keiyo,Kaptagat,Kaptagat,,Kaptagat/Kiptunos neighbouring Tapendo block,44.796,Not available,1990,Exchange with 44.796 neighbouring Tapendo farmers/Forest Department,,Forest Department,Occupied,Illegal,Investigate,,678,annex_18_forest_excisions_considered_illegal.csv
Rift Valley,Keiyo,Eigeyo,Kapchemu twa,,Chebara A,34,Not available,1992,Expansion of Chebara market,,Keiyo County council,Occupied,Illegal,Investigate,A shopping centre is built,679,annex_18_forest_excisions_considered_illegal.csv
Rift Valley,Keiyo,Kapchoroaa,Kapchemu twa,,Kapchoroaa,148,Not available,1993,Settlement,,Landless People,Not occupied,Illegal,Revoke,Area is settled,679,annex_18_forest_excisions_considered_illegal.csv
Rift Valley,Keiyo,Kaptagat,Kaptagat,,Kaptagat,58.27,Not available,1995,Relocation of Kapsagat sawmill,,Kapsagat sawmill,Occupied,Illegal,Revoke,Exchange has not been consummated,679,annex_18_forest_excisions_considered_illegal.csv
Rift Valley,Keiyo,Kipkabus,Kipkabus,,Kibonge (Tingwa),475,Not available,1998,Exchange with 94.88 neighbouring Tingua Forest Reserve,,Tingwa Forest Reserve,Occupied,Illegal,Revoke,The beneficiaries Have not surrendered their Title deeds to the Forest Department.,679,annex_18_forest_excisions_considered_illegal.csv
Rift Valley,Keiyo,Kaptagat,Kaptagat,,Kaptagat,32.37,Not available,1998,Divisional Hqs,,Government,Not occupied,Illegal,Revoke,Most of the area is not developed,679,annex_18_forest_excisions_considered_illegal.csv
Rift Valley,Keiyo,Kipkabus,Kipkabus,,Kipkabus/Kibonge,475,Not available,1995,Exchange,,Landless People,Partially occupied,Illegal,Revoke,Have not surrendered their Title deeds to the Forest Department.,679,annex_18_forest_excisions_considered_illegal.csv
Rift Valley,Kericho,Londuni,Mt Londiani,,Londiani,17.37,Not available,1992,Extension of Londiani Town,,Londani Town Council,Area not occupied,Illegal,Revoke,Area is still forestland,679,annex_18_forest_excisions_considered_illegal.csv
Rift Valley,Kericho,Kencho,S W Mau,,Saosa,74.72,175/348,1994,Agricultural development,,Kericho Rural Multipurpose Co-operative society,Area under tea,Illegal,Revoke,Area planted with Tea. A license at Market value should be issued,679,annex_18_forest_excisions_considered_illegal.csv
Rift Valley,Kericho,Kencho,S W Mau,,S W Mau,5.14,175/350,1994,Agricultural development,,Kericho Rural Multipurpose Co-operative society,Area under tea,Illegal,Revoke,Area planted with Tea. A license at Market value should be issued,679,annex_18_forest_excisions_considered_illegal.csv
Rift Valley,Kericho,Kencho,S W Mau,,S W Mau,292.97,175/351,1994,Agricultural development,,Kericho Rural Multipurpose Co-operative society,Area under tea,Illegal,Revoke,Area planted with Tea. A license at Market value should be issued,679,annex_18_forest_excisions_considered_illegal.csv
Rift Valley,Kericho,Keriasoi,W.Mau,,Frankways Sawmills,10,Not available,1995,Construction of a Sawmill,,Hon. Franklin Bett,Area occupied,Illegal,Revoke,The area is too big for a Saw Mill,680,annex_18_forest_excisions_considered_illegal.csv
Rift Valley,Koibatek,Sabatia,Mount Londiani,,Business plots along Sabatia Railway Station.,19.98,Not available,1993,Business plots,,Not known,Occupied,Illegal,Revoke,Area is settled. Agricultural plots of approximately 2.5 ha were established.,680,annex_18_forest_excisions_considered_illegal.csv
Rift Valley,Koibatek,Maji Mazuri,Mount Londiani,,Makutano Police Station,4.00,Not available,1993,Police Station,,Police Department,Occupied,Illegal,Revoke,Area is developed.,680,annex_18_forest_excisions_considered_illegal.csv
Rift Valley,Laikipia,Marmanet,Marmanet,,Marmanet,4:1,Not available,1992,School Development,,Gatero Primary School,School established,Illegal,Finalize the de-gazetement,School is built.,680,annex_18_forest_excisions_considered_illegal.csv
Rift Valley,Laikipia,Muktogondo,Mukogondo,,Mukogondo,15000,Not available,1998,Settlement,,Landless People,Squatters in the Forest,Illegal,Revoke. This is a catchment area.,The land is still forestland.,680,annex_18_forest_excisions_considered_illegal.csv
Rift Valley,Lugari,Turbo,Turbo,,Mautuma Settlement,1242.0,Not available,1994,Settle landless people,,Landless People,Occupied,Illegal,Review with a view to exclude ecologically sensitive areas,Area is already settled.,680,annex_18_forest_excisions_considered_illegal.csv
Rift Valley,Marakwet,Cheptangeti,Kapchemu twa.,,"Chebara, Kapkoros",73,Not available,1992,Expansion of Kapsoway Town,,Marakwet County Council,Squatters of Kapsowa Town,Illegal,Legalise and exclude unsettled areas,The land is set aside for 22 families displaced by Kapsoway District Hqs. The area is partially settled.,680,annex_18_forest_excisions_considered_illegal.csv
Rift Valley,Nakuru,Dundori,Bahati,,Bahati,84.9,175/340,1994,Market expansion,,Nakuru County Council,Plots issued,Illegal,Legalise the excision.,The area is settled.,680,annex_18_forest_excisions_considered_illegal.csv
Rift Valley,Nakuru,Keringet,S.W. Mau,,S.W. Mau,1687.2,175/360,1997,Settlement,,Landless People,Not fully settled,Illegal,Revoke,Not landless settled,680,annex_18_forest_excisions_considered_illegal.csv
Rift Valley,Nandi,North Nandi,North Nandi,,Teressia,12.95,Not available,1995,Settlement,,5 displaced individuals,Not occupied,Illegal,Revoke,Area is settled.,680,annex_18_forest_excisions_considered_illegal.csv
Rift Valley,Nandi,South Nandi,South Nandi,,AIC Chebisas,44.03,Not available,1996,School Development,,Local community,Partially occupied,Illegal,Legalise area downwards,An area of 59.30Ha was surveyed by the school and thus exceeding the authorized area by 15 hectares,680,annex_18_forest_excisions_considered_illegal.csv
Rift Valley,Nandi,South Nandi,South Nandi,,Kobujoi,12.14,Not available,1996,Expansion of Kobujoi town,,Nandi County Council,Occupied,Illegal,Legalise excision,The area is built.,681,annex_18_forest_excisions_considered_illegal.csv
Rift Valley,Nandi,North Nandi,North Nandi,,North Nandi,20.21,Not available,1996,Ngretek dispensary and farming,,Local community,Not occupied,Illegal,Revoke,The area is still Forest. The proposed amenities are not yet constructed.,681,annex_18_forest_excisions_considered_illegal.csv
Rift Valley,Nandi,North Nandi,North Nandi,,Teressia,9.36,Not available,1997,Settlement,,Two individuals,Not occupied,Illegal,Revoke,The area is settled,681,annex_18_forest_excisions_considered_illegal.csv
Rift Valley,Trans Nzoia,Kitalale,Kitalare,,Kitalale,1609.90,Not available,1994,Maize seed development.,,Undeserving influential people,Area occupied,Illegal,Investigate excision,Area is settled.,681,annex_18_forest_excisions_considered_illegal.csv
Rift Valley,Trans Nzoia,Trans Nzoia,Mount Elgon,,Extension of Suam Town,112.86,Not available,1997,Establish Suam Town,,County Council,Area occupied,Illegal,Revoke,Authority to extend the town has not been granted. The area remains forest.,681,annex_18_forest_excisions_considered_illegal.csv
Rift Valley,Trans Nzoia,Kitale,Kitale,,Kitale Municipal Expansion,32.37,Not available,1998,Kitale municipal development programmes,,Kitale Municipal council,Area not occupied,Illegal,Revoke,The area is not developed.,681,annex_18_forest_excisions_considered_illegal.csv
Rift Valley,Trans Nzoia,Kitale,Kitale,,Kitale Municipal Expansion,6.07,Not available,1998,Kitale municipal development programmes,,Kitale Municipal council,Area not occupied,Illegal,Revoke,The area is not developed,681,annex_18_forest_excisions_considered_illegal.csv
Rift Valley,Trans Nzoia,Kitale,Kitale,,Kitale Municipal Expansion,6.07,Not available,1998,Kitale municipal development programmes,,Kitale Municipal council,Area not occupied,Illegal,Revoke,The area is not developed,681,annex_18_forest_excisions_considered_illegal.csv
Rift Valley,Trans Nzoia,Kitale,Kitale,,Kitale Municipal Expansion,25.7,Not available,1998,Kitale municipal development programmes,,Kitale Municipal council,Area not occupied,Illegal,Revoke,The area is not developed,681,annex_18_forest_excisions_considered_illegal.csv
Rift Valley,Uasin Gishu,Eldoret,Eldoret,,Eldoret,3.13,175/315,1991,Industrial development,,M/s Rodah Bett and others,Not occupied,Illegal,Revoke,Area is settled,682,annex_18_forest_excisions_considered_illegal.csv
Rift Valley,Uasin Gishu,Eldoret,Eldoret,,Eldoret,16,Not available,1994,Expansion of cemetery,,Eldoret county council,Not occupied,Illegal,Revoke.,Area is not settled,682,annex_18_forest_excisions_considered_illegal.csv
Rift Valley,Uasin Gishu,Cengalo,North Tinderet,,Cengalo,711.7,Not available,1994,Settle landless people,,Landless People,Not occupied,Illegal,Revoke,An area of 12.14 hectares is being developed for GSU Company. The rest of the area is intact,682,annex_18_forest_excisions_considered_illegal.csv
Rift Valley,West Pokot,Kapenguria,Lelan,,Kaprech Primary School,10.00,Not available,1998,Construction of Kaprech Primary School,,Kaprech Primary School,Not occupied,Illegal,Revoke,The school is not yet built,682,annex_18_forest_excisions_considered_illegal.csv
Rift Valley,Baringo,Katumok,Katimok,,Katmok,13.27,Not available,1988,School Development,,Local community,Occupied,Illegal,Legalise the excision,The area is occupied,682,annex_18_forest_excisions_considered_illegal.csv
Rift Valley,Baringo,Katumok,Katimok,,Katmok,6.79,Not available,1988,Divisional Hqs,,Government,Occupied,Illegal,Legalise,The area is occupied,682,annex_18_forest_excisions_considered_illegal.csv
Rift Valley,Baringo,Katumok,Katimok,,Katmok,8.91,Not available,1988,School Development,,Local community,Occupied,Illegal,Legalise,The area is occupied,682,annex_18_forest_excisions_considered_illegal.csv
Rift Valley,Baringo,Katumok,Katimok,,Katmok,5.01,Not available,1988,Kabarnojo Hospital,,Local community,Occupied,Illegal,Legalise,The area is occupied,682,annex_18_forest_excisions_considered_illegal.csv
Rift Valley,Kajiado,Ngong,Ngong,,Ngong Hills,19.16,Not available,1988,Settlement,,"Putei, Joyce Komongno and Ole Mpayes",Occupied,Illegal,Revoke,The area was granted by D C Kajado,682,annex_18_forest_excisions_considered_illegal.csv
Rift Valley,Nandi,Kimondi,Ururu,,Ururu,18.53,Not available,1988,Farming,,Dr. Yego,Not occupied,Illegal,Revoke,Tea farming established,682,annex_18_forest_excisions_considered_illegal.csv
Rift Valley,Narok,Transmara,Trans-Mara,,Kiptagish,937.70,180/213,1988,Farming,,Daniel Torotich Arap Moi,Occupied,Illegal,Revoke,Tea farming and factory established,682,annex_18_forest_excisions_considered_illegal.csv
Rift Valley,Kajiado,Ololua,Ololua,,Nkaisem Primary School,6.07,Not available,1992,School,,Local communities,Occupied,Illegal,Legalise,Primary school established,682,annex_18_forest_excisions_considered_illegal.csv
Rift Valley,Kajiado,Ololua,Ololua,,Nkaimurunya Primary School,100,Not available,1975,Exchange with 45.244 ha of Mau Mau County Council forest,,Local residents,Occupied,Illegal,Legalise excision and gazette the exchange,Settlement was established,683,annex_18_forest_excisions_considered_illegal.csv
Rift Valley,Narok,Olposimoru,Olposimoru,,Olposimoru,20115,Not available,1987,Exchange with Mr Kandie,,Mr Kandie and Forest Department,Occupied,Illegal,Revoke,The area was allocated by commissioner of lands,683,annex_18_forest_excisions_considered_illegal.csv
Rift Valley,Keiyo,Kipkabus,Kipkabus,,Kipkabus,95.46,175/282,1986,Settlement Area bought from EATEC for pulpwood development,,Landless People,Occupied,Illegal,Legalise exclude ecologically sensitive areas.,The area is settled,683,annex_18_forest_excisions_considered_illegal.csv
Rift Valley,Keiyo,Kipkabus,Kipkabus,,Kipkabus,3916.5,Not available,1983,Extension of Elburgon township,,Elburgon Urban Council,Not occupied,Illegal,Revoke,The area is still forest.,683,annex_18_forest_excisions_considered_illegal.csv
Rift Valley,Nakuru,Elburgon,Eastern Mau,,Eastern Mau,65.16,Not available,1981,Kitale Municipal development programmes,,ASK,Area not occupied,Illegal,Revoke,The area is still forest.,683,annex_18_forest_excisions_considered_illegal.csv
Rift Valley,Trans Nzoia,Kitale,Kitale,,Kitale ASK show ground extension,19.69,175/358,1979,School Development,,Singore Girls school,Occupied,Illegal,Legalise excision,The area is fenced but slightly developed,683,annex_18_forest_excisions_considered_illegal.csv
Rift Valley,Keiyo,Elgeyo,Kapchemu twa,,Singore girls,9.96,180/237,1978,School Development,,Olotokitok community,Occupied,Illegal,Revoke the the proposal and Legalise excision,The area is occupied,683,annex_18_forest_excisions_considered_illegal.csv
Rift Valley,Olosookitok,Olotokitok,Olotokitok,,Olotokitok,43.56,175/275,1975,Settlement,,Landless People,Fully settled,Illegal,Legalise and exclude ecologically sensitive areas,The area is settled,683,annex_18_forest_excisions_considered_illegal.csv
Rift Valley,Laikipia,Marmanet,Marmanet,,Marmanet,1773.3,175/226,1967,Settlement,,Landless,Occupied,Illegal,Legalise and exclude ecologically sensitive areas,The area is settled,683,annex_18_forest_excisions_considered_illegal.csv
Rift Valley,Keiyo,Sabor,Kipssup,,Kesup,378.2,Not available,1992,School,,Local communities,Occupied,Illegal,Legalise,Primary school established,683,annex_18_forest_excisions_considered_illegal.csv
Western,Busia,Sio Port,Wanga,,Wanga,2,Not available,1998,To settle former Minister the late Hon. Okondo.,,Family of the late Hon. Okondo.,Area is developed and settled.,Illegal,Revoke,,684,annex_18_forest_excisions_considered_illegal.csv
Western,Kakamega,Kakamega,Kakamega,,Kakamega Show Ground,40.47,180/234,1992,Relocation of the ASK Show ground from Bukhungu.,,ASK Kakamega Branch.,Area partially occupied,Illegal,Revoke,The area should be reduced. ASK show ground to relocate to Bukhungu,684,annex_18_forest_excisions_considered_illegal.csv
Western,Kakamega,Kakamega,Kakamega,,Kisaina,7.5,Not available,1993,Relocation of Kisaina Primary School from the middle of the forest to the boundary.,,Kisaina Primary School,Area occupied.,Illegal,Legalise,The school is built already,684,annex_18_forest_excisions_considered_illegal.csv
Western,Kakamega,Kakamega,Kakamega,,Mr Shikondi,3.48,180/235,1995,Compensation.,,Mr. Shikondi who was displaced by expansion of Mukumu Girls.,Area already occupied.,Illegal,Legalise,The area is settled.,684,annex_18_forest_excisions_considered_illegal.csv
Western,Lugari,Turbo,Turbo,,Mautuma Settlement,1214.06,Not available,1994,To settle Squatters,,Landless People,Area already occupied,Illegal,Authenticate the list of allottees set aside ecologically sensitive areas and formalize the excision,An area of 1577.86 hectares was surveyed and settled.,684,annex_18_forest_excisions_considered_illegal.csv
Western,Mt Elgon,Kaberua,Mt. Elgon,,Kapsokwo Township Extension,40.47,Not available,1998,Extension Kapsokwoy Township,,Kapsokwoy Town Council.,Area not occupied,Illegal,Revoke,The area is not occupied.,684,annex_18_forest_excisions_considered_illegal.csv
Western,Vihiga,Kibiri,Kakamega,,Shaviringa,36,Not available,1992,Compensation.,,Person displaced by expansion of Mudete Tea Factory,Area already occupied.,Illegal,Legalise the excision,The area is settled,685,annex_18_forest_excisions_considered_illegal.csv
Western,Kakamega,Malava,Kakamega,,Bahai,0.405,Not available,1989,Compensation,,Bahai centre for giving 1 acre for construction of DO's house.,Area not occupied,Illegal,Revoke,The area is not occupied.,685,annex_18_forest_excisions_considered_illegal.csv
Western,Vihiga,Kibiri,Kakamega,,Ishiru,134.8,180/215,1988,Compensation,,Persons displaced by Mbale District Headquarters,Area already occupied 98.8ha,Illegal,Revise the boundary plan to exclude the 36 hectares given in Shaviringa and finalize the de-gazettement of 98.8 hectares in Ishuru,An area of 98.8 hectares is settled.,685,annex_18_forest_excisions_considered_illegal.csv
Western,Kakamega,Kakamega,Kakamega,,Virhembe,17.6,180/209,1987,Compensation,,Persons displaced during expansion of Mukumu Girls.,Area already occupied,Illegal,Finalize the de-gazettement Legalise,The area is settled,685,annex_18_forest_excisions_considered_illegal.csv
Western,Kakamega,Kakamega,Kakamega,,Shikusa Prison Kakamega,4.22,Not available,1981,Meant for juvenile prisoners,,Shikusa Prison,Area partly occupied,Illegal,Review the lease Legalise arrangements and area to be leased,Reduce the area being utilized by Kakamega Prisons,685,annex_18_forest_excisions_considered_illegal.csv
Western,Vihiga,Kibiri,Kakamega,,Kaptik,9.476,180/218,1978,Construction of Kaptik Secondary School,,Kaptik Secondary School,Area already occupied.,Illegal,Legalise,The school is already built.,685,annex_18_forest_excisions_considered_illegal.csv
Western,Mt Elgon District,Kaberua,Mt. Elgon,,Chepyuk,4064.0,Not available,1999,Settlement of squatters,,Landless People,Area partially settled.,Illegal,Investigate excision with a view to settling genuine squatters,The area is already settled.,686,annex_18_forest_excisions_considered_illegal.csv
Central,Nyeri,Gathiuru,Mt. Kenya,,Gathiuru,744.4,175/392,1993,Settlement of squatters,,Unknown,Not occupied,Illegal,Revoke,The area is not settled.,686,annex_18_forest_excisions_considered_illegal.csv
Central,Kirinyaga,Njukiini West,Njukiini West,,Bishop Gitari Njukiini Academy,13.41,175/400,1983,School,,Bishop Gitari Njukiini Academy,Occupied,Illegal,Legalise the excision,A school under the management of A C K is established.,686,annex_18_forest_excisions_considered_illegal.csv
Central,Kiambu,Kinale,Kikuyu escapment,,African inland Mission exchange,4.45,175/381,1960,Exchange with 74.07 ha in King'atua,,AIC Mission,Not occupied,Illegal,Legalise the exchange,This an exchange with 74.08 hectares of forests known as Kigana Forest released to Forest Department by A.J.M. Kiphe.,686,annex_18_forest_excisions_considered_illegal.csv
Rift Valley,Laikipia,Rumuruti,Lariak,,Rumuruti,149.1,175/222,1976,Exchange 127.3 ha neighbouring Lariak forest reserve,,Mr. Mwendia and Forest Department.,Not occupied,Illegal,Revoke,The exchange transaction is not complete,686,annex_18_forest_excisions_considered_illegal.csv
